자치구,안심귀갓길 명,위도,경도
강남구,강남안심01,37.502872,127.026097
강남구,강남안심01,37.502872,127.026097
강남구,강남안심01,37.502869,127.026284
강남구,강남안심01,37.502932,127.026578
강남구,강남안심01,37.502988,127.026762
강남구,강남안심01,37.502988,127.026762
강남구,강남안심01,37.503051,127.026964
강남구,강남안심01,37.503158,127.027312
강남구,강남안심01,37.503158,127.027312
강남구,강남안심01,37.503321,127.027838
강남구,강남안심01,37.50337885,127.0280721
강남구,강남안심01,37.50337885,127.0280721
강남구,강남안심01,37.503483,127.028223
강남구,강남안심01,37.503467,127.028265
강남구,강남안심01,37.503783,127.028516
강남구,강남안심01,37.503883,127.028616
강남구,강남안심01,37.504153,127.028857
강남구,강남안심01,37.50427,127.028946
강남구,강남안심01,37.504341,127.028891
강남구,강남안심01,37.504489,127.029048
강남구,강남안심01,37.504602,127.029245
강남구,강남안심01,37.50491,127.029521
강남구,강남안심01,37.504942,127.029486
강남구,강남안심01,37.505035,127.029514
강남구,강남안심01,37.505035,127.029514
강남구,강남안심01,37.505005,127.029585
강남구,강남안심01,37.505005,127.029585
강남구,강남안심02,37.506301,127.039825
강남구,강남안심02,37.506301,127.039825
강남구,강남안심02,37.506206,127.03957
강남구,강남안심02,37.506119,127.039284
강남구,강남안심02,37.505962,127.03896
강남구,강남안심02,37.505962,127.03896
강남구,강남안심02,37.505895,127.038745
강남구,강남안심02,37.505862,127.038581
강남구,강남안심02,37.505789,127.038376
강남구,강남안심02,37.505789,127.038376
강남구,강남안심02,37.505789,127.038376
강남구,강남안심02,37.50582128,127.0383357
강남구,강남안심02,37.505741,127.038283
강남구,강남안심02,37.505741,127.038283
강남구,강남안심02,37.505741,127.038283
강남구,강남안심02,37.505668,127.037987
강남구,강남안심02,37.505643,127.037909
강남구,강남안심02,37.505643,127.037909
강남구,강남안심02,37.505544,127.037565
강남구,강남안심02,37.505544,127.037565
강남구,강남안심02,37.50549,127.037363
강남구,강남안심02,37.505407,127.037109
강남구,강남안심02,37.505407,127.037109
강남구,강남안심02,37.505271,127.036622
강남구,강남안심02,37.505109,127.036488
강남구,강남안심02,37.505109,127.036488
강남구,강남안심02,37.505091,127.036395
강남구,강남안심02,37.505091,127.036395
강남구,강남안심02,37.505091,127.036395
강남구,강남안심02,37.505091,127.036395
강남구,강남안심02,37.50512,127.036434
강남구,강남안심02,37.505021,127.036217
강남구,강남안심02,37.505054,127.036193
강남구,강남안심02,37.504986,127.035899
강남구,강남안심02,37.504941,127.035933
강남구,강남안심02,37.504941,127.035933
강남구,강남안심02,37.50529114,127.0357903
강남구,강남안심02,37.505607,127.0356382
강남구,강남안심02,37.5057512,127.0355693
강남구,강남안심02,37.5058954,127.0355033
강남구,강남안심02,37.506163,127.035345
강남구,강남안심02,37.506263,127.035358
강남구,강남안심02,37.506244,127.03533
강남구,강남안심02,37.506244,127.03533
강남구,강남안심02,37.506244,127.03533
강남구,강남안심02,37.50632112,127.0353397
강남구,강남안심03,37.508449,127.02538
강남구,강남안심03,37.508449,127.02538
강남구,강남안심03,37.508449,127.02538
강남구,강남안심03,37.508449,127.02538
강남구,강남안심03,37.508355,127.025076
강남구,강남안심03,37.50831,127.024988
강남구,강남안심03,37.508248,127.024745
강남구,강남안심03,37.50815218,127.0243314
강남구,강남안심03,37.50815218,127.0243314
강남구,강남안심03,37.507988,127.02419
강남구,강남안심03,37.507673,127.023861
강남구,강남안심03,37.507673,127.023861
강남구,강남안심03,37.507673,127.023861
강남구,강남안심03,37.507673,127.023861
강남구,강남안심03,37.507264,127.023496
강남구,강남안심04,37.50702231,127.0312199
강남구,강남안심04,37.507097,127.031201
강남구,강남안심04,37.507133,127.031142
강남구,강남안심04,37.50722831,127.0310878
강남구,강남안심04,37.50722831,127.0310878
강남구,강남안심04,37.50722831,127.0310878
강남구,강남안심04,37.50722831,127.0310878
강남구,강남안심04,37.50722831,127.0310878
강남구,강남안심04,37.507399,127.031016
강남구,강남안심04,37.507653,127.030913
강남구,강남안심04,37.507653,127.030913
강남구,강남안심04,37.507653,127.030913
강남구,강남안심04,37.507738,127.030899
강남구,강남안심04,37.507943,127.030756
강남구,강남안심04,37.507943,127.030756
강남구,강남안심04,37.507943,127.030756
강남구,강남안심04,37.508266,127.030577
강남구,강남안심04,37.508266,127.030577
강남구,강남안심04,37.508266,127.030577
강남구,강남안심04,37.508266,127.030577
강남구,강남안심04,37.5084666,127.0304017
강남구,강남안심04,37.508463,127.030317
강남구,강남안심04,37.508671,127.030045
강남구,강남안심04,37.508701,127.029888
강남구,강남안심04,37.508707,127.029843
강남구,강남안심04,37.508707,127.029843
강남구,강남안심04,37.508707,127.029843
강남구,강남안심04,37.508707,127.029843
강남구,강남안심04,37.508892,127.029545
강남구,강남안심04,37.508892,127.029545
강남구,강남안심04,37.508892,127.029545
강남구,강남안심04,37.50907,127.029235
강남구,강남안심04,37.50911,127.029288
강남구,강남안심04,37.50911,127.029288
강남구,강남안심04,37.509097,127.029179
강남구,강남안심04,37.509346,127.028881
강남구,강남안심04,37.509346,127.028881
강남구,강남안심04,37.509346,127.028881
강남구,강남안심04,37.5093435,127.0288536
강남구,강남안심04,37.509393,127.028668
강남구,강남안심04,37.509393,127.028668
강남구,강남안심04,37.509393,127.028668
강남구,강남안심04,37.509393,127.028668
강남구,강남안심05,37.50884831,127.0368709
강남구,강남안심05,37.50884831,127.0368709
강남구,강남안심05,37.50874299,127.0370088
강남구,강남안심05,37.5091665,127.0365982
강남구,강남안심05,37.50931983,127.0366212
강남구,강남안심05,37.50931983,127.0366212
강남구,강남안심05,37.50930615,127.0364632
강남구,강남안심05,37.50930615,127.0364632
강남구,강남안심05,37.50955449,127.0363613
강남구,강남안심05,37.50965979,127.036258
강남구,강남안심05,37.50976281,127.0361632
강남구,강남안심05,37.50980633,127.0360253
강남구,강남안심05,37.50996426,127.0359651
강남구,강남안심05,37.51000321,127.0358329
강남구,강남안심05,37.51000321,127.0358329
강남구,강남안심05,37.51016342,127.0357899
강남구,강남안심05,37.51016342,127.0357899
강남구,강남안심05,37.510297,127.035612
강남구,강남안심05,37.510297,127.035612
강남구,강남안심05,37.51070642,127.0353644
강남구,강남안심05,37.51089183,127.0352553
강남구,강남안심05,37.51104844,127.0352213
강남구,강남안심05,37.51107133,127.0351983
강남구,강남안심05,37.511243,127.0351122
강남구,강남안심05,37.511243,127.0351122
강남구,강남안심05,37.51138033,127.0350462
강남구,강남안심05,37.51138033,127.0350462
강남구,강남안심05,37.51153368,127.0349917
강남구,강남안심05,37.51153368,127.0349917
강남구,강남안심05,37.51155427,127.0350147
강남구,강남안심05,37.51179777,127.0348284
강남구,강남안심05,37.5118573,127.0347394
강남구,강남안심05,37.5118573,127.0347394
강남구,강남안심05,37.51188018,127.0347595
강남구,강남안심05,37.51214797,127.0346505
강남구,강남안심05,37.51232651,127.0345414
강남구,강남안심05,37.51232651,127.0345414
강남구,강남안심05,37.51239972,127.0346276
강남구,강남안심05,37.5127167,127.0345746
강남구,강남안심05,37.5127167,127.0345746
강남구,강남안심05,37.51298449,127.0344713
강남구,강남안심05,37.51305085,127.0345029
강남구,강남안심05,37.51305085,127.0345029
강남구,강남안심05,37.51334837,127.0344858
강남구,강남안심05,37.51353832,127.0344687
강남구,강남안심05,37.51376488,127.034486
강남구,강남안심05,37.51376718,127.0344487
강남구,강남안심05,37.51376718,127.0344487
강남구,강남안심05,37.51394111,127.0344488
강남구,강남안심05,37.51416081,127.0344402
강남구,강남안심05,37.51441482,127.0345179
강남구,강남안심05,37.51447207,127.0344059
강남구,강남안심05,37.51447207,127.0344059
강남구,강남안심05,37.51460023,127.0343973
강남구,강남안심05,37.51460023,127.0343973
강남구,강남안심05,37.50931983,127.0366212
강남구,강남안심05,37.510297,127.035612
강남구,강남안심05,37.511243,127.0351122
강남구,강남안심05,37.51376718,127.0344487
강남구,강남안심05,37.51447207,127.0344059
강남구,강남안심06,37.51766842,127.0400533
강남구,강남안심06,37.51766842,127.0400533
강남구,강남안심06,37.51767528,127.0400849
강남구,강남안심06,37.51776218,127.0402746
강남구,강남안심06,37.51828637,127.0399329
강남구,강남안심06,37.5184443,127.0398756
강남구,강남안심06,37.51864798,127.0398872
강남구,강남안심06,37.51885627,127.0397781
강남구,강남안심06,37.51885627,127.0397781
강남구,강남안심06,37.51914695,127.0397007
강남구,강남안심06,37.51914009,127.0396748
강남구,강남안심06,37.51914009,127.0396748
강남구,강남안심06,37.51927743,127.0395829
강남구,강남안심06,37.51942162,127.0395658
강남구,강남안심06,37.51960704,127.0394222
강남구,강남안심06,37.51960704,127.0394222
강남구,강남안심06,37.51960933,127.0393992
강남구,강남안심06,37.51960933,127.0393992
강남구,강남안심06,37.51997553,127.0393103
강남구,강남안심06,37.52016548,127.0393191
강남구,강남안심06,37.52022499,127.0392875
강남구,강남안심06,37.52022499,127.0392875
강남구,강남안심06,37.52037837,127.0391497
강남구,강남안심06,37.52037837,127.0391497
강남구,강남안심06,37.52036463,127.0391784
강남구,강남안심06,37.52050425,127.0391066
강남구,강남안심06,37.52079265,127.038989
강남구,강남안심06,37.52112911,127.0388598
강남구,강남안심06,37.52111765,127.0388972
강남구,강남안심06,37.52116113,127.0389087
강남구,강남안심06,37.52139234,127.0387106
강남구,강남안심06,37.52139234,127.0387106
강남구,강남안심06,37.52139004,127.0387451
강남구,강남안심06,37.52141976,127.0388485
강남구,강남안심06,37.52165553,127.0386877
강남구,강남안심06,37.5219851,127.0386189
강남구,강남안심06,37.52206984,127.0384437
강남구,강남안심06,37.52206525,127.0384839
강남구,강남안심06,37.5221293,127.0385673
강남구,강남안심06,37.5221293,127.0385673
강남구,강남안심06,37.52235819,127.0384496
강남구,강남안심06,37.5223788,127.0384123
강남구,강남안심07,37.51508994,127.032771
강남구,강남안심07,37.51508994,127.032771
강남구,강남안심07,37.51529596,127.0325873
강남구,강남안심07,37.51528679,127.0326706
강남구,강남안심07,37.51536914,127.0327769
강남구,강남안심07,37.51536914,127.0327769
강남구,강남안심07,37.51545385,127.0326592
강남구,강남안심07,37.51567585,127.0326276
강남구,강남안심07,37.5158979,127.0324065
강남구,강남안심07,37.51609016,127.0323204
강남구,강남안심07,37.51609016,127.0323204
강남구,강남안심07,37.51626182,127.0322544
강남구,강남안심07,37.5164518,127.0321482
강남구,강남안심07,37.5164518,127.0321482
강남구,강남안심07,37.5164518,127.0321482
강남구,강남안심07,37.5165455,127.0326453
강남구,강남안심07,37.51665983,127.0329872
강남구,강남안심07,37.51666668,127.0330188
강남구,강남안심07,37.51666668,127.0330188
강남구,강남안심07,37.51676965,127.0330878
강남구,강남안심07,37.51676965,127.0330878
강남구,강남안심07,37.51692986,127.0330534
강남구,강남안심07,37.51711752,127.0330564
강남구,강남안심07,37.51723195,127.0330464
강남구,강남안심07,37.51740359,127.0330436
강남구,강남안심07,37.51755692,127.0330494
강남구,강남안심07,37.51768737,127.0330523
강남구,강남안심07,37.51787274,127.033038
강남구,강남안심07,37.51811304,127.0330324
강남구,강남안심07,37.51843344,127.0330297
강남구,강남안심07,37.51843344,127.0330297
강남구,강남안심07,37.51844031,127.0330038
강남구,강남안심07,37.51844031,127.0330038
강남구,강남안심07,37.51859367,127.0329234
강남구,강남안심07,37.51872414,127.0328574
강남구,강남안심07,37.51891869,127.0327569
강남구,강남안심07,37.51902627,127.0327024
강남구,강남안심07,37.51902627,127.0327024
강남구,강남안심07,37.51905144,127.0326938
강남구,강남안심07,37.51919564,127.032622
강남구,강남안심07,37.51939019,127.0325273
강남구,강남안심07,37.51951836,127.0325072
강남구,강남안심07,37.51980447,127.0323522
강남구,강남안심07,37.52009057,127.0322201
강남구,강남안심07,37.52014551,127.0321943
강남구,강남안심07,37.52014551,127.0321943
강남구,강남안심07,37.5201478,127.0321713
강남구,강남안심07,37.520173,127.0320966
강남구,강남안심07,37.52031717,127.0320995
강남구,강남안심07,37.52031717,127.0320995
강남구,강남안심07,37.52068796,127.0319589
강남구,강남안심08,37.51678201,127.0524209
강남구,강남안심08,37.51678201,127.0524209
강남구,강남안심08,37.51662708,127.0523639
강남구,강남안심08,37.51662708,127.0523639
강남구,강남안심08,37.51675816,127.0524418
강남구,강남안심08,37.51690353,127.0525526
강남구,강남안심08,37.51708462,127.0527473
강남구,강남안심08,37.51703215,127.0527892
강남구,강남안심08,37.51703215,127.0527892
강남구,강남안심08,37.51748732,127.0531367
강남구,강남안심08,37.51760406,127.0532924
강남구,강남안심08,37.51771844,127.0533942
강남구,강남안심08,37.51773512,127.0534211
강남구,강남안심08,37.51773512,127.0534211
강남구,강남안심08,37.51777088,127.0534152
강남구,강남안심08,37.51775418,127.0534451
강남구,강남안심08,37.51806305,127.0536519
강남구,강남안심08,37.51813814,127.0537432
강남구,강남안심08,37.51821809,127.0538163
강남구,강남안심08,37.51830287,127.0539107
강남구,강남안심08,37.51830287,127.0539107
강남구,강남안심08,37.51844096,127.0540355
강남구,강남안심08,37.51859115,127.0541817
강남구,강남안심08,37.51877039,127.0544055
강남구,강남안심08,37.51872681,127.0543202
강남구,강남안심08,37.51886003,127.0544664
강남구,강남안심08,37.51886003,127.0544664
강남구,강남안심08,37.51883581,127.0544481
강남구,강남안심08,37.51883581,127.0544481
강남구,강남안심08,37.51899812,127.0545973
강남구,강남안심08,37.51918465,127.054777
강남구,강남안심08,37.51938085,127.0550205
강남구,강남안심10,37.512008,127.050492
강남구,강남안심10,37.511748,127.050775
강남구,강남안심10,37.511611,127.050906
강남구,강남안심10,37.51143531,127.0510597
강남구,강남안심10,37.511408,127.051087
강남구,강남안심10,37.511408,127.051087
강남구,강남안심10,37.51127963,127.0511947
강남구,강남안심10,37.51127963,127.0511947
강남구,강남안심10,37.511214,127.051227
강남구,강남안심10,37.51110903,127.0514215
강남구,강남안심10,37.510918,127.051492
강남구,강남안심10,37.51096935,127.0516082
강남구,강남안심10,37.510621,127.051806
강남구,강남안심10,37.510621,127.051806
강남구,강남안심10,37.51063053,127.0518607
강남구,강남안심10,37.51047712,127.0520502
강남구,강남안심10,37.51047712,127.0520502
강남구,강남안심10,37.51047712,127.0520502
강남구,강남안심10,37.510327,127.052077
강남구,강남안심10,37.51030768,127.0522369
강남구,강남안심10,37.51018,127.052243
강남구,강남안심10,37.509997,127.052498
강남구,강남안심10,37.509855,127.052577
강남구,강남안심10,37.509855,127.052577
강남구,강남안심10,37.509855,127.052577
강남구,강남안심10,37.50988,127.052613
강남구,강남안심10,37.509759,127.052727
강남구,강남안심10,37.509486,127.05294
강남구,강남안심10,37.509286,127.05317
강남구,강남안심10,37.509261,127.053148
강남구,강남안심10,37.509261,127.053148
강남구,강남안심10,37.509209,127.053205
강남구,강남안심10,37.509209,127.053205
강남구,강남안심10,37.509045,127.053465
강남구,강남안심10,37.508917,127.053497
강남구,강남안심10,37.508838,127.053698
강남구,강남안심10,37.508838,127.053698
강남구,강남안심10,37.508838,127.053698
강남구,강남안심10,37.508757,127.053633
강남구,강남안심11,37.51250522,127.0434351
강남구,강남안심11,37.51244877,127.0435517
강남구,강남안심11,37.51244877,127.0435517
강남구,강남안심11,37.51254257,127.0436179
강남구,강남안심11,37.51255335,127.0438007
강남구,강남안심11,37.51266066,127.0440793
강남구,강남안심11,37.51278254,127.0445058
강남구,강남안심11,37.51278254,127.0445058
강남구,강남안심11,37.51281687,127.0445115
강남구,강남안심11,37.51281687,127.0445115
강남구,강남안심11,37.51280075,127.0447557
강남구,강남안심11,37.51300424,127.045273
강남구,강남안심11,37.51304309,127.0454166
강남구,강남안심11,37.51305672,127.0456752
강남구,강남안심11,37.51308871,127.045816
강남구,강남안심11,37.51308871,127.045816
강남구,강남안심11,37.51313673,127.0459137
강남구,강남안심11,37.51319387,127.0461005
강남구,강남안심11,37.51330823,127.0462787
강남구,강남안심11,37.51339969,127.0464885
강남구,강남안심11,37.51339969,127.0464885
강남구,강남안심11,37.51338594,127.0465201
강남구,강남안심11,37.51338594,127.0465201
강남구,강남안심11,37.51339508,127.0465546
강남구,강남안심11,37.51340414,127.0467959
강남구,강남안심11,37.5135025,127.0469166
강남구,강남안심11,37.51352069,127.0472212
강남구,강남안심11,37.51352069,127.0472212
강남구,강남안심11,37.51361449,127.0472873
강남구,강남안심11,37.51366706,127.0474655
강남구,강남안심11,37.51372191,127.0476494
강남구,강남안심11,37.51377675,127.0478448
강남구,강남안심11,37.51377675,127.0478448
강남구,강남안심11,37.51379276,127.0478764
강남구,강남안심11,37.51379276,127.0478764
강남구,강남안심11,37.51390245,127.0482729
강남구,강남안심11,37.51394368,127.0485764
강남구,강남안심11,37.51400072,127.0486005
강남구,강남안심11,37.51402357,127.0486982
강남구,강남안심11,37.51404174,127.04902
강남구,강남안심11,37.51402571,127.0490545
강남구,강남안심11,37.51402571,127.0490545
강남구,강남안심11,37.51420412,127.0492844
강남구,강남안심11,37.51414226,127.0494568
강남구,강남안심11,37.51417201,127.0494482
강남구,강남안심11,37.51417201,127.0494482
강남구,강남안심11,37.51431152,127.0496839
강남구,강남안심11,37.51431152,127.0496839
강남구,강남안심11,37.51432696,127.0498515
강남구,강남안심11,37.51435248,127.0502326
강남구,강남안심11,37.51435248,127.0502326
강남구,강남안심11,37.51432501,127.050247
강남구,강남안심11,37.51436848,127.0502671
강남구,강남안심11,37.51445532,127.0505574
강남구,강남안심11,37.51450559,127.0507441
강남구,강남안심11,37.51468177,127.0508362
강남구,강남안심11,37.51459933,127.0509597
강남구,강남안심11,37.51463589,127.0511005
강남구,강남안심11,37.51467472,127.0512528
강남구,강남안심11,37.51471357,127.0513993
강남구,강남안심11,37.51476155,127.0515689
강남구,강남안심11,37.51483241,127.05177
강남구,강남안심11,37.51488954,127.0519539
강남구,강남안심11,37.51507488,127.0520403
강남구,강남안심12,37.51971444,127.0466506
강남구,강남안심12,37.51971444,127.0466506
강남구,강남안심12,37.51976705,127.0467196
강남구,강남안심12,37.51976705,127.0467196
강남구,강남안심12,37.51986087,127.0467456
강남구,강남안심12,37.52002339,127.0466537
강남구,강남안심12,37.5202271,127.0465964
강남구,강남안심12,37.52054066,127.0465075
강남구,강남안심12,37.52054066,127.0465075
강남구,강남안심12,37.52052692,127.0465362
강남구,강남안심12,37.52052692,127.0465362
강남구,강남안심12,37.52086096,127.0467519
강남구,강남안심12,37.52099596,127.046821
강남구,강남안심12,37.52103486,127.0468325
강남구,강남안심12,37.52116526,127.0469418
강남구,강남안심12,37.52116525,127.0469676
강남구,강남안심12,37.52116525,127.0469676
강남구,강남안심12,37.52134594,127.0470184
강남구,강남안심12,37.52134594,127.0470184
강남구,강남안심12,37.52158189,127.0471624
강남구,강남안심12,37.52185221,127.0473179
강남구,강남안심12,37.52185221,127.0473179
강남구,강남안심12,37.52188428,127.0473524
강남구,강남안심12,37.52206297,127.0474446
강남구,강남안심12,37.5222279,127.0475512
강남구,강남안심12,37.52232412,127.0475944
강남구,강남안심12,37.52250511,127.0476779
강남구,강남안심12,37.52259674,127.0477355
강남구,강남안심12,37.52259674,127.0477355
강남구,강남안심12,37.52268609,127.0477758
강남구,강남안심12,37.5227342,127.0477759
강남구,강남안심12,37.52279834,127.0478306
강남구,강남안심12,37.52283727,127.0478996
강남구,강남안심13,37.52489438,127.0502834
강남구,강남안심13,37.52521924,127.0505479
강남구,강남안심13,37.52534735,127.0506601
강남구,강남안심13,37.52539763,127.0508153
강남구,강남안심13,37.52539763,127.0508153
강남구,강남안심13,37.52565618,127.0509362
강남구,강남안심13,37.52582777,127.0510512
강남구,강남안심13,37.52582777,127.0510512
강남구,강남안심13,37.52593066,127.0512725
강남구,강남안심13,37.52624405,127.0515888
강남구,강남안심13,37.52624405,127.0515888
강남구,강남안심13,37.52628068,127.0515802
강남구,강남안심13,37.52628068,127.0515802
강남구,강남안심13,37.52631501,127.0515716
강남구,강남안심13,37.52652543,127.0518448
강남구,강남안심13,37.526641,127.051901
강남구,강남안심13,37.52682971,127.0520634
강남구,강남안심13,37.5270058,127.0523508
강남구,강남안심13,37.52712929,127.0525722
강남구,강남안심13,37.52712929,127.0525722
강남구,강남안심13,37.52714301,127.0526038
강남구,강남안심13,37.52714301,127.0526038
강남구,강남안심13,37.52715669,127.052713
강남구,강남안심13,37.5271933,127.0527331
강남구,강남안심13,37.52726873,127.0529343
강남구,강남안심13,37.52733739,127.0529229
강남구,강남안심13,37.52746316,127.0531529
강남구,강남안심13,37.52752718,127.0532822
강남구,강남안심13,37.52752718,127.0532822
강남구,강남안심15,37.52272536,127.0257986
강남구,강남안심15,37.52272536,127.0257986
강남구,강남안심15,37.52273223,127.0257699
강남구,강남안심15,37.52272536,127.0257986
강남구,강남안심15,37.522597,127.025568
강남구,강남안심15,37.522597,127.025568
강남구,강남안심15,37.522537,127.02549
강남구,강남안심15,37.52244856,127.0252383
강남구,강남안심15,37.5223,127.024966
강남구,강남안심15,37.522209,127.024902
강남구,강남안심15,37.522111,127.024585
강남구,강남안심15,37.522111,127.024585
강남구,강남안심15,37.522111,127.024585
강남구,강남안심15,37.522111,127.024585
강남구,강남안심15,37.522081,127.02459
강남구,강남안심15,37.522034,127.024593
강남구,강남안심15,37.521979,127.024568
강남구,강남안심15,37.521806,127.024707
강남구,강남안심15,37.521614,127.024854
강남구,강남안심15,37.521614,127.024854
강남구,강남안심15,37.521586,127.024967
강남구,강남안심15,37.52147826,127.0250684
강남구,강남안심15,37.521389,127.025059
강남구,강남안심15,37.521389,127.025059
강남구,강남안심15,37.521405,127.025065
강남구,강남안심15,37.52120358,127.0252953
강남구,강남안심15,37.52073,127.025644
강남구,강남안심15,37.52073,127.025644
강남구,강남안심15,37.520695,127.025778
강남구,강남안심15,37.520695,127.025778
강남구,강남안심15,37.520695,127.025778
강남구,강남안심15,37.520695,127.025778
강남구,강남안심17,37.527043,127.029246
강남구,강남안심17,37.526955,127.029181
강남구,강남안심17,37.526955,127.029181
강남구,강남안심17,37.526877,127.029298
강남구,강남안심17,37.526918,127.029242
강남구,강남안심17,37.526918,127.029242
강남구,강남안심17,37.526858,127.029204
강남구,강남안심17,37.526858,127.029204
강남구,강남안심17,37.526552,127.02951
강남구,강남안심17,37.52647,127.029905
강남구,강남안심17,37.52647,127.029905
강남구,강남안심17,37.52647,127.029905
강남구,강남안심17,37.52647,127.029905
강남구,강남안심17,37.526452,127.029989
강남구,강남안심17,37.526463,127.03036
강남구,강남안심17,37.526435,127.030447
강남구,강남안심17,37.526484,127.0306
강남구,강남안심17,37.526437,127.030648
강남구,강남안심17,37.526492,127.030705
강남구,강남안심17,37.526492,127.030705
강남구,강남안심17,37.526492,127.030705
강남구,강남안심17,37.526492,127.030705
강남구,강남안심17,37.526424,127.030999
강남구,강남안심17,37.52646,127.031066
강남구,강남안심17,37.526488,127.031188
강남구,강남안심17,37.526418,127.031464
강남구,강남안심17,37.52639533,127.0315506
강남구,강남안심17,37.52639533,127.0315506
강남구,강남안심17,37.52639533,127.0315506
강남구,강남안심17,37.526461,127.031568
강남구,강남안심17,37.526467,127.031931
강남구,강남안심17,37.526455,127.032175
강남구,강남안심17,37.52644,127.032379
강남구,강남안심17,37.526435,127.032675
강남구,강남안심17,37.52640235,127.032747
강남구,강남안심18,37.50919488,127.0441061
강남구,강남안심18,37.509096,127.043947
강남구,강남안심18,37.509096,127.043947
강남구,강남안심18,37.509096,127.043947
강남구,강남안심18,37.509096,127.043947
강남구,강남안심18,37.508977,127.043509
강남구,강남안심18,37.50896,127.043177
강남구,강남안심18,37.50896,127.043177
강남구,강남안심18,37.509044,127.042747
강남구,강남안심18,37.509044,127.042747
강남구,강남안심18,37.509044,127.042747
강남구,강남안심18,37.508971,127.042538
강남구,강남안심18,37.508941,127.042165
강남구,강남안심18,37.508841,127.042045
강남구,강남안심18,37.508841,127.042045
강남구,강남안심18,37.50887528,127.0419341
강남구,강남안심18,37.50879524,127.0417559
강남구,강남안심18,37.508771,127.041596
강남구,강남안심18,37.508707,127.041627
강남구,강남안심18,37.508681,127.041314
강남구,강남안심18,37.508605,127.041318
강남구,강남안심18,37.508562,127.041112
강남구,강남안심18,37.508562,127.041112
강남구,강남안심18,37.508475,127.040809
강남구,강남안심18,37.508519,127.04072
강남구,강남안심18,37.508399,127.040315
강남구,강남안심18,37.508399,127.040315
강남구,강남안심18,37.508229,127.040189
강남구,강남안심18,37.508067,127.040149
강남구,강남안심18,37.508064,127.04007
강남구,강남안심18,37.508064,127.04007
강남구,강남안심19,37.51327345,127.0301395
강남구,강남안심19,37.51326199,127.0301855
강남구,강남안심19,37.51326199,127.0301855
강남구,강남안심19,37.51297133,127.0302457
강남구,강남안심19,37.51297133,127.0302457
강남구,강남안심19,37.51290722,127.0303577
강남구,강남안심19,37.51266919,127.0304697
강남구,강남안심19,37.51234188,127.0306419
강남구,강남안심19,37.51234188,127.0306419
강남구,강남안심19,37.51233733,127.0305528
강남구,강남안심19,37.51220457,127.0306102
강남구,강남안심19,37.51203061,127.0307251
강남구,강남안심19,37.51182232,127.0308715
강남구,강남안심19,37.51182232,127.0308715
강남구,강남안심19,37.51179715,127.0308629
강남구,강남안심19,37.51179715,127.0308629
강남구,강남안심19,37.51179492,127.0306072
강남구,강남안심19,37.51163248,127.0304606
강남구,강남안심19,37.5117126,127.0303429
강남구,강남안심19,37.51149754,127.0301216
강남구,강남안심19,37.51151585,127.0301158
강남구,강남안심19,37.51151585,127.0301158
강남구,강남안심19,37.51154332,127.0300612
강남구,강남안심19,37.51157536,127.0300641
강남구,강남안심19,37.51145872,127.0297797
강남구,강남안심19,37.51138782,127.0295929
강남구,강남안심19,37.51138782,127.0295929
강남구,강남안심19,37.51137867,127.029567
강남구,강남안심19,37.51137867,127.029567
강남구,강남안심20,37.51219,127.051287
강남구,강남안심20,37.512107,127.051345
강남구,강남안심20,37.511885,127.051571
강남구,강남안심20,37.511741,127.051735
강남구,강남안심20,37.511741,127.051735
강남구,강남안심20,37.511686,127.051781
강남구,강남안심20,37.511686,127.051781
강남구,강남안심20,37.511567,127.051848
강남구,강남안심20,37.511226,127.052196
강남구,강남안심20,37.511196,127.052201
강남구,강남안심20,37.511196,127.052201
강남구,강남안심20,37.511166,127.052207
강남구,강남안심20,37.511196,127.052296
강남구,강남안심20,37.511196,127.052296
강남구,강남안심20,37.51107,127.052382
강남구,강남안심20,37.510894,127.052523
강남구,강남안심20,37.510603,127.052824
강남구,강남안심20,37.510433,127.053083
강남구,강남안심20,37.510433,127.053083
강남구,강남안심20,37.510385,127.053069
강남구,강남안심20,37.5102,127.053229
강남구,강남안심20,37.510168,127.053221
강남구,강남안심20,37.510129,127.053223
강남구,강남안심20,37.510108,127.05329
강남구,강남안심20,37.510156,127.053313
강남구,수서안심01,37.48961,127.0331862
강남구,수서안심01,37.48950383,127.0333781
강남구,수서안심01,37.48950383,127.0333781
강남구,수서안심01,37.48950383,127.0333781
강남구,수서안심01,37.48950383,127.0333781
강남구,수서안심01,37.4893009,127.0335954
강남구,수서안심01,37.48906459,127.0338215
강남구,수서안심01,37.48901,127.033912
강남구,수서안심01,37.48902619,127.0338146
강남구,수서안심01,37.48902619,127.0338146
강남구,수서안심01,37.488841,127.034124
강남구,수서안심01,37.488841,127.034124
강남구,수서안심01,37.48867025,127.0343275
강남구,수서안심01,37.48867025,127.0343275
강남구,수서안심01,37.48854224,127.0344802
강남구,수서안심01,37.48854224,127.0344802
강남구,수서안심01,37.48853602,127.0344254
강남구,수서안심01,37.48823941,127.0347895
강남구,수서안심01,37.4880802,127.0349226
강남구,수서안심01,37.48792413,127.0350009
강남구,수서안심01,37.48781176,127.0350517
강남구,수서안심01,37.48960063,127.0332019
강남구,수서안심01,37.48746214,127.0352631
강남구,수서안심03,37.50173448,127.0552074
강남구,수서안심03,37.50173448,127.0552074
강남구,수서안심03,37.50139579,127.055187
강남구,수서안심03,37.50128822,127.0552013
강남구,수서안심03,37.50121731,127.0551295
강남구,수서안심03,37.50114408,127.055115
강남구,수서안심03,37.50114408,127.055115
강남구,수서안심03,37.50105478,127.0552069
강남구,수서안심03,37.50105478,127.0552069
강남구,수서안심03,37.50090603,127.0551924
강남구,수서안심03,37.50069324,127.055109
강남구,수서안심03,37.50069324,127.055109
강남구,수서안심03,37.50059936,127.0552037
강남구,수서안심03,37.50052615,127.0551491
강남구,수서안심03,37.50052615,127.0551491
강남구,수서안심03,37.50045752,127.0550916
강남구,수서안심03,37.50045752,127.0550916
강남구,수서안심03,37.50033623,127.0551001
강남구,수서안심03,37.50032709,127.0550656
강남구,수서안심03,37.50010736,127.0551143
강남구,수서안심03,37.50010736,127.0551143
강남구,수서안심03,37.49994259,127.0551084
강남구,수서안심03,37.49986478,127.055117
강남구,수서안심03,37.49986478,127.055117
강남구,수서안심03,37.49983279,127.0549906
강남구,수서안심03,37.49980072,127.0550566
강남구,수서안심04,37.50397318,127.0589205
강남구,수서안심04,37.50397539,127.0590785
강남구,수서안심04,37.50397539,127.0590785
강남구,수서안심04,37.50397539,127.0590785
강남구,수서안심04,37.50397539,127.0590785
강남구,수서안심04,37.50408977,127.0591705
강남구,수서안심04,37.50412404,127.0592998
강남구,수서안심04,37.50408736,127.0594147
강남구,수서안심04,37.50425202,127.0596503
강남구,수서안심04,37.50425202,127.0596503
강남구,수서안심04,37.50425202,127.0596503
강남구,수서안심04,37.5043137,127.0598745
강남구,수서안심04,37.50430215,127.0600842
강남구,수서안심04,37.50450568,127.0603773
강남구,수서안심04,37.50445523,127.0605755
강남구,수서안심04,37.50455133,127.0606129
강남구,수서안심04,37.50452843,127.0606502
강남구,수서안심04,37.50465638,127.0610525
강남구,수서안심04,37.50465638,127.0610525
강남구,수서안심04,37.50465638,127.0610525
강남구,수서안심04,37.50465638,127.0610525
강남구,수서안심04,37.50439773,127.0611327
강남구,수서안심04,37.50422835,127.0611872
강남구,수서안심04,37.50411854,127.0611153
강남구,수서안심04,37.50404066,127.061233
강남구,수서안심04,37.50404066,127.061233
강남구,수서안심04,37.50404066,127.061233
강남구,수서안심05,37.479056,127.046911
강남구,수서안심05,37.479056,127.046911
강남구,수서안심05,37.47934354,127.0469682
강남구,수서안심05,37.47934354,127.0469682
강남구,수서안심05,37.4794161,127.0470666
강남구,수서안심05,37.4794161,127.0470666
강남구,수서안심05,37.479595,127.047013
강남구,수서안심05,37.479595,127.047013
강남구,수서안심05,37.47980238,127.046932
강남구,수서안심05,37.47980238,127.046932
강남구,수서안심05,37.47980238,127.046932
강남구,수서안심05,37.47985165,127.0471616
강남구,수서안심05,37.479952,127.047086
강남구,수서안심05,37.48008396,127.0471836
강남구,수서안심05,37.480246,127.047208
강남구,수서안심05,37.480416,127.04718
강남구,수서안심05,37.480416,127.04718
강남구,수서안심05,37.48046725,127.0472859
강남구,수서안심05,37.48046725,127.0472859
강남구,수서안심05,37.48046725,127.0472859
강남구,수서안심05,37.480542,127.047278
강남구,수서안심05,37.48054276,127.0472604
강남구,수서안심05,37.48073441,127.0472934
강남구,수서안심05,37.48073441,127.0472934
강남구,수서안심06,37.490814,127.0812784
강남구,수서안심06,37.490814,127.0812784
강남구,수서안심06,37.490814,127.0812784
강남구,수서안심06,37.490743,127.081282
강남구,수서안심06,37.490917,127.081513
강남구,수서안심06,37.490917,127.081513
강남구,수서안심06,37.490941,127.081708
강남구,수서안심06,37.491086,127.081905
강남구,수서안심06,37.491206,127.082161
강남구,수서안심06,37.491206,127.082161
강남구,수서안심06,37.49133057,127.0823868
강남구,수서안심06,37.49133057,127.0823868
강남구,수서안심06,37.49133057,127.0823868
강남구,수서안심06,37.49131147,127.0825536
강남구,수서안심06,37.49138503,127.0825567
강남구,수서안심06,37.49138503,127.0825567
강남구,수서안심06,37.49138503,127.0825567
강남구,수서안심06,37.491511,127.082837
강남구,수서안심06,37.491511,127.082837
강남구,수서안심06,37.49147968,127.0829499
강남구,수서안심06,37.49163376,127.0832002
강남구,수서안심06,37.49168123,127.0831854
강남구,수서안심06,37.49168123,127.0831854
강남구,수서안심06,37.49162897,127.0832509
강남구,수서안심06,37.49162897,127.0832509
강남구,수서안심06,37.491769,127.083497
강남구,수서안심06,37.49191581,127.083692
강남구,수서안심06,37.49191581,127.083692
강남구,수서안심06,37.492047,127.084029
강남구,수서안심06,37.492047,127.084029
강남구,수서안심06,37.492047,127.084029
강남구,수서안심06,37.492057,127.084123
강남구,수서안심06,37.49220955,127.084425
강남구,수서안심06,37.49220955,127.084425
강남구,수서안심06,37.49217856,127.0846245
강남구,수서안심06,37.49226875,127.0845948
강남구,수서안심06,37.492043,127.084521
강남구,수서안심06,37.492043,127.084521
강남구,수서안심06,37.49228295,127.0846603
강남구,수서안심06,37.49228295,127.0846603
강남구,수서안심06,37.49235634,127.0848987
강남구,수서안심06,37.49246999,127.0852592
강남구,수서안심06,37.49246999,127.0852592
강남구,수서안심06,37.492504,127.085502
강남구,수서안심06,37.492504,127.085502
강남구,수서안심06,37.492504,127.085502
강남구,수서안심06,37.49255,127.085562
강남구,수서안심06,37.49266423,127.0857538
강남구,수서안심06,37.49278499,127.0861143
강남구,수서안심06,37.49278499,127.0861143
강남구,수서안심06,37.49273265,127.0862929
강남구,수서안심06,37.49282024,127.0865849
강남구,수서안심06,37.492959,127.086568
강남구,수서안심06,37.492959,127.086568
강남구,수서안심06,37.49291034,127.0867012
강남구,수서안심06,37.49291034,127.0867012
강남구,수서안심07,37.47199959,127.1069428
강남구,수서안심07,37.47199959,127.1069428
강남구,수서안심07,37.4718943,127.1069542
강남구,수서안심07,37.47189036,127.1062478
강남구,수서안심07,37.47189036,127.1062478
강남구,수서안심07,37.47189036,127.1062478
강남구,수서안심07,37.47189036,127.1062478
강남구,수서안심07,37.47173262,127.1060581
강남구,수서안심07,37.47175783,127.1060208
강남구,수서안심07,37.47175783,127.1060208
강남구,수서안심07,37.47172131,127.1059145
강남구,수서안심07,37.47143304,127.1058164
강남구,수서안심07,37.47114484,127.1056294
강남구,수서안심07,37.47114484,127.1056294
강남구,수서안심07,37.47067138,127.1053272
강남구,수서안심07,37.47067138,127.1053272
강남구,수서안심07,37.470361,127.104956
강남구,수서안심07,37.470361,127.104956
강남구,수서안심07,37.47030105,127.1048616
강남구,수서안심07,37.47030105,127.1048616
강남구,수서안심07,37.47020723,127.1048442
강남구,수서안심07,37.47003358,127.104531
강남구,수서안심07,37.47006561,127.1045368
강남구,수서안심07,37.47006561,127.1045368
강남구,수서안심07,37.47006561,127.1045368
강남구,수서안심07,37.47006561,127.1045368
강남구,수서안심07,37.47006561,127.1045368
강남구,수서안심09,37.49695951,127.0421167
강남구,수서안심09,37.49680617,127.0421539
강남구,수서안심09,37.49673751,127.0421596
강남구,수서안심09,37.49673751,127.0421625
강남구,수서안심09,37.49648799,127.0423376
강남구,수서안심09,37.49648799,127.0423376
강남구,수서안심09,37.49648799,127.0423376
강남구,수서안심09,37.49648799,127.0423376
강남구,수서안심09,37.49615152,127.0424925
강남구,수서안심09,37.49593177,127.0426115
강남구,수서안심09,37.49586996,127.0426833
강남구,수서안심09,37.49586996,127.0426833
강남구,수서안심09,37.49586996,127.0426833
강남구,수서안심09,37.49580131,127.0426459
강남구,수서안심09,37.49558156,127.0427779
강남구,수서안심09,37.49532978,127.0429042
강남구,수서안심09,37.49515811,127.0429701
강남구,수서안심09,37.49497042,127.0430505
강남구,수서안심09,37.49482853,127.0430619
강남구,수서안심09,37.49471865,127.0431336
강남구,수서안심09,37.49464313,127.0431278
강남구,수서안심09,37.49464313,127.0431278
강남구,수서안심09,37.49449434,127.0432168
강남구,수서안심09,37.49449434,127.0432168
강남구,수서안심09,37.49430664,127.0433143
강남구,수서안심09,37.4940892,127.0434061
강남구,수서안심09,37.49404572,127.0433946
강남구,수서안심09,37.49404572,127.0433946
강남구,수서안심09,37.49397933,127.0434491
강남구,수서안심09,37.49397933,127.0434491
강남구,수서안심09,37.49372752,127.0436242
강남구,수서안심09,37.49372752,127.0436242
강동구,강동안심01,37.5397352,127.1230995
강동구,강동안심01,37.539804,127.1229301
강동구,강동안심01,37.5398818,127.1229043
강동구,강동안심01,37.5399621,127.1227493
강동구,강동안심01,37.5399621,127.1227493
강동구,강동안심01,37.5399621,127.1227493
강동구,강동안심01,37.5400444,127.1225779
강동구,강동안심01,37.5401442,127.122549
강동구,강동안심01,37.5401398,127.1223103
강동구,강동안심01,37.5401398,127.1223103
강동구,강동안심01,37.5402511,127.1221969
강동구,강동안심01,37.5402512,127.1221183
강동구,강동안심01,37.5403094,127.1218884
강동구,강동안심01,37.5403837,127.1218245
강동구,강동안심01,37.5403977,127.1216673
강동구,강동안심01,37.5405417,127.1213881
강동구,강동안심01,37.5405417,127.1213881
강동구,강동안심01,37.5405417,127.1213881
강동구,강동안심01,37.5405302,127.1213794
강동구,강동안심01,37.5406787,127.1211671
강동구,강동안심01,37.5407994,127.1210741
강동구,강동안심01,37.5409826,127.1209784
강동구,강동안심01,37.5410986,127.1209058
강동구,강동안심01,37.5413096,127.1208333
강동구,강동안심01,37.5413096,127.1208333
강동구,강동안심01,37.5413096,127.1208333
강동구,강동안심01,37.5413096,127.1208333
강동구,강동안심01,37.5414627,127.1207055
강동구,강동안심01,37.5415183,127.1206852
강동구,강동안심01,37.5416575,127.1206185
강동구,강동안심01,37.5419498,127.1204152
강동구,강동안심01,37.5420658,127.1202989
강동구,강동안심01,37.5421864,127.120206
강동구,강동안심01,37.5421864,127.120206
강동구,강동안심01,37.5421864,127.120206
강동구,강동안심02,37.5391332,127.1360467
강동구,강동안심02,37.5391884,127.1357766
강동구,강동안심02,37.5392388,127.1357192
강동구,강동안심02,37.5392388,127.1357192
강동구,강동안심02,37.5393032,127.1354334
강동구,강동안심02,37.5393378,127.1352351
강동구,강동안심02,37.5394066,127.1350887
강동구,강동안심02,37.5394593,127.1350313
강동구,강동안심02,37.5394593,127.1350313
강동구,강동안심02,37.5394593,127.1350313
강동구,강동안심02,37.5394593,127.1350313
강동구,강동안심02,37.5395122,127.1348072
강동구,강동안심02,37.5395605,127.1345717
강동구,강동안심02,37.5395744,127.1344021
강동구,강동안심02,37.5396662,127.1342011
강동구,강동안심02,37.5396479,127.1341723
강동구,강동안심02,37.5396479,127.1341723
강동구,강동안심02,37.5396479,127.1341723
강동구,강동안심02,37.5396479,127.1341723
강동구,강동안심02,37.5397054,127.1339713
강동구,강동안심02,37.5397835,127.1337185
강동구,강동안심02,37.5398202,127.1336582
강동구,강동안심02,37.5398776,127.1334744
강동구,강동안심02,37.5398685,127.1334111
강동구,강동안심02,37.5398685,127.1334111
강동구,강동안심02,37.5399533,127.1333394
강동구,강동안심02,37.539942,127.133144
강동구,강동안심02,37.5400086,127.132986
강동구,강동안심02,37.5400316,127.1328395
강동구,강동안심02,37.5401051,127.1326212
강동구,강동안심02,37.5401464,127.1325005
강동구,강동안심02,37.540174,127.1324431
강동구,강동안심02,37.5401786,127.1323799
강동구,강동안심02,37.5401786,127.1323799
강동구,강동안심02,37.5401786,127.1323799
강동구,강동안심02,37.5401786,127.1323799
강동구,강동안심03,37.537957,127.139784
강동구,강동안심03,37.537992,127.139611
강동구,강동안심03,37.538029,127.139321
강동구,강동안심03,37.538025,127.139321
강동구,강동안심03,37.538029,127.139321
강동구,강동안심03,37.538094,127.139084
강동구,강동안심03,37.538171,127.138748
강동구,강동안심03,37.538197,127.138672
강동구,강동안심03,37.538311,127.138336
강동구,강동안심03,37.538418,127.137863
강동구,강동안심03,37.538418,127.137863
강동구,강동안심03,37.538445,127.137825
강동구,강동안심03,37.538486,127.137573
강동구,강동안심03,37.538517,127.137474
강동구,강동안심03,37.538517,127.137436
강동구,강동안심03,37.538528,127.137361
강동구,강동안심03,37.538544,127.137299
강동구,강동안심03,37.538586,127.137111
강동구,강동안심03,37.538677,127.136841
강동구,강동안심03,37.538677,127.136811
강동구,강동안심03,37.538673,127.136749
강동구,강동안심03,37.538673,127.136749
강동구,강동안심03,37.538731,127.136521
강동구,강동안심03,37.538751,127.136391
강동구,강동안심04,37.5386973,127.14068
강동구,강동안심04,37.538617,127.1409098
강동구,강동안심04,37.538617,127.1409098
강동구,강동안심04,37.5386129,127.1411205
강동구,강동안심04,37.5385366,127.1411156
강동구,강동안심04,37.5385366,127.1411156
강동구,강동안심04,37.5385366,127.1411156
강동구,강동안심04,37.5384598,127.1415513
강동구,강동안심04,37.5384328,127.1418195
강동구,강동안심04,37.5383483,127.1422744
강동구,강동안심04,37.5382836,127.1422024
강동구,강동안심04,37.5382835,127.1422599
강동구,강동안심04,37.5382835,127.1422599
강동구,강동안심04,37.5382221,127.1425711
강동구,강동안심04,37.538199,127.1427291
강동구,강동안심04,37.5381339,127.1429589
강동구,강동안심04,37.5379998,127.1434233
강동구,강동안심04,37.5379998,127.1434233
강동구,강동안심04,37.5379077,127.1439069
강동구,강동안심04,37.5378807,127.1441463
강동구,강동안심04,37.5378807,127.1441463
강동구,강동안심04,37.5377812,127.1444671
강동구,강동안심04,37.5377812,127.1444671
강동구,강동안심04,37.5377275,127.1446729
강동구,강동안심04,37.5377082,127.1448501
강동구,강동안심04,37.5376929,127.1449124
강동구,강동안심04,37.5376469,127.1450608
강동구,강동안심04,37.5376393,127.1450703
강동구,강동안심04,37.537624,127.145123
강동구,강동안심04,37.5376353,127.1452475
강동구,강동안심04,37.5376353,127.1452475
강동구,강동안심04,37.5376353,127.1452475
강동구,강동안심04,37.5375703,127.1453576
강동구,강동안심04,37.5374974,127.1456544
강동구,강동안심04,37.5374781,127.145846
강동구,강동안심04,37.5374742,127.1459082
강동구,강동안심04,37.5375166,127.1456066
강동구,강동안심05,37.5368696,127.1401153
강동구,강동안심05,37.5368417,127.1401734
강동구,강동안심05,37.5368417,127.1401734
강동구,강동안심05,37.5368043,127.1404645
강동구,강동안심05,37.5367391,127.1407176
강동구,강동안심05,37.5367041,127.1408689
강동구,강동안심05,37.536711,127.1409009
강동구,강동안심05,37.536711,127.1409009
강동구,강동안심05,37.5367249,127.1409213
강동구,강동안심05,37.536711,127.1409009
강동구,강동안심05,37.5366785,127.1409562
강동구,강동안심05,37.5366017,127.1412005
강동구,강동안심05,37.5365388,127.1414886
강동구,강동안심05,37.5365388,127.1414886
강동구,강동안심05,37.5365271,127.1415759
강동구,강동안심05,37.5365154,127.1416894
강동구,강동안심05,37.536469,127.1417301
강동구,강동안심05,37.536427,127.1419367
강동구,강동안심05,37.5363455,127.1422683
강동구,강동안심05,37.5363455,127.1422683
강동구,강동안심05,37.5363454,127.1423382
강동구,강동안심05,37.5362733,127.142568
강동구,강동안심05,37.536222,127.1427397
강동구,강동안심05,37.5362149,127.1428677
강동구,강동안심05,37.5362428,127.142862
강동구,강동안심05,37.5362428,127.142862
강동구,강동안심05,37.5361474,127.1431034
강동구,강동안심05,37.5360867,127.1434584
강동구,강동안심05,37.5360658,127.1435253
강동구,강동안심05,37.5360425,127.1436301
강동구,강동안심05,37.5360425,127.1436301
강동구,강동안심05,37.5360424,127.1437116
강동구,강동안심05,37.5360424,127.1437116
강동구,강동안심05,37.5359936,127.1438134
강동구,강동안심05,37.5360144,127.1438076
강동구,강동안심05,37.5359725,127.1439516
강동구,강동안심05,37.5359377,127.144033
강동구,강동안심05,37.5358817,127.1443269
강동구,강동안심05,37.5358817,127.1443269
강동구,강동안심05,37.5358817,127.1443269
강동구,강동안심05,37.5358189,127.1444898
강동구,강동안심05,37.5358164,127.1446121
강동구,강동안심06,37.548603,127.131783
강동구,강동안심06,37.548504,127.131729
강동구,강동안심06,37.548717,127.131821
강동구,강동안심06,37.548996,127.131951
강동구,강동안심06,37.548992,127.131943
강동구,강동안심06,37.548996,127.131943
강동구,강동안심06,37.549313,127.132088
강동구,강동안심06,37.549458,127.132133
강동구,강동안심06,37.549477,127.132141
강동구,강동안심06,37.549477,127.132111
강동구,강동안심06,37.549847,127.132278
강동구,강동안심06,37.550111,127.132393
강동구,강동안심06,37.550259,127.132477
강동구,강동안심06,37.550266,127.132477
강동구,강동안심06,37.550308,127.132469
강동구,강동안심06,37.550308,127.132469
강동구,강동안심06,37.550339,127.132469
강동구,강동안심06,37.550606,127.132614
강동구,강동안심06,37.550808,127.132683
강동구,강동안심06,37.550881,127.132703
강동구,강동안심06,37.551079,127.132794
강동구,강동안심06,37.551311,127.132866
강동구,강동안심06,37.551311,127.132874
강동구,강동안심06,37.551311,127.132866
강동구,강동안심06,37.551311,127.132874
강동구,강동안심07,37.550503,127.140045
강동구,강동안심07,37.550495,127.140068
강동구,강동안심07,37.550163,127.140007
강동구,강동안심07,37.549747,127.139923
강동구,강동안심07,37.549744,127.139938
강동구,강동안심07,37.549744,127.139931
강동구,강동안심07,37.549709,127.139885
강동구,강동안심07,37.549675,127.139923
강동구,강동안심07,37.549301,127.139854
강동구,강동안심07,37.549021,127.139833
강동구,강동안심07,37.548645,127.139778
강동구,강동안심07,37.548637,127.139778
강동구,강동안심07,37.548637,127.139771
강동구,강동안심07,37.548637,127.139771
강동구,강동안심08,37.551865,127.135178
강동구,강동안심08,37.551865,127.135178
강동구,강동안심08,37.552011,127.135185
강동구,강동안심08,37.552422,127.135302
강동구,강동안심08,37.552208,127.135246
강동구,강동안심08,37.552273,127.135292
강동구,강동안심08,37.552273,127.135292
강동구,강동안심08,37.552547,127.135353
강동구,강동안심08,37.552559,127.135368
강동구,강동안심08,37.552559,127.135368
강동구,강동안심08,37.552799,127.135391
강동구,강동안심08,37.553078,127.135468
강동구,강동안심08,37.553211,127.135536
강동구,강동안심08,37.553211,127.135536
강동구,강동안심08,37.553265,127.135559
강동구,강동안심08,37.553477,127.135627
강동구,강동안심08,37.553477,127.135627
강동구,강동안심08,37.553499,127.135602
강동구,강동안심08,37.553631,127.135635
강동구,강동안심08,37.553661,127.135643
강동구,강동안심08,37.553814,127.135666
강동구,강동안심08,37.553837,127.135674
강동구,강동안심08,37.554035,127.135712
강동구,강동안심08,37.554035,127.135712
강동구,강동안심08,37.554071,127.135727
강동구,강동안심08,37.554081,127.135735
강동구,강동안심08,37.554369,127.135706
강동구,강동안심08,37.554384,127.135709
강동구,강동안심08,37.554478,127.135727
강동구,강동안심08,37.554665,127.135742
강동구,강동안심08,37.554665,127.135742
강동구,강동안심09,37.53056481,127.1219597
강동구,강동안심09,37.53067738,127.1222018
강동구,강동안심09,37.53077555,127.1224376
강동구,강동안심09,37.53077555,127.1224376
강동구,강동안심09,37.53099481,127.1228575
강동구,강동안심09,37.53103594,127.1229236
강동구,강동안심09,37.53116144,127.1232773
강동구,강동안심09,37.53129648,127.1232603
강동구,강동안심09,37.53129648,127.1232603
강동구,강동안심09,37.53131023,127.1232373
강동구,강동안심09,37.53145421,127.123433
강동구,강동안심09,37.53159801,127.1237924
강동구,강동안심09,37.53169657,127.1236432
강동구,강동안심09,37.53169657,127.1236432
강동구,강동안심09,37.53189766,127.1239366
강동구,강동안심09,37.53195032,127.1239166
강동구,강동안심09,37.53224083,127.1240406
강동구,강동안심09,37.53221557,127.1241182
강동구,강동안심09,37.53221557,127.1241182
강동구,강동안심09,37.53221557,127.1241182
강동구,강동안심09,37.53238025,127.1242162
강동구,강동안심09,37.53251285,127.1243399
강동구,강동안심09,37.53256775,127.1243688
강동구,강동안심09,37.5327894,127.1246852
강동구,강동안심09,37.53289683,127.1248119
강동구,강동안심09,37.53289683,127.1248119
강동구,강동안심09,37.53295849,127.1249384
강동구,강동안심09,37.53331287,127.125258
강동구,강동안심09,37.53331287,127.125258
강동구,강동안심09,37.5334045,127.1251777
강동구,강동안심09,37.53360351,127.1252585
강동구,강동안심09,37.53355747,127.125517
강동구,강동안심09,37.53353908,127.1255975
강동구,강동안심09,37.53370374,127.1257041
강동구,강동안심09,37.53372207,127.1256811
강동구,강동안심09,37.53372207,127.1256811
강동구,강동안심09,37.53372207,127.1256811
강동구,강동안심10,37.534904,127.1322081
강동구,강동안심10,37.5353295,127.1323525
강동구,강동안심10,37.5353295,127.1323525
강동구,강동안심10,37.5351008,127.1322429
강동구,강동안심10,37.5351053,127.1323004
강동구,강동안심10,37.534991,127.1322197
강동구,강동안심10,37.5350276,127.1321853
강동구,강동안심10,37.5350276,127.1321853
강동구,강동안심10,37.5349543,127.1322369
강동구,강동안심10,37.5349543,127.1322369
강동구,강동안심10,37.534637,127.1321488
강동구,강동안심10,37.5344739,127.1320751
강동구,강동안심10,37.5343551,127.1319542
강동구,강동안심10,37.5341583,127.1318676
강동구,강동안심10,37.5340989,127.1317813
강동구,강동안심10,37.5340989,127.1318388
강동구,강동안심10,37.533925,127.1318155
강동구,강동안심10,37.53387,127.1318384
강동구,강동안심10,37.53387,127.1318384
강동구,강동안심10,37.53387,127.1318384
강동구,강동안심10,37.533861,127.1317177
강동구,강동안심10,37.5338061,127.1316888
강동구,강동안심10,37.5338061,127.1316888
강동구,강동안심10,37.5337741,127.1316715
강동구,강동안심10,37.5336269,127.1315961
강동구,강동안심10,37.5331656,127.1314324
강동구,강동안심10,37.5331656,127.1314324
강동구,강동안심10,37.5328606,127.1313409
강동구,강동안심10,37.5328186,127.1313408
강동구,강동안심10,37.5326736,127.1314411
강동구,강동안심10,37.5326736,127.1314411
강동구,강동안심10,37.5326736,127.1314411
강동구,강동안심10,37.5326203,127.1313165
강동구,강동안심10,37.5326355,127.1313166
강동구,강동안심10,37.5326355,127.1313166
강동구,강동안심10,37.5325064,127.1308517
강동구,강동안심10,37.532396,127.1306408
강동구,강동안심10,37.532335,127.130588
강동구,강동안심10,37.532335,127.130588
강동구,강동안심10,37.5321292,127.1305062
강동구,강동안심10,37.5319271,127.1304101
강동구,강동안심10,37.5317709,127.1302709
강동구,강동안심11,37.5593766,127.1708155
강동구,강동안심11,37.5593766,127.1708155
강동구,강동안심11,37.559349,127.1707767
강동구,강동안심11,37.5593244,127.170707
강동구,강동안심11,37.5592938,127.1705521
강동구,강동안심11,37.559331,127.1703973
강동구,강동안심11,37.5592819,127.1702618
강동구,강동안심11,37.5592332,127.1698552
강동구,강동안심11,37.5592332,127.1698552
강동구,강동안심11,37.559338,127.1698671
강동구,강동안심11,37.5593811,127.1698827
강동구,강동안심11,37.5595876,127.169856
강동구,강동안심11,37.5596152,127.1698909
강동구,강동안심11,37.5596152,127.1698909
강동구,강동안심11,37.5596152,127.1698909
강동구,강동안심11,37.5598371,127.1698527
강동구,강동안심11,37.5599173,127.1697987
강동구,강동안심11,37.5600869,127.1697643
강동구,강동안심11,37.5600869,127.1697643
강동구,강동안심11,37.5602163,127.1697491
강동구,강동안심11,37.5603272,127.1697532
강동구,강동안심11,37.5604566,127.1697419
강동구,강동안심11,37.5604136,127.1696915
강동구,강동안심11,37.5607095,127.1696302
강동구,강동안심11,37.5607741,127.1696652
강동구,강동안심11,37.5608945,127.1695416
강동구,강동안심11,37.5608945,127.1695416
강동구,강동안심11,37.5608945,127.1695416
강동구,강동안심11,37.5610176,127.1696
강동구,강동안심11,37.561178,127.1694919
강동구,강동안심11,37.5612735,127.1694999
강동구,강동안심11,37.5613075,127.1694303
강동구,강동안심11,37.5613075,127.1694303
강동구,강동안심11,37.561326,127.1693994
강동구,강동안심12,37.561405,127.1556867
강동구,강동안심12,37.5598931,127.1543557
강동구,강동안심12,37.5598931,127.1543557
강동구,강동안심12,37.5600095,127.1543147
강동구,강동안심12,37.5600949,127.1542077
강동구,강동안심12,37.5601298,127.1541495
강동구,강동안심12,37.5604507,127.153937
강동구,강동안심12,37.5605982,127.1539874
강동구,강동안심12,37.5606308,127.1539118
강동구,강동안심12,37.5606308,127.1539118
강동구,강동안심12,37.5606308,127.1539118
강동구,강동안심12,37.5606308,127.1539118
강동구,강동안심12,37.5606885,127.154107
강동구,강동안심12,37.5607649,127.1541799
강동구,강동안심12,37.5608085,127.154477
강동구,강동안심12,37.5609012,127.1545413
강동구,강동안심12,37.5608987,127.1546607
강동구,강동안심12,37.5608987,127.1546607
강동구,강동안심12,37.5610189,127.1549434
강동구,강동안심12,37.5610977,127.1549086
강동구,강동안심12,37.5610999,127.1550483
강동구,강동안심12,37.5611507,127.1552028
강동구,강동안심12,37.5611946,127.1552873
강동구,강동안심12,37.5611946,127.1552873
강동구,강동안심12,37.5613034,127.1553662
강동구,강동안심12,37.5612246,127.1553689
강동구,강동안심12,37.5612246,127.1553689
강동구,강동안심12,37.5612246,127.1553689
강동구,강동안심12,37.5613582,127.1560069
강동구,강동안심12,37.561365,127.1561234
강동구,강동안심12,37.561365,127.1561234
강동구,강동안심12,37.561365,127.1561234
강동구,강동안심12,37.5614323,127.1560886
강동구,강동안심12,37.5614293,127.1565865
강동구,강동안심12,37.5613875,127.1566592
강동구,강동안심12,37.5613968,127.1566621
강동구,강동안심12,37.5613968,127.1566621
강동구,강동안심13,37.551262,127.141335
강동구,강동안심13,37.551289,127.141396
강동구,강동안심13,37.551271,127.141418
강동구,강동안심13,37.551277,127.141457
강동구,강동안심13,37.551281,127.141624
강동구,강동안심13,37.551289,127.141808
강동구,강동안심13,37.551289,127.141823
강동구,강동안심13,37.551289,127.141953
강동구,강동안심13,37.551255,127.142449
강동구,강동안심13,37.551255,127.142449
강동구,강동안심13,37.551251,127.142593
강동구,강동안심13,37.551243,127.142616
강동구,강동안심13,37.551243,127.142616
강동구,강동안심13,37.551239,127.142624
강동구,강동안심13,37.551235,127.142677
강동구,강동안심13,37.551216,127.143044
강동구,강동안심13,37.551193,127.143394
강동구,강동안심13,37.551186,127.143501
강동구,강동안심13,37.551171,127.143822
강동구,강동안심13,37.551171,127.143837
강동구,강동안심14,37.5478174,127.1486332
강동구,강동안심14,37.5477969,127.1482727
강동구,강동안심14,37.5478591,127.1488443
강동구,강동안심14,37.547804,127.1481673
강동구,강동안심14,37.547797,127.1481409
강동구,강동안심14,37.5477901,127.1480793
강동구,강동안심14,37.5477977,127.1476222
강동구,강동안심14,37.5478187,127.1475871
강동구,강동안심14,37.5477839,127.1474727
강동구,강동안심14,37.5477355,127.1469363
강동구,강동안심14,37.5477355,127.1469363
강동구,강동안심14,37.5478056,127.1468574
강동구,강동안심14,37.547694,127.1465406
강동구,강동안심14,37.5476663,127.1462856
강동구,강동안심14,37.5476663,127.1462856
강동구,강동안심14,37.5476663,127.1462856
강동구,강동안심14,37.5477713,127.1462859
강동구,강동안심14,37.5477157,127.1460132
강동구,강동안심14,37.5477088,127.1459341
강동구,강동안심14,37.5476815,127.1453274
강동구,강동안심14,37.5476678,127.1451076
강동구,강동안심14,37.5476961,127.1448439
강동구,강동안심14,37.5476961,127.1448703
강동구,강동안심14,37.5476402,127.1447999
강동구,강동안심14,37.5476402,127.1447999
강동구,강동안심14,37.5476402,127.1447999
강동구,강동안심14,37.5477035,127.1445363
강동구,강동안심14,37.5477038,127.1442637
강동구,강동안심14,37.5477038,127.1442637
강동구,강동안심14,37.5477038,127.1442637
강동구,강동안심14,37.5477038,127.1442637
강동구,강동안심14,37.5477393,127.1438506
강동구,강동안심14,37.5477815,127.1437188
강동구,강동안심15,37.5313548,127.1406109
강동구,강동안심15,37.5313766,127.1405992
강동구,강동안심15,37.5313894,127.1403915
강동구,강동안심15,37.5314521,127.1400899
강동구,강동안심15,37.531465,127.1398117
강동구,강동안심15,37.5314587,127.1398156
강동구,강동안심15,37.531465,127.1398117
강동구,강동안심15,37.531465,127.1398117
강동구,강동안심15,37.5313855,127.1398284
강동구,강동안심15,37.5312506,127.1397535
강동구,강동안심15,37.5308381,127.1396053
강동구,강동안심15,37.530579,127.1395188
강동구,강동안심15,37.5304659,127.1394624
강동구,강동안심15,37.5305167,127.1393765
강동구,강동안심15,37.5305735,127.1391597
강동구,강동안심15,37.5307023,127.1385839
강동구,강동안심15,37.5307891,127.1381987
강동구,강동안심15,37.5307891,127.1381987
강동구,강동안심15,37.5307891,127.1381987
강동구,강동안심15,37.530855,127.1378921
강동구,강동안심15,37.5311977,127.1397275
강동구,강동안심16,37.5312817,127.1429069
강동구,강동안심16,37.5312817,127.1429069
강동구,강동안심16,37.5314112,127.1429115
강동구,강동안심16,37.5315301,127.1429645
강동구,강동안심16,37.53188,127.143053
강동구,강동안심16,37.5320759,127.1431018
강동구,강동안심16,37.5322299,127.1431372
강동구,강동안심16,37.5324993,127.1431685
강동구,강동안심16,37.5325133,127.1431949
강동구,강동안심16,37.5325133,127.1431949
강동구,강동안심16,37.5325833,127.1432126
강동구,강동안심16,37.5327407,127.1432481
강동구,강동안심16,37.5329787,127.1432705
강동구,강동안심16,37.5333041,127.143337
강동구,강동안심16,37.533248,127.1433985
강동구,강동안심16,37.5335247,127.1432452
강동구,강동안심16,37.5335247,127.1432452
강동구,강동안심16,37.5335177,127.1432408
강동구,강동안심16,37.5337594,127.1430742
강동구,강동안심16,37.5337524,127.1430698
강동구,강동안심16,37.5339135,127.1429646
강동구,강동안심16,37.5339835,127.1429472
강동구,강동안심16,37.5324751,127.1431879
강동구,강동안심16,37.5321725,127.1430815
강동구,강동안심16,37.5313437,127.142938
강북구,강북안심01,37.62126944,127.0304063
강북구,강북안심01,37.62127348,127.0304241
강북구,강북안심01,37.62129457,127.0304548
강북구,강북안심01,37.62129457,127.0304548
강북구,강북안심01,37.621021,127.030502
강북구,강북안심01,37.62084492,127.0306611
강북구,강북안심01,37.62083649,127.0306078
강북구,강북안심01,37.62084492,127.0306611
강북구,강북안심01,37.62084492,127.0306611
강북구,강북안심01,37.62083202,127.0305588
강북구,강북안심01,37.62083202,127.0305588
강북구,강북안심01,37.62056315,127.030687
강북구,강북안심01,37.620168,127.030848
강북구,강북안심01,37.620168,127.030848
강북구,강북안심01,37.620168,127.030848
강북구,강북안심01,37.61982,127.030975
강북구,강북안심01,37.61982,127.030975
강북구,강북안심01,37.61982,127.030975
강북구,강북안심01,37.61942637,127.0311649
강북구,강북안심01,37.61942837,127.0311309
강북구,강북안심01,37.61942837,127.0311309
강북구,강북안심01,37.619091,127.03128
강북구,강북안심01,37.618875,127.031294
강북구,강북안심01,37.618875,127.031294
강북구,강북안심01,37.618875,127.031294
강북구,강북안심01,37.61890571,127.031325
강북구,강북안심01,37.618875,127.031294
강북구,강북안심01,37.618636,127.031337
강북구,강북안심01,37.618407,127.03122
강북구,강북안심01,37.618206,127.0311957
강북구,강북안심01,37.61808529,127.0312047
강북구,강북안심01,37.61808529,127.0312047
강북구,강북안심01,37.61805901,127.0310151
강북구,강북안심01,37.61805901,127.0310151
강북구,강북안심01,37.61805901,127.0310151
강북구,강북안심01,37.61790701,127.0307487
강북구,강북안심01,37.61787987,127.0307544
강북구,강북안심01,37.61787987,127.0307544
강북구,강북안심01,37.617787,127.030486
강북구,강북안심01,37.61757429,127.0301147
강북구,강북안심01,37.61757429,127.0301147
강북구,강북안심01,37.61759685,127.0300969
강북구,강북안심01,37.61757429,127.0301147
강북구,강북안심01,37.61757429,127.0301147
강북구,강북안심02,37.63271746,127.0238134
강북구,강북안심02,37.63271746,127.0238134
강북구,강북안심02,37.63278486,127.0239024
강북구,강북안심02,37.632919,127.024279
강북구,강북안심02,37.632919,127.024279
강북구,강북안심02,37.632959,127.024466
강북구,강북안심02,37.63296101,127.0246089
강북구,강북안심02,37.63301,127.02465
강북구,강북안심02,37.63301,127.02465
강북구,강북안심02,37.633084,127.024977
강북구,강북안심02,37.633084,127.024977
강북구,강북안심02,37.633027,127.025171
강북구,강북안심02,37.63313633,127.0254082
강북구,강북안심02,37.63316833,127.0254232
강북구,강북안심02,37.63316833,127.0254232
강북구,강북안심02,37.63316833,127.0254232
강북구,강북안심02,37.633164,127.025782
강북구,강북안심02,37.633276,127.025912
강북구,강북안심02,37.633276,127.025912
강북구,강북안심02,37.633187,127.025962
강북구,강북안심02,37.633187,127.025962
강북구,강북안심02,37.633187,127.025962
강북구,강북안심02,37.633282,127.025941
강북구,강북안심02,37.633282,127.025941
강북구,강북안심02,37.633465,127.026193
강북구,강북안심02,37.63354939,127.0264315
강북구,강북안심02,37.63354939,127.0264315
강북구,강북안심02,37.63354939,127.0264315
강북구,강북안심02,37.63358139,127.0264025
강북구,강북안심02,37.63382774,127.0266856
강북구,강북안심02,37.63382774,127.0266856
강북구,강북안심02,37.63384474,127.0267256
강북구,강북안심02,37.63387072,127.0266661
강북구,강북안심02,37.63389772,127.0266331
강북구,강북안심02,37.63389772,127.0266331
강북구,강북안심02,37.63389772,127.0266331
강북구,강북안심02,37.63413088,127.02686
강북구,강북안심02,37.63418688,127.026853
강북구,강북안심02,37.63418688,127.026853
강북구,강북안심02,37.63418688,127.026853
강북구,강북안심02,37.634352,127.026971
강북구,강북안심02,37.634412,127.02704
강북구,강북안심02,37.634643,127.0272538
강북구,강북안심02,37.634673,127.027222
강북구,강북안심02,37.634673,127.027222
강북구,강북안심02,37.634673,127.027222
강북구,강북안심02,37.63486329,127.0274887
강북구,강북안심02,37.63486329,127.0274887
강북구,강북안심03,37.6252285,127.0261128
강북구,강북안심03,37.62519515,127.026131
강북구,강북안심03,37.62519515,127.026131
강북구,강북안심03,37.62519515,127.026131
강북구,강북안심03,37.62509773,127.0258159
강북구,강북안심03,37.62509,127.0255215
강북구,강북안심03,37.62509,127.0255215
강북구,강북안심03,37.62509,127.0255215
강북구,강북안심03,37.625043,127.025507
강북구,강북안심03,37.62505606,127.0254881
강북구,강북안심03,37.625033,127.0254881
강북구,강북안심03,37.625033,127.0254881
강북구,강북안심03,37.625033,127.0254881
강북구,강북안심03,37.625033,127.0254881
강북구,강북안심03,37.62502473,127.0252375
강북구,강북안심03,37.62493258,127.0250936
강북구,강북안심03,37.624839,127.024745
강북구,강북안심03,37.624839,127.024745
강북구,강북안심03,37.624839,127.024745
강북구,강북안심03,37.62477456,127.0243947
강북구,강북안심03,37.624756,127.024408
강북구,강북안심03,37.624756,127.024408
강북구,강북안심03,37.624756,127.024408
강북구,강북안심03,37.624696,127.024182
강북구,강북안심03,37.625005,127.023868
강북구,강북안심03,37.624708,127.023992
강북구,강북안심03,37.62455117,127.023679
강북구,강북안심03,37.62459831,127.0235798
강북구,강북안심03,37.62459831,127.0235798
강북구,강북안심03,37.62459831,127.0235798
강북구,강북안심03,37.62459831,127.0235798
강북구,강북안심03,37.62459831,127.0235798
강북구,강북안심03,37.62447213,127.023311
강북구,강북안심03,37.624424,127.022879
강북구,강북안심03,37.62436459,127.0226137
강북구,강북안심03,37.62431541,127.0225263
강북구,강북안심03,37.62433831,127.0224991
강북구,강북안심03,37.62433831,127.0224991
강북구,강북안심03,37.62433831,127.0224991
강북구,강북안심03,37.62425573,127.0224098
강북구,강북안심03,37.62425188,127.0221909
강북구,강북안심03,37.62424588,127.0221859
강북구,강북안심03,37.62424588,127.0221859
강북구,강북안심03,37.62425452,127.0220497
강북구,강북안심03,37.62424852,127.0220317
강북구,강북안심03,37.62424852,127.0220317
강북구,강북안심03,37.62424852,127.0220317
강북구,강북안심03,37.624312,127.021849
강북구,강북안심03,37.624312,127.021849
강북구,강북안심03,37.62444066,127.0216374
강북구,강북안심03,37.624422,127.021593
강북구,강북안심03,37.624422,127.021593
강북구,강북안심03,37.624422,127.021593
강북구,강북안심03,37.624422,127.021593
강북구,강북안심03,37.624575,127.021325
강북구,강북안심03,37.624622,127.021385
강북구,강북안심03,37.6248,127.021303
강북구,강북안심04,37.61434044,127.0311373
강북구,강북안심04,37.61435587,127.031222
강북구,강북안심04,37.61435587,127.031222
강북구,강북안심04,37.61435587,127.031222
강북구,강북안심04,37.61446956,127.0312759
강북구,강북안심04,37.614519,127.031364
강북구,강북안심04,37.61459741,127.0315479
강북구,강북안심04,37.61461916,127.0315523
강북구,강북안심04,37.61461916,127.0315523
강북구,강북안심04,37.61461916,127.0315523
강북구,강북안심04,37.61458746,127.0315849
강북구,강북안심04,37.61472481,127.0317793
강북구,강북안심04,37.61476817,127.0318354
강북구,강북안심04,37.61476817,127.0318354
강북구,강북안심04,37.61476817,127.0318354
강북구,강북안심04,37.61480673,127.0321211
강북구,강북안심04,37.61483686,127.0322426
강북구,강북안심04,37.61489671,127.0323409
강북구,강북안심04,37.61489671,127.0323409
강북구,강북안심04,37.61489671,127.0323409
강북구,강북안심04,37.61489671,127.0323409
강북구,강북안심04,37.61480415,127.0322488
강북구,강북안심04,37.615007,127.032561
강북구,강북안심04,37.615044,127.032581
강북구,강북안심04,37.615044,127.032581
강북구,강북안심04,37.615044,127.032581
강북구,강북안심04,37.615092,127.032694
강북구,강북안심04,37.615157,127.032872
강북구,강북안심04,37.615207,127.03305
강북구,강북안심04,37.61520115,127.0330751
강북구,강북안심04,37.61520115,127.0330751
강북구,강북안심04,37.61520115,127.0330751
강북구,강북안심04,37.615375,127.033419
강북구,강북안심04,37.615319,127.033299
강북구,강북안심04,37.61481006,127.0324304
강북구,강북안심04,37.61476744,127.032502
강북구,강북안심04,37.61476744,127.032502
강북구,강북안심04,37.61476744,127.032502
강북구,강북안심04,37.61476617,127.032818
강북구,강북안심04,37.6148057,127.0331896
강북구,강북안심04,37.61478073,127.03321
강북구,강북안심04,37.61478073,127.03321
강북구,강북안심04,37.61478073,127.03321
강북구,강북안심04,37.61478931,127.0333671
강북구,강북안심04,37.61481664,127.0334781
강북구,강북안심04,37.614831,127.033535
강북구,강북안심04,37.614831,127.033535
강북구,강북안심04,37.614831,127.033535
강북구,강북안심05,37.628645,127.023723
강북구,강북안심05,37.628525,127.02327
강북구,강북안심05,37.628916,127.024776
강북구,강북안심05,37.628825,127.024485
강북구,강북안심05,37.628674,127.024015
강북구,강북안심05,37.62866042,127.023771
강북구,강북안심05,37.628475,127.023291
강북구,강북안심05,37.628475,127.023291
강북구,강북안심05,37.628475,127.023291
강북구,강북안심05,37.62841,127.023004
강북구,강북안심05,37.628384,127.022707
강북구,강북안심05,37.628242,127.022131
강북구,강북안심05,37.628135,127.021889
강북구,강북안심05,37.628135,127.021723
강북구,강북안심05,37.627981,127.021323
강북구,강북안심05,37.628011,127.02119
강북구,강북안심05,37.62790557,127.0208479
강북구,강북안심05,37.62790557,127.0208479
강북구,강북안심05,37.62835444,127.0206404
강북구,강북안심06,37.61260675,127.0313813
강북구,강북안심06,37.61262686,127.0313609
강북구,강북안심06,37.61279042,127.031503
강북구,강북안심06,37.61279042,127.031503
강북구,강북안심06,37.61283042,127.0315476
강북구,강북안심06,37.61283042,127.0315476
강북구,강북안심06,37.61283369,127.0316977
강북구,강북안심06,37.61280885,127.0317645
강북구,강북안심06,37.61280885,127.0317645
강북구,강북안심06,37.61263759,127.0319597
강북구,강북안심06,37.61260359,127.0319925
강북구,강북안심06,37.61260359,127.0319925
강북구,강북안심06,37.61262326,127.0324112
강북구,강북안심06,37.61259745,127.0324632
강북구,강북안심06,37.61259745,127.0324632
강북구,강북안심06,37.61260459,127.0328734
강북구,강북안심06,37.61260459,127.0328734
강북구,강북안심06,37.61257059,127.0328624
강북구,강북안심06,37.61265388,127.0332056
강북구,강북안심06,37.61263373,127.033218
강북구,강북안심06,37.61263373,127.033218
강북구,강북안심06,37.61262844,127.0338155
강북구,강북안심06,37.61267639,127.0338234
강북구,강북안심06,37.61272713,127.0339003
강북구,강북안심06,37.61272713,127.0339003
강북구,강북안심06,37.61255502,127.0338899
강북구,강북안심06,37.61278541,127.0339602
강북구,강북안심06,37.61278541,127.0339602
강북구,강북안심06,37.61302624,127.0341853
강북구,강북안심06,37.61306071,127.0341615
강북구,강북안심06,37.61306071,127.0341615
강북구,강북안심07,37.63021555,127.0226226
강북구,강북안심07,37.63023555,127.0226026
강북구,강북안심07,37.63021555,127.0226226
강북구,강북안심07,37.629973,127.022223
강북구,강북안심07,37.629801,127.022053
강북구,강북안심07,37.629648,127.02186
강북구,강북안심07,37.629648,127.02186
강북구,강북안심07,37.6296315,127.021877
강북구,강북안심07,37.629572,127.021734
강북구,강북안심07,37.62946916,127.0214715
강북구,강북안심07,37.62925578,127.0210792
강북구,강북안심07,37.62926402,127.021034
강북구,강북안심07,37.62926402,127.021034
강북구,강북안심07,37.6290416,127.0206605
강북구,강북안심07,37.6290416,127.0206605
강북구,강북안심07,37.6290416,127.0206605
강북구,강북안심07,37.62874547,127.0201965
강북구,강북안심07,37.62871129,127.0201539
강북구,강북안심07,37.628687,127.019956
강북구,강북안심07,37.628604,127.019623
강북구,강북안심07,37.628604,127.019623
강북구,강북안심07,37.62864132,127.0196336
강북구,강북안심07,37.628551,127.01942
강북구,강북안심07,37.62849326,127.019075
강북구,강북안심07,37.628469,127.019091
강북구,강북안심07,37.628469,127.019091
강북구,강북안심07,37.628469,127.019091
강북구,강북안심07,37.62840871,127.0189047
강북구,강북안심07,37.62840871,127.0189047
강북구,강북안심07,37.62840871,127.0189047
강북구,강북안심07,37.628283,127.018445
강북구,강북안심08,37.633522,127.023221
강북구,강북안심08,37.633522,127.023221
강북구,강북안심08,37.633625,127.02291
강북구,강북안심08,37.633651,127.022905
강북구,강북안심08,37.633651,127.022905
강북구,강북안심08,37.633639,127.022513
강북구,강북안심08,37.63371,127.021997
강북구,강북안심08,37.63363211,127.0219746
강북구,강북안심08,37.63363211,127.0219746
강북구,강북안심08,37.63362624,127.021947
강북구,강북안심08,37.63363211,127.0219746
강북구,강북안심08,37.633338,127.021936
강북구,강북안심08,37.63303401,127.0220748
강북구,강북안심08,37.63301901,127.0220288
강북구,강북안심08,37.63301901,127.0220288
강북구,강북안심08,37.6327,127.022069
강북구,강북안심08,37.6327,127.022069
강북구,강북안심08,37.6327,127.022069
강북구,강북안심08,37.63232117,127.022148
강북구,강북안심08,37.63237586,127.0221881
강북구,강북안심08,37.63237586,127.0221881
강북구,강북안심08,37.632351,127.022076
강북구,강북안심08,37.632227,127.021689
강북구,강북안심08,37.632176,127.021715
강북구,강북안심08,37.632176,127.021715
강북구,강북안심08,37.6322161,127.0217294
강북구,강북안심08,37.632201,127.021555
강북구,강북안심08,37.632029,127.020921
강북구,강북안심08,37.63201847,127.020927
강북구,강북안심08,37.632029,127.020921
강북구,강북안심08,37.632029,127.020921
강북구,강북안심08,37.631958,127.020496
강북구,강북안심08,37.631958,127.020496
강북구,강북안심08,37.631886,127.020517
강북구,강북안심08,37.631886,127.020517
강북구,강북안심08,37.631826,127.019983
강북구,강북안심08,37.631826,127.019983
강북구,강북안심08,37.63167044,127.019669
강북구,강북안심08,37.63167044,127.019669
강북구,강북안심08,37.63167044,127.019669
강북구,강북안심08,37.6316901,127.0196257
강북구,강북안심08,37.63167044,127.019669
강북구,강북안심09,37.648161,127.019795
강북구,강북안심09,37.64596658,127.0242566
강북구,강북안심09,37.64600447,127.0242446
강북구,강북안심09,37.64600447,127.0242446
강북구,강북안심09,37.64596412,127.0240507
강북구,강북안심09,37.64596412,127.0240507
강북구,강북안심09,37.64596412,127.0240507
강북구,강북안심09,37.64604741,127.0238926
강북구,강북안심09,37.64612343,127.0235989
강북구,강북안심09,37.64614668,127.0236035
강북구,강북안심09,37.64614668,127.0236035
강북구,강북안심09,37.64625794,127.023328
강북구,강북안심09,37.64642621,127.0229345
강북구,강북안심09,37.64642621,127.0229345
강북구,강북안심09,37.646396,127.022904
강북구,강북안심09,37.64649832,127.0225322
강북구,강북안심09,37.64651932,127.0225382
강북구,강북안심09,37.64651932,127.0225382
강북구,강북안심09,37.64659206,127.0224627
강북구,강북안심09,37.64661885,127.0222565
강북구,강북안심09,37.64671771,127.0221008
강북구,강북안심09,37.646753,127.022083
강북구,강북안심09,37.646753,127.022083
강북구,강북안심09,37.646836,127.021947
강북구,강북안심09,37.64688609,127.0216133
강북구,강북안심09,37.646911,127.021637
강북구,강북안심09,37.646911,127.021637
강북구,강북안심09,37.64702239,127.0213179
강북구,강북안심09,37.64705739,127.0213359
강북구,강북안심09,37.64709077,127.021086
강북구,강북안심09,37.64712874,127.0211406
강북구,강북안심09,37.64712874,127.0211406
강북구,강북안심09,37.64723279,127.0209212
강북구,강북안심09,37.647309,127.020972
강북구,강북안심09,37.647334,127.020993
강북구,강북안심09,37.647334,127.020993
강북구,강북안심09,37.647471,127.020699
강북구,강북안심09,37.64762411,127.0205726
강북구,강북안심09,37.64775547,127.0205021
강북구,강북안심09,37.647786,127.0205338
강북구,강북안심09,37.647786,127.0205338
강북구,강북안심09,37.64786368,127.0204165
강북구,강북안심09,37.64789268,127.0203735
강북구,강북안심09,37.64789268,127.0203735
강북구,강북안심09,37.64808933,127.0198898
강북구,강북안심09,37.64819831,127.0198482
강북구,강북안심09,37.648161,127.019795
강북구,강북안심09,37.64828211,127.0198032
강북구,강북안심09,37.64828211,127.0198032
강북구,강북안심09,37.6483282,127.0196745
강북구,강북안심10,37.64701032,127.0107573
강북구,강북안심10,37.64760628,127.0141436
강북구,강북안심10,37.64763368,127.0141273
강북구,강북안심10,37.64763368,127.0141273
강북구,강북안심10,37.64750306,127.0139443
강북구,강북안심10,37.64746348,127.0135797
강북구,강북안심10,37.64749415,127.0135667
강북구,강북안심10,37.64749415,127.0135667
강북구,강북안심10,37.64748815,127.0134767
강북구,강북안심10,37.64748815,127.0134767
강북구,강북안심10,37.64748815,127.0134767
강북구,강북안심10,37.64717243,127.0130367
강북구,강북안심10,37.647211,127.0130276
강북구,강북안심10,37.647211,127.0130276
강북구,강북안심10,37.64710138,127.0127519
강북구,강북안심10,37.64709047,127.0121417
강북구,강북안심10,37.64712721,127.0121408
강북구,강북안심10,37.64712721,127.0121408
강북구,강북안심10,37.64706559,127.011778
강북구,강북안심10,37.64709668,127.011559
강북구,강북안심10,37.647047,127.011406
강북구,강북안심10,37.647047,127.011406
강북구,강북안심10,37.647047,127.011406
강북구,강북안심10,37.64705215,127.0110805
강북구,강북안심10,37.647035,127.011081
강북구,강북안심10,37.647035,127.011081
강북구,강북안심10,37.64702453,127.0109315
강북구,강북안심11,37.65602206,127.0130449
강북구,강북안심11,37.65616237,127.0125714
강북구,강북안심11,37.65619074,127.0126148
강북구,강북안심11,37.65619074,127.0126148
강북구,강북안심11,37.65619074,127.0126148
강북구,강북안심11,37.65619074,127.0126148
강북구,강북안심11,37.65627421,127.0124693
강북구,강북안심11,37.65641976,127.0122991
강북구,강북안심11,37.656447,127.0123173
강북구,강북안심11,37.65659321,127.0119845
강북구,강북안심11,37.65664313,127.0118679
강북구,강북안심11,37.65669032,127.0118679
강북구,강북안심11,37.65669032,127.0118679
강북구,강북안심11,37.656879,127.011777
강북구,강북안심11,37.65711232,127.0116685
강북구,강북안심11,37.6572825,127.011536
강북구,강북안심11,37.65726102,127.0115674
강북구,강북안심11,37.65733594,127.0115878
강북구,강북안심11,37.65733594,127.0115878
강북구,강북안심11,37.657444,127.011573
강북구,강북안심11,37.657444,127.011573
강북구,강북안심11,37.657444,127.011573
강북구,강북안심11,37.65766541,127.0117408
강북구,강북안심11,37.657696,127.011731
강북구,강북안심11,37.657696,127.011731
강북구,강북안심11,37.657737,127.011914
강북구,강북안심11,37.658114,127.012074
강북구,강북안심11,37.658114,127.012074
강북구,강북안심11,37.658114,127.012074
강북구,강북안심11,37.65816499,127.0120928
강북구,강북안심11,37.658376,127.011677
강북구,강북안심11,37.65843442,127.0114974
강북구,강북안심11,37.658408,127.011452
강북구,강북안심11,37.658408,127.011452
강북구,강북안심11,37.658591,127.01136
강북구,강북안심11,37.658591,127.01136
강북구,강북안심11,37.658636,127.011294
강북구,강북안심12,37.641862,127.02885
강북구,강북안심12,37.641905,127.028845
강북구,강북안심12,37.641905,127.028845
강북구,강북안심12,37.641905,127.028845
강북구,강북안심12,37.64192,127.028815
강북구,강북안심12,37.64192,127.028815
강북구,강북안심12,37.64206,127.028435
강북구,강북안심12,37.642147,127.028373
강북구,강북안심12,37.642147,127.028373
강북구,강북안심12,37.642142,127.028324
강북구,강북안심12,37.642169,127.028189
강북구,강북안심12,37.642327,127.027948
강북구,강북안심12,37.642352,127.027965
강북구,강북안심12,37.642352,127.027965
강북구,강북안심12,37.642352,127.027965
강북구,강북안심12,37.642562,127.027546
강북구,강북안심12,37.642595,127.027411
강북구,강북안심12,37.642619,127.027419
강북구,강북안심12,37.642619,127.027419
강북구,강북안심12,37.642662,127.027321
강북구,강북안심12,37.642759,127.026971
강북구,강북안심12,37.642759,127.026971
강북구,강북안심12,37.642844,127.02695
강북구,강북안심12,37.642844,127.02695
강북구,강북안심12,37.642829,127.02693
강북구,강북안심12,37.643093,127.026494
강북구,강북안심12,37.643093,127.026494
강북구,강북안심12,37.6433,127.026085
강북구,강북안심12,37.643308,127.02601
강북구,강북안심12,37.643329,127.026024
강북구,강북안심12,37.643329,127.026024
강북구,강북안심12,37.643329,127.026024
강북구,강북안심12,37.643329,127.026024
강북구,강북안심12,37.643405,127.025862
강북구,강북안심12,37.643448,127.025659
강북구,강북안심12,37.643601,127.025472
강북구,강북안심12,37.643746,127.025225
강북구,강북안심12,37.643746,127.025225
강북구,강북안심12,37.643741,127.02521
강북구,강북안심12,37.643741,127.02521
강북구,강북안심12,37.643755,127.025171
강북구,강북안심13,37.63904641,127.0223475
강북구,강북안심13,37.63904641,127.0223475
강북구,강북안심13,37.63904641,127.0223475
강북구,강북안심13,37.63902031,127.0222844
강북구,강북안심13,37.6389258,127.0216003
강북구,강북안심13,37.6389258,127.0216003
강북구,강북안심13,37.6389258,127.0216003
강북구,강북안심13,37.63896927,127.0216155
강북구,강북안심13,37.63899168,127.0215501
강북구,강북안심13,37.63890306,127.0213035
강북구,강북안심13,37.63890306,127.0213035
강북구,강북안심13,37.63891867,127.0210677
강북구,강북안심13,37.638866,127.021001
강북구,강북안심13,37.638866,127.021001
강북구,강북안심13,37.638877,127.020996
강북구,강북안심13,37.638877,127.020996
강북구,강북안심13,37.638877,127.020996
강북구,강북안심13,37.638919,127.020727
강북구,강북안심13,37.63886038,127.0207245
강북구,강북안심13,37.63886038,127.0207245
강북구,강북안심13,37.638846,127.02042
강북구,강북안심13,37.638829,127.020352
강북구,강북안심13,37.638829,127.020352
강북구,강북안심13,37.638829,127.020352
강북구,강북안심13,37.63885215,127.0201293
강북구,강북안심13,37.638801,127.020027
강북구,강북안심13,37.638801,127.020027
강북구,강북안심13,37.638801,127.020027
강북구,강북안심13,37.638774,127.019751
강북구,강북안심13,37.638774,127.019751
강북구,강북안심13,37.638802,127.019564
강북구,강북안심13,37.638771,127.01953
강북구,강북안심13,37.638771,127.01953
강북구,강북안심13,37.638771,127.01953
강북구,강북안심13,37.638832,127.019384
강북구,강북안심13,37.638728,127.019045
강북구,강북안심13,37.638806,127.018888
강북구,강북안심13,37.63877303,127.0188884
강북구,강북안심13,37.63872,127.018809
강북구,강북안심13,37.63872,127.018809
강북구,강북안심13,37.638703,127.018657
강북구,강북안심13,37.638703,127.018657
강북구,강북안심13,37.6387205,127.0181546
강북구,강북안심13,37.63865,127.018117
강북구,강북안심13,37.63865,127.018117
강북구,강북안심13,37.6386982,127.0177684
강북구,강북안심13,37.63872,127.017675
강북구,강북안심13,37.63872,127.017675
강북구,강북안심13,37.638695,127.017377
강북구,강북안심13,37.638686,127.01724
강북구,강북안심14,37.63721621,127.0242788
강북구,강북안심14,37.63735662,127.0241262
강북구,강북안심14,37.6373241,127.0240877
강북구,강북안심14,37.6373241,127.0240877
강북구,강북안심14,37.637456,127.023898
강북구,강북안심14,37.637456,127.023898
강북구,강북안심14,37.63759841,127.023693
강북구,강북안심14,37.63759841,127.023693
강북구,강북안심14,37.63759841,127.023693
강북구,강북안심14,37.63762326,127.0237181
강북구,강북안심14,37.637742,127.023455
강북구,강북안심14,37.637742,127.023455
강북구,강북안심14,37.637742,127.023455
강북구,강북안심14,37.63775727,127.0235272
강북구,강북안심14,37.637925,127.02355
강북구,강북안심14,37.637872,127.023608
강북구,강북안심14,37.63808244,127.0237674
강북구,강북안심14,37.63808244,127.0237674
강북구,강북안심14,37.63807444,127.0237574
강북구,강북안심14,37.63807444,127.0237574
강북구,강북안심14,37.63807444,127.0237574
강북구,강북안심14,37.63803964,127.0237254
강북구,강북안심14,37.63811658,127.0238251
강북구,강북안심14,37.63812944,127.0237802
강북구,강북안심14,37.63812944,127.0237802
강북구,강북안심14,37.63816191,127.0237708
강북구,강북안심14,37.63816191,127.0237708
강북구,강북안심14,37.63816191,127.0237708
강북구,강북안심14,37.63816191,127.0237708
강북구,강북안심14,37.63826805,127.0237543
강북구,강북안심14,37.63826805,127.0237543
강북구,강북안심14,37.63815953,127.0237342
강북구,강북안심14,37.63838694,127.0236712
강북구,강북안심14,37.63841305,127.0237016
강북구,강북안심14,37.63841305,127.0237016
강북구,강북안심14,37.63874855,127.0236478
강북구,강북안심14,37.63882855,127.0235998
강북구,강북안심14,37.63882855,127.0235998
강북구,강북안심14,37.63882855,127.0235998
강북구,강북안심14,37.63882855,127.0236138
강북구,강북안심14,37.63905667,127.0236335
강북구,강북안심14,37.63905667,127.0236335
강북구,강북안심14,37.63931253,127.0235951
강북구,강북안심14,37.63931253,127.0235951
강북구,강북안심14,37.63931253,127.0235951
강북구,강북안심14,37.63936878,127.0235709
강북구,강북안심14,37.639489,127.023333
강북구,강북안심14,37.639584,127.023538
강북구,강북안심14,37.639726,127.023473
강북구,강북안심14,37.639972,127.023516
강북구,강북안심14,37.64009063,127.0234903
강북구,강북안심14,37.64009463,127.0234573
강북구,강북안심14,37.64009463,127.0234573
강북구,강북안심14,37.64009463,127.0234573
강북구,강북안심14,37.640262,127.0234902
강북구,강북안심14,37.640293,127.0234222
강북구,강북안심14,37.64055971,127.023429
강북구,강북안심14,37.64055699,127.0233806
강북구,강북안심14,37.64055699,127.0233806
강북구,강북안심14,37.64055699,127.0233806
강북구,강북안심14,37.64056899,127.0233766
강북구,강북안심14,37.64056899,127.0233766
강북구,강북안심14,37.64057199,127.0233536
강북구,강북안심14,37.64057199,127.0233536
강북구,강북안심14,37.640766,127.023403
강북구,강북안심14,37.6410112,127.0233948
강북구,강북안심14,37.6410252,127.0234098
강북구,강북안심14,37.6410252,127.0234098
강북구,강북안심14,37.6410252,127.0234098
강북구,강북안심14,37.64121,127.023368
강북구,강북안심14,37.64120485,127.02357
강북구,강북안심14,37.6415542,127.0234204
강북구,강북안심14,37.6415542,127.0234204
강북구,강북안심14,37.6415632,127.0234024
강북구,강북안심14,37.6415752,127.0234204
강북구,강북안심14,37.64174585,127.0231669
강북구,강북안심14,37.64174585,127.0231669
강북구,강북안심14,37.64174585,127.0231669
강북구,강북안심14,37.64192679,127.0230519
강북구,강북안심14,37.64220158,127.0229061
강북구,강북안심15,37.636774,127.013292
강북구,강북안심15,37.636694,127.013381
강북구,강북안심15,37.636694,127.013381
강북구,강북안심15,37.636717,127.013396
강북구,강북안심15,37.636703,127.013539
강북구,강북안심15,37.636609,127.013842
강북구,강북안심15,37.636609,127.013842
강북구,강북안심15,37.636421,127.014299
강북구,강북안심15,37.636421,127.014299
강북구,강북안심15,37.636394,127.014357
강북구,강북안심15,37.636293,127.014604
강북구,강북안심15,37.636206,127.015004
강북구,강북안심15,37.636128,127.015243
강북구,강북안심15,37.636128,127.015243
강북구,강북안심15,37.636147,127.015303
강북구,강북안심15,37.636103,127.015476
강북구,강북안심15,37.636021,127.015718
강북구,강북안심15,37.635904,127.015865
강북구,강북안심15,37.635904,127.015865
강북구,강북안심15,37.635872,127.015925
강북구,강북안심15,37.635835,127.016118
강북구,강북안심15,37.635835,127.016118
강북구,강북안심15,37.635835,127.016118
강북구,강북안심15,37.635723,127.016146
강북구,강북안심15,37.635478,127.016443
강북구,강북안심15,37.635286,127.016626
강북구,강북안심15,37.635286,127.016626
강북구,강북안심15,37.635286,127.016626
강북구,강북안심15,37.635286,127.016626
강북구,강북안심15,37.635295,127.016666
강북구,강북안심15,37.635288,127.016729
강북구,강북안심15,37.635008,127.017028
강북구,강북안심15,37.635008,127.017028
강북구,강북안심15,37.635019,127.017042
강북구,강북안심16,37.64429459,127.0071722
강북구,강북안심16,37.64405508,127.0062236
강북구,강북안심16,37.64405508,127.0062236
강북구,강북안심16,37.64406408,127.0062446
강북구,강북안심16,37.644148,127.006412
강북구,강북안심16,37.64437606,127.0058519
강북구,강북안심16,37.644354,127.006158
강북구,강북안심16,37.64427179,127.0065146
강북구,강북안심16,37.64427179,127.0065146
강북구,강북안심16,37.644251,127.006604
강북구,강북안심16,37.64427185,127.0065955
강북구,강북안심16,37.64424609,127.0068712
강북구,강북안심16,37.64424609,127.0068712
강북구,강북안심16,37.64426009,127.0068822
강북구,강북안심16,37.64424418,127.0073449
강북구,강북안심16,37.64425043,127.0076581
강북구,강북안심16,37.64425043,127.0076581
강북구,강북안심16,37.64423343,127.0076611
강북구,강북안심16,37.64423343,127.0076611
강북구,강북안심16,37.64420943,127.0076741
강북구,강북안심16,37.64414632,127.007962
강북구,강북안심16,37.64403664,127.0082166
강북구,강북안심16,37.64402164,127.0082186
강북구,강북안심16,37.64402164,127.0082186
강북구,강북안심16,37.64402164,127.0082186
강북구,강북안심16,37.64401079,127.0082515
강북구,강북안심16,37.64401079,127.0082515
강북구,강북안심16,37.64401079,127.0082515
강북구,강북안심16,37.64406185,127.0085992
강북구,강북안심16,37.644219,127.009045
강북구,강북안심16,37.644219,127.009045
강북구,강북안심16,37.64420324,127.0090262
강북구,강북안심16,37.64419224,127.0090572
강북구,강북안심16,37.64419224,127.0090572
강북구,강북안심16,37.64419224,127.0090572
강북구,강북안심16,37.64446066,127.0094737
강북구,강북안심16,37.64446762,127.0095304
강북구,강북안심16,37.64446762,127.0095304
강북구,강북안심16,37.64446762,127.0095434
강북구,강북안심16,37.64446762,127.0095434
강북구,강북안심16,37.64447101,127.0097897
강북구,강북안심16,37.64441,127.010422
강북구,강북안심16,37.644465,127.010445
강북구,강북안심16,37.64449453,127.0106858
강북구,강북안심16,37.64451253,127.0107108
강북구,강북안심17,37.64240906,127.0108458
강북구,강북안심17,37.642344,127.010611
강북구,강북안심17,37.64236822,127.010462
강북구,강북안심17,37.642344,127.010458
강북구,강북안심17,37.642344,127.010458
강북구,강북안심17,37.642344,127.010458
강북구,강북안심17,37.642341,127.010427
강북구,강북안심17,37.64234359,127.0102708
강북구,강북안심17,37.64238038,127.009731
강북구,강북안심17,37.642292,127.009547
강북구,강북안심17,37.64219959,127.0093245
강북구,강북안심17,37.642157,127.009306
강북구,강북안심17,37.642157,127.009306
강북구,강북안심17,37.64207,127.008953
강북구,강북안심17,37.64207,127.008953
강북구,강북안심17,37.642073,127.008951
강북구,강북안심17,37.64218879,127.0089648
강북구,강북안심17,37.64235139,127.0088708
강북구,강북안심17,37.64239179,127.0088262
강북구,강북안심17,37.64239179,127.0088262
강북구,강북안심17,37.64239179,127.0088262
강북구,강북안심17,37.642611,127.00873
강북구,강북안심17,37.642882,127.0086
강북구,강북안심17,37.64310404,127.0084476
강북구,강북안심17,37.64312659,127.0084998
강북구,강북안심17,37.64312659,127.0084998
강북구,강북안심17,37.64311306,127.008503
강북구,강북안심17,37.64311306,127.008503
강북구,강북안심17,37.6430038,127.0080896
강북구,강북안심17,37.6430038,127.0080896
강북구,강북안심17,37.6430038,127.0080896
강북구,강북안심17,37.6430308,127.0080846
강북구,강북안심17,37.642894,127.007773
강북구,강북안심17,37.642903,127.007752
강북구,강북안심17,37.642903,127.007752
강북구,강북안심17,37.64248986,127.0070911
강북구,강북안심17,37.642468,127.007108
강북구,강북안심17,37.642468,127.007108
강북구,강북안심17,37.64227606,127.0065269
강북구,강북안심17,37.64227606,127.0065269
강북구,강북안심17,37.64227606,127.0065269
강북구,강북안심17,37.642199,127.006071
강북구,강북안심17,37.64221832,127.005912
강북구,강북안심17,37.64214366,127.0055613
강북구,강북안심17,37.64211906,127.0055541
강북구,강북안심17,37.64211906,127.0055541
강북구,강북안심17,37.642178,127.005537
강북구,강북안심17,37.642178,127.005537
강북구,강북안심18,37.636267,127.030885
강북구,강북안심18,37.636383,127.030721
강북구,강북안심18,37.636383,127.030721
강북구,강북안심18,37.636383,127.030721
강북구,강북안심18,37.636383,127.030721
강북구,강북안심18,37.63636808,127.0306649
강북구,강북안심18,37.63656046,127.0304311
강북구,강북안심18,37.63656046,127.0304311
강북구,강북안심18,37.63672633,127.0302028
강북구,강북안심18,37.63672633,127.0302028
강북구,강북안심18,37.63672633,127.0302028
강북구,강북안심18,37.63672633,127.0302028
강북구,강북안심18,37.63672633,127.0302028
강북구,강북안심18,37.63668414,127.0301908
강북구,강북안심18,37.63686,127.03
강북구,강북안심18,37.63686,127.03
강북구,강북안심18,37.63686,127.03
강북구,강북안심18,37.63686,127.03
강북구,강북안심18,37.636958,127.029843
강북구,강북안심18,37.636958,127.029843
강북구,강북안심18,37.636958,127.029843
강북구,강북안심18,37.636958,127.029843
강북구,강북안심18,37.636952,127.029803
강북구,강북안심18,37.637061,127.029685
강북구,강북안심18,37.63726163,127.0293595
강북구,강북안심18,37.637286,127.029399
강북구,강북안심18,37.637286,127.029399
강북구,강북안심18,37.637286,127.029399
강북구,강북안심18,37.637286,127.029399
강북구,강북안심18,37.637376,127.029241
강북구,강북안심18,37.637376,127.029241
강북구,강북안심18,37.637376,127.029241
강북구,강북안심18,37.637376,127.029241
강북구,강북안심18,37.637336,127.029175
강북구,강북안심18,37.637336,127.029175
강북구,강북안심18,37.63735796,127.0292139
강북구,강북안심18,37.637559,127.028983
강북구,강북안심18,37.637604,127.028911
강북구,강북안심18,37.63771,127.028744
강북구,강북안심18,37.63771,127.028744
강북구,강북안심18,37.63771,127.028744
강북구,강북안심18,37.63771,127.028744
강북구,강북안심18,37.637692,127.028723
강북구,강북안심18,37.637768,127.028534
강북구,강북안심18,37.637924,127.028428
강북구,강북안심18,37.637924,127.028428
강북구,강북안심18,37.637924,127.028428
강북구,강북안심18,37.637924,127.028428
강북구,강북안심18,37.63790536,127.0284173
강북구,강북안심18,37.63794726,127.0282885
강북구,강북안심18,37.63794726,127.0282885
강북구,강북안심18,37.638096,127.028075
강북구,강북안심18,37.638193,127.028029
강북구,강북안심18,37.638214,127.028
강북구,강북안심18,37.638214,127.028
강북구,강북안심18,37.638214,127.028
강북구,강북안심18,37.638214,127.028
강북구,강북안심18,37.638214,127.028
강북구,강북안심18,37.63819713,127.027967
강북구,강북안심18,37.638343,127.027819
강북구,강북안심18,37.63837,127.027653
강북구,강북안심18,37.63837,127.027653
강북구,강북안심18,37.638338,127.027697
강북구,강북안심18,37.638443,127.02766
강북구,강북안심18,37.638443,127.02766
강북구,강북안심18,37.638443,127.02766
강북구,강북안심18,37.638443,127.02766
강북구,강북안심18,37.63842992,127.0276446
강북구,강북안심19,37.640721,127.029165
강북구,강북안심19,37.640721,127.029165
강북구,강북안심19,37.64074223,127.029199
강북구,강북안심19,37.640485,127.029643
강북구,강북안심19,37.640485,127.029643
강북구,강북안심19,37.640384,127.029606
강북구,강북안심19,37.640384,127.029606
강북구,강북안심19,37.64040904,127.0296707
강북구,강북안심19,37.640299,127.02983
강북구,강북안심19,37.640283,127.029821
강북구,강북안심19,37.640283,127.029821
강북구,강북안심19,37.640128,127.030098
강북구,강북안심19,37.640096,127.030098
강북구,강북안심19,37.640096,127.030098
강북구,강북안심19,37.640096,127.030098
강북구,강북안심19,37.639807,127.030515
강북구,강북안심19,37.639807,127.030515
강북구,강북안심19,37.639638,127.030751
강북구,강북안심19,37.639557,127.03099
강북구,강북안심19,37.639557,127.03099
강북구,강북안심19,37.639557,127.03099
강북구,강북안심19,37.639502,127.030972
강북구,강북안심19,37.639495,127.030978
강북구,강북안심19,37.63917772,127.0314914
강북구,강북안심19,37.639122,127.031496
강북구,강북안심19,37.639122,127.031496
강북구,강북안심19,37.639122,127.031496
강북구,강북안심19,37.639167,127.031548
강북구,강북안심19,37.639167,127.031548
강북구,강북안심19,37.638966,127.031755
강북구,강북안심19,37.63895825,127.0318021
강북구,강북안심19,37.63874894,127.0320596
강북구,강북안심19,37.638627,127.0322472
강북구,강북안심19,37.638627,127.0322472
강북구,강북안심19,37.638627,127.0322472
강북구,강북안심19,37.63864139,127.0322711
강북구,강북안심19,37.638448,127.032488
강북구,강북안심19,37.638448,127.032488
강북구,강북안심19,37.638334,127.032776
강북구,강북안심19,37.638137,127.032966
강북구,강북안심19,37.638137,127.032966
강북구,강북안심19,37.63816369,127.0329925
강북구,강북안심20,37.63564369,127.0251449
강북구,강북안심20,37.635675,127.025178
강북구,강북안심20,37.635675,127.025178
강북구,강북안심20,37.63569874,127.0254705
강북구,강북안심20,37.63566554,127.0258334
강북구,강북안심20,37.63566554,127.0258334
강북구,강북안심20,37.63566554,127.0258334
강북구,강북안심20,37.63571205,127.0259972
강북구,강북안심20,37.63574,127.026046
강북구,강북안심20,37.63574,127.026046
강북구,강북안심20,37.63574,127.026046
강북구,강북안심20,37.63574,127.026046
강북구,강북안심20,37.635758,127.026369
강북구,강북안심20,37.63577,127.0265
강북구,강북안심20,37.63580374,127.0268878
강북구,강북안심20,37.63580374,127.0268878
강북구,강북안심20,37.63580374,127.0268878
강북구,강북안심20,37.63578064,127.026884
강북구,강북안심20,37.635821,127.027141
강북구,강북안심20,37.635821,127.027141
강북구,강북안심20,37.635821,127.027141
강북구,강북안심20,37.63577233,127.0273425
강북구,강북안심20,37.63582072,127.0275688
강북구,강북안심20,37.63584,127.027584
강북구,강북안심20,37.63584,127.027584
강북구,강북안심20,37.63584,127.027584
강북구,강북안심20,37.635879,127.028005
강북구,강북안심20,37.635919,127.028467
강북구,강북안심20,37.63588271,127.0285527
강북구,강북안심20,37.635928,127.028594
강북구,강북안심20,37.635928,127.028594
강북구,강북안심20,37.635866,127.028626
강북구,강북안심20,37.63595,127.028903
강북구,강북안심20,37.63595,127.028903
강북구,강북안심20,37.63595,127.028903
강북구,강북안심20,37.63595,127.028903
강북구,강북안심20,37.63590642,127.0289337
강북구,강북안심20,37.635887,127.028934
강북구,강북안심20,37.635887,127.028934
강북구,강북안심20,37.635931,127.029365
강북구,강북안심20,37.635985,127.029385
강북구,강북안심20,37.635985,127.029385
강북구,강북안심20,37.635985,127.029385
강북구,강북안심20,37.635985,127.029385
강북구,강북안심20,37.635997,127.02961
강북구,강북안심20,37.635985,127.029931
강북구,강북안심20,37.636029,127.029944
강북구,강북안심20,37.636029,127.029944
강북구,강북안심20,37.636029,127.029944
강북구,강북안심20,37.636029,127.029944
강북구,강북안심20,37.636029,127.029944
강북구,강북안심20,37.636029,127.029944
강북구,강북안심20,37.635963,127.030063
강북구,강북안심20,37.636034,127.030194
강북구,강북안심20,37.63605,127.030384
강북구,강북안심20,37.636068,127.030652
강북구,강북안심20,37.63608,127.030854
강북구,강북안심20,37.636002,127.031108
강북구,강북안심20,37.636002,127.031108
강북구,강북안심20,37.63621219,127.0312976
강북구,강북안심20,37.636244,127.031283
강북구,강북안심20,37.636244,127.031283
강북구,강북안심20,37.636244,127.031283
강북구,강북안심20,37.636244,127.031283
강북구,강북안심20,37.636391,127.031491
강북구,강북안심21,37.62861701,127.0396294
강북구,강북안심21,37.62860557,127.0395969
강북구,강북안심21,37.62860557,127.0395969
강북구,강북안심21,37.62821537,127.0398398
강북구,강북안심21,37.62820637,127.0398478
강북구,강북안심21,37.62820637,127.0398478
강북구,강북안심21,37.62809398,127.0398464
강북구,강북안심21,37.62809398,127.0398464
강북구,강북안심21,37.62813305,127.0398353
강북구,강북안심21,37.62784265,127.039691
강북구,강북안심21,37.62783365,127.03971
강북구,강북안심21,37.62783365,127.03971
강북구,강북안심21,37.6276253,127.0395829
강북구,강북안심21,37.62761758,127.0396144
강북구,강북안심21,37.62761758,127.0396144
강북구,강북안심21,37.62738709,127.0395077
강북구,강북안심23,37.626965,127.025735
강북구,강북안심23,37.62698688,127.0256898
강북구,강북안심23,37.626824,127.025247
강북구,강북안심23,37.626824,127.025247
강북구,강북안심23,37.626824,127.025247
강북구,강북안심23,37.626824,127.025247
강북구,강북안심23,37.62684816,127.025152
강북구,강북안심23,37.626758,127.024933
강북구,강북안심23,37.62672535,127.0246001
강북구,강북안심23,37.626692,127.024606
강북구,강북안심23,37.626692,127.024606
강북구,강북안심23,37.626692,127.024606
강북구,강북안심23,37.626623,127.024366
강북구,강북안심23,37.626602,127.024046
강북구,강북안심23,37.62656975,127.0239828
강북구,강북안심23,37.626526,127.023966
강북구,강북안심23,37.626526,127.023966
강북구,강북안심23,37.626493,127.023469
강북구,강북안심23,37.626493,127.023469
강북구,강북안심23,37.626468,127.023362
강북구,강북안심23,37.62644302,127.0233199
강북구,강북안심23,37.626423,127.023317
강북구,강북안심23,37.626476,127.022933
강북구,강북안심23,37.626476,127.022933
강북구,강북안심23,37.62644311,127.0224455
강북구,강북안심23,37.626466,127.022391
강북구,강북안심23,37.626466,127.022391
강북구,강북안심23,37.626457,127.02183
강북구,강북안심23,37.626457,127.02183
강북구,강북안심23,37.626457,127.02183
강서구,강서안심01,37.549651,126.851534
강서구,강서안심01,37.549651,126.851534
강서구,강서안심01,37.549658,126.851585
강서구,강서안심01,37.549523,126.8518
강서구,강서안심01,37.549377,126.852075
강서구,강서안심01,37.549352,126.852155
강서구,강서안심01,37.549331,126.852154
강서구,강서안심01,37.549331,126.852154
강서구,강서안심01,37.549127,126.852576
강서구,강서안심01,37.549125,126.852533
강서구,강서안심01,37.549125,126.852533
강서구,강서안심01,37.548905,126.85296
강서구,강서안심01,37.548875,126.85295
강서구,강서안심01,37.548875,126.85295
강서구,강서안심01,37.548738,126.853225
강서구,강서안심01,37.548738,126.853225
강서구,강서안심01,37.548738,126.853225
강서구,강서안심01,37.548552,126.853653
강서구,강서안심01,37.548537,126.853636
강서구,강서안심01,37.548537,126.853636
강서구,강서안심02,37.545751,126.847578
강서구,강서안심02,37.545735,126.847694
강서구,강서안심02,37.545758,126.847756
강서구,강서안심02,37.545758,126.847756
강서구,강서안심02,37.545428,126.848338
강서구,강서안심02,37.545428,126.848338
강서구,강서안심02,37.545428,126.848338
강서구,강서안심02,37.545428,126.848338
강서구,강서안심02,37.545408,126.848313
강서구,강서안심02,37.545267,126.848401
강서구,강서안심02,37.545005,126.848528
강서구,강서안심02,37.544695,126.848648
강서구,강서안심02,37.544697,126.848679
강서구,강서안심02,37.544697,126.848679
강서구,강서안심02,37.544637,126.848728
강서구,강서안심02,37.544637,126.848728
강서구,강서안심02,37.544565,126.848764
강서구,강서안심02,37.54427,126.848811
강서구,강서안심02,37.544229,126.848843
강서구,강서안심02,37.544266,126.848874
강서구,강서안심02,37.544266,126.848874
강서구,강서안심02,37.544231,126.848781
강서구,강서안심05,37.531271,126.85136
강서구,강서안심05,37.531286,126.851316
강서구,강서안심05,37.531286,126.851316
강서구,강서안심05,37.531286,126.851316
강서구,강서안심05,37.531286,126.851316
강서구,강서안심05,37.531778,126.851322
강서구,강서안심05,37.531793,126.851278
강서구,강서안심05,37.531793,126.851278
강서구,강서안심05,37.532096,126.851297
강서구,강서안심05,37.532114,126.851274
강서구,강서안심05,37.532114,126.851274
강서구,강서안심05,37.532462,126.851277
강서구,강서안심05,37.532481,126.851304
강서구,강서안심05,37.532481,126.851304
강서구,강서안심05,37.532474,126.851243
강서구,강서안심05,37.533091,126.851172
강서구,강서안심05,37.533185,126.851175
강서구,강서안심05,37.533274,126.851204
강서구,강서안심05,37.533404,126.851169
강서구,강서안심05,37.533404,126.851169
강서구,강서안심05,37.533602,126.851225
강서구,강서안심05,37.533625,126.851181
강서구,강서안심05,37.533682,126.851145
강서구,강서안심05,37.533682,126.851145
강서구,강서안심06,37.534977,126.856009
강서구,강서안심06,37.534977,126.856009
강서구,강서안심06,37.534953,126.855963
강서구,강서안심06,37.53522,126.856451
강서구,강서안심06,37.535233,126.856406
강서구,강서안심06,37.535233,126.856406
강서구,강서안심06,37.535233,126.856406
강서구,강서안심06,37.535216,126.856518
강서구,강서안심06,37.535269,126.856469
강서구,강서안심06,37.535527,126.856846
강서구,강서안심06,37.535539,126.856855
강서구,강서안심06,37.535539,126.856855
강서구,강서안심06,37.535568,126.857033
강서구,강서안심06,37.535755,126.857202
강서구,강서안심06,37.535719,126.857216
강서구,강서안심06,37.535755,126.857202
강서구,강서안심06,37.535755,126.857202
강서구,강서안심06,37.535755,126.857202
강서구,강서안심06,37.535957,126.857537
강서구,강서안심06,37.535967,126.85769
강서구,강서안심06,37.535967,126.85769
강서구,강서안심06,37.536125,126.857797
강서구,강서안심06,37.536279,126.858005
강서구,강서안심06,37.536279,126.858005
강서구,강서안심06,37.536271,126.85808
강서구,강서안심06,37.536244,126.858075
강서구,강서안심06,37.536244,126.858075
강서구,강서안심06,37.536244,126.858075
강서구,강서안심06,37.536244,126.858075
강서구,강서안심06,37.536435,126.858277
강서구,강서안심06,37.536534,126.858404
강서구,강서안심06,37.536605,126.858592
강서구,강서안심06,37.536556,126.858573
강서구,강서안심06,37.536556,126.858573
강서구,강서안심06,37.536556,126.858573
강서구,강서안심06,37.536834,126.858907
강서구,강서안심06,37.536834,126.858907
강서구,강서안심06,37.536834,126.858907
강서구,강서안심06,37.536809,126.858943
강서구,강서안심06,37.536809,126.858943
강서구,강서안심06,37.536983,126.859191
강서구,강서안심06,37.536965,126.859222
강서구,강서안심06,37.536965,126.859222
강서구,강서안심06,37.537094,126.859381
강서구,강서안심06,37.537094,126.859381
강서구,강서안심07,37.567461,126.815183
강서구,강서안심07,37.567302,126.815182
강서구,강서안심07,37.566923,126.815185
강서구,강서안심07,37.566697,126.815189
강서구,강서안심07,37.566697,126.815189
강서구,강서안심07,37.566694,126.815157
강서구,강서안심07,37.566294,126.81521
강서구,강서안심07,37.565928,126.815219
강서구,강서안심07,37.565928,126.815219
강서구,강서안심07,37.565926,126.815178
강서구,강서안심07,37.565591,126.815094
강서구,강서안심07,37.565496,126.815209
강서구,강서안심07,37.565069,126.815169
강서구,강서안심07,37.56506,126.815213
강서구,강서안심07,37.56506,126.815213
강서구,강서안심07,37.564746,126.815198
강서구,강서안심07,37.564394,126.815163
강서구,강서안심07,37.564387,126.815194
강서구,강서안심07,37.564387,126.815194
강서구,강서안심07,37.564177,126.815125
강서구,강서안심07,37.564177,126.815125
강서구,강서안심07,37.564177,126.815125
강서구,강서안심07,37.564028,126.81514
강서구,강서안심07,37.563738,126.815151
강서구,강서안심07,37.563534,126.815174
강서구,강서안심07,37.563268,126.815145
강서구,강서안심07,37.563132,126.815182
강서구,강서안심07,37.563067,126.815174
강서구,강서안심07,37.563067,126.815174
강서구,강서안심07,37.563067,126.815174
강서구,강서안심07,37.563067,126.815174
강서구,강서안심08,37.560763,126.812218
강서구,강서안심08,37.560788,126.81233
강서구,강서안심08,37.560752,126.812188
강서구,강서안심08,37.560752,126.812188
강서구,강서안심08,37.560367,126.81222
강서구,강서안심08,37.560367,126.81222
강서구,강서안심08,37.560367,126.81222
강서구,강서안심08,37.560264,126.812255
강서구,강서안심08,37.560222,126.812286
강서구,강서안심08,37.560222,126.812286
강서구,강서안심08,37.559801,126.812311
강서구,강서안심08,37.559801,126.812311
강서구,강서안심08,37.559728,126.812274
강서구,강서안심08,37.559513,126.812315
강서구,강서안심08,37.559513,126.812315
강서구,강서안심08,37.559513,126.812315
강서구,강서안심08,37.55932,126.812321
강서구,강서안심08,37.559122,126.812289
강서구,강서안심08,37.559122,126.812245
강서구,강서안심08,37.558695,126.812259
강서구,강서안심08,37.558492,126.812261
강서구,강서안심08,37.558492,126.812261
강서구,강서안심08,37.558492,126.812261
강서구,강서안심08,37.558492,126.812261
강서구,강서안심09,37.56322,126.813853
강서구,강서안심09,37.563225,126.813788
강서구,강서안심09,37.563225,126.813788
강서구,강서안심09,37.563414,126.81335
강서구,강서안심09,37.563414,126.81335
강서구,강서안심09,37.563637,126.813032
강서구,강서안심09,37.563685,126.812821
강서구,강서안심09,37.563685,126.812821
강서구,강서안심09,37.563706,126.812841
강서구,강서안심09,37.563742,126.812851
강서구,강서안심09,37.563742,126.812851
강서구,강서안심09,37.563845,126.812487
강서구,강서안심09,37.564031,126.812138
강서구,강서안심09,37.564031,126.812138
강서구,강서안심09,37.564053,126.812159
강서구,강서안심09,37.564108,126.811988
강서구,강서안심09,37.56426,126.811757
강서구,강서안심09,37.564241,126.811725
강서구,강서안심09,37.564241,126.811725
강서구,강서안심15,37.532116,126.842248
강서구,강서안심15,37.532116,126.842248
강서구,강서안심15,37.532087,126.842297
강서구,강서안심15,37.532108,126.842568
강서구,강서안심15,37.532108,126.842568
강서구,강서안심15,37.532112,126.842343
강서구,강서안심15,37.532136,126.84319
강서구,강서안심15,37.532136,126.84319
강서구,강서안심15,37.532136,126.84319
강서구,강서안심15,37.532158,126.843109
강서구,강서안심15,37.532188,126.843204
강서구,강서안심15,37.532188,126.843204
강서구,강서안심15,37.532188,126.843204
강서구,강서안심15,37.532213,126.843643
강서구,강서안심15,37.532213,126.843643
강서구,강서안심15,37.532183,126.843979
강서구,강서안심15,37.532183,126.843979
강서구,강서안심15,37.532223,126.843955
강서구,강서안심15,37.5322,126.844093
강서구,강서안심15,37.532212,126.844239
강서구,강서안심15,37.532228,126.844458
강서구,강서안심15,37.532228,126.844458
강서구,강서안심15,37.532228,126.844458
강서구,강서안심15,37.532228,126.844458
강서구,강서안심15,37.532403,126.844949
강서구,강서안심15,37.532367,126.844929
강서구,강서안심15,37.532402,126.845033
강서구,강서안심15,37.532402,126.845033
강서구,강서안심15,37.532494,126.845331
강서구,강서안심15,37.532548,126.845333
강서구,강서안심15,37.532582,126.845531
강서구,강서안심15,37.532742,126.845785
강서구,강서안심15,37.532742,126.845785
강서구,강서안심15,37.532742,126.845785
강서구,강서안심15,37.532726,126.845804
강서구,강서안심16,37.554947,126.872018
강서구,강서안심16,37.554947,126.872018
강서구,강서안심16,37.554947,126.872018
강서구,강서안심16,37.554734,126.871938
강서구,강서안심16,37.554514,126.871828
강서구,강서안심16,37.554514,126.871828
강서구,강서안심16,37.554522,126.871809
강서구,강서안심16,37.554396,126.87175
강서구,강서안심16,37.55421,126.8716
강서구,강서안심16,37.554045,126.87147
강서구,강서안심16,37.553865,126.871334
강서구,강서안심16,37.553865,126.871334
강서구,강서안심16,37.553875,126.871308
강서구,강서안심16,37.55382,126.871227
강서구,강서안심16,37.553663,126.871178
강서구,강서안심16,37.553502,126.871065
강서구,강서안심16,37.553502,126.871065
강서구,강서안심16,37.553502,126.871065
강서구,강서안심16,37.553457,126.871034
강서구,강서안심16,37.553457,126.871034
강서구,강서안심16,37.553272,126.870754
강서구,강서안심16,37.553144,126.870601
강서구,강서안심16,37.55313,126.870622
강서구,강서안심16,37.55313,126.870622
강서구,강서안심16,37.55296,126.870383
강서구,강서안심16,37.552902,126.870346
강서구,강서안심16,37.552902,126.870346
강서구,강서안심16,37.552762,126.87008
강서구,강서안심16,37.552762,126.87008
강서구,강서안심16,37.552691,126.870163
강서구,강서안심17,37.555517,126.862158
강서구,강서안심17,37.555307,126.86201
강서구,강서안심17,37.555307,126.86201
강서구,강서안심17,37.555305,126.861975
강서구,강서안심17,37.555055,126.861827
강서구,강서안심17,37.554717,126.861585
강서구,강서안심17,37.554717,126.861585
강서구,강서안심17,37.554717,126.861585
강서구,강서안심17,37.554659,126.861469
강서구,강서안심17,37.554659,126.861469
강서구,강서안심17,37.554643,126.861494
강서구,강서안심17,37.554498,126.861363
강서구,강서안심17,37.554305,126.86122
강서구,강서안심17,37.554101,126.861072
강서구,강서안심17,37.554101,126.861072
강서구,강서안심17,37.554083,126.86109
강서구,강서안심17,37.554017,126.86108
강서구,강서안심17,37.553699,126.86077
강서구,강서안심17,37.553699,126.86077
강서구,강서안심17,37.553699,126.86077
강서구,강서안심17,37.553476,126.860608
강서구,강서안심17,37.553476,126.860608
강서구,강서안심17,37.55346,126.860635
강서구,강서안심17,37.553387,126.86055
강서구,강서안심19,37.542473,126.834819
강서구,강서안심19,37.542891,126.838432
강서구,강서안심19,37.54285,126.838368
강서구,강서안심19,37.54287,126.838374
강서구,강서안심19,37.542819,126.838351
강서구,강서안심19,37.542819,126.838351
강서구,강서안심19,37.542763,126.837905
강서구,강서안심19,37.542764,126.83778
강서구,강서안심19,37.542795,126.837725
강서구,강서안심19,37.542708,126.837364
강서구,강서안심19,37.542682,126.837206
강서구,강서안심19,37.542682,126.837206
강서구,강서안심19,37.542682,126.837206
강서구,강서안심19,37.542702,126.837043
강서구,강서안심19,37.54264,126.836838
강서구,강서안심19,37.54264,126.836838
강서구,강서안심19,37.54264,126.836838
강서구,강서안심19,37.542634,126.836617
강서구,강서안심19,37.542619,126.836565
강서구,강서안심19,37.542641,126.836548
강서구,강서안심19,37.542619,126.836078
강서구,강서안심19,37.542655,126.835882
강서구,강서안심19,37.542655,126.835882
강서구,강서안심19,37.542565,126.835882
강서구,강서안심19,37.542564,126.835526
강서구,강서안심19,37.542564,126.835526
강서구,강서안심19,37.542549,126.835491
강서구,강서안심19,37.54257,126.835356
강서구,강서안심19,37.542567,126.835035
강서구,강서안심19,37.542473,126.834819
강서구,강서안심19,37.542473,126.834819
강서구,강서안심20,37.550503,126.862584
강서구,강서안심20,37.551581,126.862885
강서구,강서안심20,37.551471,126.862815
강서구,강서안심20,37.551361,126.862756
강서구,강서안심20,37.551361,126.862756
강서구,강서안심20,37.551141,126.862762
강서구,강서안심20,37.551141,126.862762
강서구,강서안심20,37.551141,126.862762
강서구,강서안심20,37.551158,126.862695
강서구,강서안심20,37.550941,126.862631
강서구,강서안심20,37.550941,126.862631
강서구,강서안심20,37.550936,126.862659
강서구,강서안심20,37.550556,126.862524
강서구,강서안심20,37.550503,126.862584
강서구,강서안심20,37.550503,126.862584
강서구,강서안심20,37.550345,126.862509
강서구,강서안심20,37.550345,126.862509
강서구,강서안심20,37.550347,126.862477
강서구,강서안심20,37.550068,126.86242
강서구,강서안심20,37.549869,126.862354
강서구,강서안심20,37.549869,126.862354
강서구,강서안심20,37.549819,126.862304
강서구,강서안심20,37.549554,126.862267
강서구,강서안심21,37.549723,126.860908
강서구,강서안심21,37.549723,126.860908
강서구,강서안심21,37.549723,126.860908
강서구,강서안심21,37.549655,126.861268
강서구,강서안심21,37.549655,126.861268
강서구,강서안심21,37.549677,126.861281
강서구,강서안심21,37.549572,126.861685
강서구,강서안심21,37.549572,126.861685
강서구,강서안심21,37.549572,126.861685
강서구,강서안심21,37.549572,126.861685
강서구,강서안심21,37.549593,126.861698
강서구,강서안심21,37.549516,126.861983
강서구,강서안심21,37.549441,126.862467
강서구,강서안심21,37.549421,126.86249
강서구,강서안심21,37.549421,126.86249
강서구,강서안심21,37.549399,126.86282
강서구,강서안심21,37.549399,126.86282
강서구,강서안심21,37.549313,126.862855
강서구,강서안심21,37.549325,126.862968
강서구,강서안심21,37.549298,126.863215
강서구,강서안심21,37.549267,126.863239
강서구,강서안심21,37.549267,126.863239
강서구,강서안심21,37.549226,126.86344
강서구,강서안심21,37.549226,126.86344
강서구,강서안심23,37.578297,126.814734
강서구,강서안심23,37.578278,126.814828
강서구,강서안심23,37.578297,126.815241
강서구,강서안심23,37.578297,126.815241
강서구,강서안심23,37.578292,126.815439
강서구,강서안심23,37.578304,126.815776
강서구,강서안심23,37.578304,126.815776
강서구,강서안심23,37.578343,126.815808
강서구,강서안심23,37.578343,126.815808
강서구,강서안심23,37.578215,126.816302
강서구,강서안심24,37.578153,126.815697
강서구,강서안심24,37.577989,126.815583
강서구,강서안심24,37.577892,126.815547
강서구,강서안심24,37.577892,126.815547
강서구,강서안심24,37.577752,126.815618
강서구,강서안심24,37.577688,126.815633
강서구,강서안심24,37.577688,126.815633
강서구,강서안심24,37.577688,126.815633
강서구,강서안심24,37.57745,126.815623
강서구,강서안심24,37.57745,126.815623
강서구,강서안심24,37.577393,126.815645
강서구,강서안심24,37.577114,126.815658
관악구,관악안심01,37.484769,126.926808
관악구,관악안심01,37.484769,126.926808
관악구,관악안심01,37.485109,126.926653
관악구,관악안심01,37.485109,126.926653
관악구,관악안심01,37.485124,126.926598
관악구,관악안심01,37.485177,126.926623
관악구,관악안심01,37.485307,126.926589
관악구,관악안심01,37.485307,126.926589
관악구,관악안심01,37.485307,126.926589
관악구,관악안심01,37.485322,126.926626
관악구,관악안심01,37.485702,126.926444
관악구,관악안심01,37.485702,126.926444
관악구,관악안심01,37.485702,126.926444
관악구,관악안심01,37.485702,126.926444
관악구,관악안심01,37.485728,126.926513
관악구,관악안심01,37.485728,126.926513
관악구,관악안심01,37.486119,126.926295
관악구,관악안심01,37.486368,126.926233
관악구,관악안심01,37.486382,126.926274
관악구,관악안심01,37.486382,126.926274
관악구,관악안심01,37.486382,126.926274
관악구,관악안심01,37.486382,126.926274
관악구,관악안심01,37.48665,126.926145
관악구,관악안심01,37.48665,126.926145
관악구,관악안심01,37.48665,126.926145
관악구,관악안심01,37.486737,126.926139
관악구,관악안심01,37.487015,126.926042
관악구,관악안심01,37.487015,126.926042
관악구,관악안심01,37.487046,126.925996
관악구,관악안심01,37.487088,126.926037
관악구,관악안심01,37.487172,126.925911
관악구,관악안심01,37.487172,126.925911
관악구,관악안심01,37.48728,126.925925
관악구,관악안심01,37.487494,126.925893
관악구,관악안심01,37.487494,126.925893
관악구,관악안심01,37.487494,126.925893
관악구,관악안심01,37.487637,126.925777
관악구,관악안심01,37.487976,126.925707
관악구,관악안심01,37.487959,126.925741
관악구,관악안심01,37.487959,126.925741
관악구,관악안심01,37.487959,126.925741
관악구,관악안심01,37.487959,126.925741
관악구,관악안심01,37.487946,126.925677
관악구,관악안심01,37.488149,126.925666
관악구,관악안심01,37.488145,126.925613
관악구,관악안심01,37.488224,126.92567
관악구,관악안심01,37.488224,126.92567
관악구,관악안심01,37.488224,126.92567
관악구,관악안심01,37.488463,126.925619
관악구,관악안심01,37.488463,126.925619
관악구,관악안심01,37.488463,126.925619
관악구,관악안심01,37.488542,126.92556
관악구,관악안심01,37.488848,126.925493
관악구,관악안심01,37.488848,126.925493
관악구,관악안심01,37.488848,126.925493
관악구,관악안심01,37.488944,126.925469
관악구,관악안심01,37.488944,126.925469
관악구,관악안심01,37.489101,126.925361
관악구,관악안심01,37.489366,126.925345
관악구,관악안심01,37.489366,126.925345
관악구,관악안심01,37.489366,126.925345
관악구,관악안심01,37.489366,126.925345
관악구,관악안심01,37.489649,126.925337
관악구,관악안심02,37.484388,126.939803
관악구,관악안심02,37.484388,126.939803
관악구,관악안심02,37.484388,126.939803
관악구,관악안심02,37.484388,126.939803
관악구,관악안심02,37.484435,126.939877
관악구,관악안심02,37.484559,126.939926
관악구,관악안심02,37.484747,126.940067
관악구,관악안심02,37.484747,126.940067
관악구,관악안심02,37.484732,126.940166
관악구,관악안심02,37.484932,126.940451
관악구,관악안심02,37.485001,126.940485
관악구,관악안심02,37.484989,126.94051
관악구,관악안심02,37.485095,126.940659
관악구,관악안심02,37.485183,126.940835
관악구,관악안심02,37.485183,126.940835
관악구,관악안심02,37.485278,126.941172
관악구,관악안심02,37.485316,126.941495
관악구,관악안심02,37.485316,126.941495
관악구,관악안심02,37.485316,126.941495
관악구,관악안심02,37.485352,126.941527
관악구,관악안심02,37.485393,126.941766
관악구,관악안심02,37.485536,126.942059
관악구,관악안심02,37.485536,126.942059
관악구,관악안심02,37.485536,126.942059
관악구,관악안심02,37.485505,126.942145
관악구,관악안심02,37.485597,126.942269
관악구,관악안심02,37.485604,126.942369
관악구,관악안심02,37.485625,126.942525
관악구,관악안심02,37.485625,126.942525
관악구,관악안심02,37.485704,126.94284
관악구,관악안심02,37.485781,126.942949
관악구,관악안심02,37.485889,126.9433
관악구,관악안심02,37.485934,126.943462
관악구,관악안심02,37.485934,126.943462
관악구,관악안심02,37.485994,126.943659
관악구,관악안심02,37.486062,126.943888
관악구,관악안심02,37.486052,126.943933
관악구,관악안심02,37.486113,126.944057
관악구,관악안심02,37.486113,126.944057
관악구,관악안심02,37.486113,126.944057
관악구,관악안심02,37.486113,126.944057
관악구,관악안심03,37.488762,126.93625
관악구,관악안심03,37.488762,126.93625
관악구,관악안심03,37.488762,126.93625
관악구,관악안심03,37.488762,126.93625
관악구,관악안심03,37.488551,126.936171
관악구,관악안심03,37.488549,126.936132
관악구,관악안심03,37.488346,126.936062
관악구,관악안심03,37.488119,126.93595
관악구,관악안심03,37.488119,126.93595
관악구,관악안심03,37.488119,126.93595
관악구,관악안심03,37.488119,126.93595
관악구,관악안심03,37.487876,126.935926
관악구,관악안심03,37.487836,126.935894
관악구,관악안심03,37.487608,126.935801
관악구,관악안심03,37.487608,126.935801
관악구,관악안심03,37.487608,126.935801
관악구,관악안심03,37.487608,126.935801
관악구,관악안심03,37.487483,126.935706
관악구,관악안심03,37.487382,126.935628
관악구,관악안심03,37.487151,126.935432
관악구,관악안심03,37.487123,126.935446
관악구,관악안심03,37.487091,126.935359
관악구,관악안심03,37.487091,126.935359
관악구,관악안심03,37.486964,126.935324
관악구,관악안심03,37.486964,126.935324
관악구,관악안심03,37.486837,126.935168
관악구,관악안심03,37.486682,126.935133
관악구,관악안심03,37.486682,126.935133
관악구,관악안심03,37.486672,126.935084
관악구,관악안심04,37.479292,126.935536
관악구,관악안심04,37.479292,126.935536
관악구,관악안심04,37.479292,126.935536
관악구,관악안심04,37.479188,126.935385
관악구,관악안심04,37.479173,126.935345
관악구,관악안심04,37.479173,126.935345
관악구,관악안심04,37.479112,126.9351
관악구,관악안심04,37.479112,126.9351
관악구,관악안심04,37.478927,126.934764
관악구,관악안심04,37.478927,126.934764
관악구,관악안심04,37.478927,126.934764
관악구,관악안심04,37.478927,126.934764
관악구,관악안심04,37.478913,126.934623
관악구,관악안심04,37.478808,126.934485
관악구,관악안심04,37.478758,126.934269
관악구,관악안심04,37.478632,126.934228
관악구,관악안심04,37.478634,126.934107
관악구,관악안심04,37.478634,126.934107
관악구,관악안심04,37.478598,126.934129
관악구,관악안심04,37.478598,126.934129
관악구,관악안심04,37.478598,126.934129
관악구,관악안심04,37.478447,126.933868
관악구,관악안심04,37.478236,126.933625
관악구,관악안심05,37.477151,126.963627
관악구,관악안심05,37.477151,126.963627
관악구,관악안심05,37.477151,126.963627
관악구,관악안심05,37.477289,126.963682
관악구,관악안심05,37.477755,126.963885
관악구,관악안심05,37.477755,126.963885
관악구,관악안심05,37.477648,126.964187
관악구,관악안심05,37.477648,126.964187
관악구,관악안심05,37.477648,126.964187
관악구,관악안심05,37.477648,126.964187
관악구,관악안심05,37.477619,126.964192
관악구,관악안심05,37.477543,126.964451
관악구,관악안심05,37.477416,126.964768
관악구,관악안심05,37.477416,126.964768
관악구,관악안심05,37.477331,126.964991
관악구,관악안심05,37.477246,126.965193
관악구,관악안심05,37.477246,126.965193
관악구,관악안심05,37.477246,126.965193
관악구,관악안심05,37.477327,126.965219
관악구,관악안심05,37.477341,126.965329
관악구,관악안심05,37.477341,126.965329
관악구,관악안심05,37.477445,126.965478
관악구,관악안심05,37.477538,126.965624
관악구,관악안심05,37.477538,126.965624
관악구,관악안심05,37.477538,126.965624
관악구,관악안심05,37.477704,126.965863
관악구,관악안심05,37.477704,126.965863
관악구,관악안심05,37.477884,126.966052
관악구,관악안심05,37.477898,126.966157
관악구,관악안심05,37.477898,126.966157
관악구,관악안심06,37.486236,126.913756
관악구,관악안심06,37.486259,126.913948
관악구,관악안심06,37.48635,126.914283
관악구,관악안심06,37.48632,126.914261
관악구,관악안심06,37.48632,126.914261
관악구,관악안심06,37.486343,126.914382
관악구,관악안심06,37.486343,126.914382
관악구,관악안심06,37.486412,126.914559
관악구,관악안심06,37.486413,126.914681
관악구,관악안심06,37.486436,126.914922
관악구,관악안심06,37.486465,126.91494
관악구,관악안심06,37.486449,126.914982
관악구,관악안심06,37.486449,126.914982
관악구,관악안심06,37.486466,126.915142
관악구,관악안심06,37.486532,126.915411
관악구,관악안심06,37.486629,126.915846
관악구,관악안심06,37.486629,126.915846
관악구,관악안심06,37.486701,126.916011
관악구,관악안심06,37.486701,126.916011
관악구,관악안심06,37.486692,126.91622
관악구,관악안심06,37.486692,126.91622
관악구,관악안심06,37.486722,126.91627
관악구,관악안심06,37.486702,126.916296
관악구,관악안심06,37.486767,126.916397
관악구,관악안심06,37.48687,126.916976
관악구,관악안심06,37.48687,126.916976
관악구,관악안심06,37.486906,126.917412
관악구,관악안심06,37.486906,126.917412
관악구,관악안심06,37.48694,126.917453
관악구,관악안심06,37.486956,126.917708
관악구,관악안심06,37.486956,126.917708
관악구,관악안심06,37.487047,126.917978
관악구,관악안심06,37.487018,126.91803
관악구,관악안심06,37.487029,126.918115
관악구,관악안심06,37.487029,126.918115
관악구,관악안심06,37.487116,126.918589
관악구,관악안심06,37.487116,126.918589
관악구,관악안심06,37.487207,126.918818
관악구,관악안심06,37.487198,126.919035
관악구,관악안심06,37.487322,126.91939
관악구,관악안심06,37.487322,126.91939
관악구,관악안심06,37.487279,126.919359
관악구,관악안심06,37.487322,126.91939
관악구,관악안심07,37.484533,126.934801
관악구,관악안심07,37.484389,126.934834
관악구,관악안심07,37.484389,126.934834
관악구,관악안심07,37.484389,126.934834
관악구,관악안심07,37.484268,126.934866
관악구,관악안심07,37.484268,126.934866
관악구,관악안심07,37.483935,126.934873
관악구,관악안심07,37.48369,126.934861
관악구,관악안심07,37.483631,126.934893
관악구,관악안심07,37.483631,126.934893
관악구,관악안심07,37.483631,126.934893
관악구,관악안심07,37.483631,126.934893
관악구,관악안심07,37.48333,126.934919
관악구,관악안심07,37.482979,126.934942
관악구,관악안심07,37.482979,126.934942
관악구,관악안심07,37.482696,126.934915
관악구,관악안심07,37.482691,126.934952
관악구,관악안심07,37.482521,126.934984
관악구,관악안심07,37.482521,126.934984
관악구,관악안심07,37.482521,126.934984
관악구,관악안심07,37.482513,126.934983
관악구,관악안심07,37.482308,126.934822
관악구,관악안심07,37.482308,126.934822
관악구,관악안심07,37.482131,126.934606
관악구,관악안심07,37.481988,126.934429
관악구,관악안심07,37.481988,126.934429
관악구,관악안심07,37.481863,126.934294
관악구,관악안심07,37.481863,126.934294
관악구,관악안심07,37.481863,126.934294
관악구,관악안심07,37.48187,126.934266
관악구,관악안심08,37.482529,126.940371
관악구,관악안심08,37.48252,126.940335
관악구,관악안심08,37.482237,126.940182
관악구,관악안심08,37.482237,126.940182
관악구,관악안심08,37.482228,126.940123
관악구,관악안심08,37.482045,126.939999
관악구,관악안심08,37.481964,126.940022
관악구,관악안심08,37.48178,126.939891
관악구,관악안심08,37.48178,126.939891
관악구,관악안심08,37.48178,126.939891
관악구,관악안심08,37.481602,126.939727
관악구,관악안심08,37.481592,126.93976
관악구,관악안심08,37.481361,126.93959
관악구,관악안심08,37.481341,126.939643
관악구,관악안심08,37.481047,126.93949
관악구,관악안심08,37.48082,126.939317
관악구,관악안심08,37.480785,126.939331
관악구,관악안심08,37.480785,126.939331
관악구,관악안심08,37.480785,126.939331
관악구,관악안심08,37.480583,126.939146
관악구,관악안심08,37.480386,126.939101
관악구,관악안심08,37.480205,126.938928
관악구,관악안심08,37.479943,126.93878
관악구,관악안심08,37.479943,126.93878
관악구,관악안심08,37.479867,126.938773
관악구,관악안심08,37.479724,126.938713
관악구,관악안심08,37.479724,126.938713
관악구,관악안심08,37.480785,126.939331
관악구,관악안심08,37.479724,126.938713
관악구,관악안심09,37.467428,126.934277
관악구,관악안심09,37.467428,126.934277
관악구,관악안심09,37.467428,126.934277
관악구,관악안심09,37.467386,126.934328
관악구,관악안심09,37.467398,126.934283
관악구,관악안심09,37.467429,126.934309
관악구,관악안심09,37.467429,126.934309
관악구,관악안심09,37.467423,126.934338
관악구,관악안심09,37.467423,126.934338
관악구,관악안심09,37.467423,126.934338
관악구,관악안심09,37.467666,126.93433
관악구,관악안심09,37.467935,126.934451
관악구,관악안심09,37.467935,126.934451
관악구,관악안심09,37.468213,126.934515
관악구,관악안심09,37.468213,126.934515
관악구,관악안심09,37.468522,126.934516
관악구,관악안심09,37.468512,126.934573
관악구,관악안심09,37.468512,126.934573
관악구,관악안심09,37.468512,126.934573
관악구,관악안심09,37.468572,126.934559
관악구,관악안심09,37.468858,126.934586
관악구,관악안심09,37.468829,126.934606
관악구,관악안심09,37.468846,126.934642
관악구,관악안심09,37.468846,126.934642
관악구,관악안심09,37.468846,126.934642
관악구,관악안심09,37.469295,126.93473
관악구,관악안심09,37.469295,126.93473
관악구,관악안심09,37.469621,126.934747
관악구,관악안심09,37.469618,126.934804
관악구,관악안심09,37.469785,126.934837
관악구,관악안심09,37.46992,126.93487
관악구,관악안심09,37.47009,126.934901
관악구,관악안심09,37.470519,126.93494
관악구,관악안심09,37.470519,126.93494
관악구,관악안심09,37.470519,126.93494
관악구,관악안심09,37.470509,126.935007
관악구,관악안심09,37.470794,126.934995
관악구,관악안심09,37.470952,126.935116
관악구,관악안심10,37.471523,126.935348
관악구,관악안심10,37.471837,126.935418
관악구,관악안심10,37.471837,126.935418
관악구,관악안심10,37.471989,126.935472
관악구,관악안심10,37.472274,126.935509
관악구,관악안심10,37.472274,126.935509
관악구,관악안심10,37.472274,126.935509
관악구,관악안심10,37.472274,126.935509
관악구,관악안심10,37.472563,126.935559
관악구,관악안심10,37.472563,126.935559
관악구,관악안심10,37.472563,126.935559
관악구,관악안심10,37.472563,126.935559
관악구,관악안심10,37.472568,126.935602
관악구,관악안심10,37.472829,126.935692
관악구,관악안심10,37.472829,126.935692
관악구,관악안심10,37.473088,126.935654
관악구,관악안심10,37.473088,126.935654
관악구,관악안심10,37.473336,126.935772
관악구,관악안심10,37.473336,126.935772
관악구,관악안심10,37.473336,126.935772
관악구,관악안심10,37.473336,126.935772
관악구,관악안심10,37.473589,126.935778
관악구,관악안심10,37.473548,126.935804
관악구,관악안심10,37.473548,126.935804
관악구,관악안심10,37.473545,126.935772
관악구,관악안심10,37.473715,126.935745
관악구,관악안심10,37.473715,126.935745
관악구,관악안심10,37.474095,126.935797
관악구,관악안심10,37.474182,126.935784
관악구,관악안심10,37.474182,126.935784
관악구,관악안심11,37.48607,126.95502
관악구,관악안심11,37.48611,126.955059
관악구,관악안심11,37.48611,126.955059
관악구,관악안심11,37.486412,126.955067
관악구,관악안심11,37.486412,126.955067
관악구,관악안심11,37.486641,126.95511
관악구,관악안심11,37.48668,126.955131
관악구,관악안심11,37.48668,126.955131
관악구,관악안심11,37.48668,126.955131
관악구,관악안심11,37.48668,126.955131
관악구,관악안심11,37.487044,126.955243
관악구,관악안심11,37.487044,126.955243
관악구,관악안심11,37.487149,126.955217
관악구,관악안심11,37.487226,126.95527
관악구,관악안심11,37.487226,126.95527
관악구,관악안심11,37.487584,126.955467
관악구,관악안심11,37.487584,126.955467
관악구,관악안심11,37.487617,126.955452
관악구,관악안심11,37.487757,126.955483
관악구,관악안심11,37.487757,126.955483
관악구,관악안심11,37.487757,126.955483
관악구,관악안심11,37.487757,126.955483
관악구,관악안심11,37.487757,126.955483
관악구,관악안심11,37.487949,126.9554
관악구,관악안심11,37.488023,126.955329
관악구,관악안심11,37.488023,126.955329
관악구,관악안심11,37.48811,126.955259
관악구,관악안심11,37.488224,126.95508
관악구,관악안심11,37.488244,126.955138
관악구,관악안심11,37.488244,126.955138
관악구,관악안심11,37.488244,126.955138
관악구,관악안심11,37.488309,126.955055
관악구,관악안심11,37.488415,126.954889
관악구,관악안심11,37.488476,126.954858
관악구,관악안심11,37.488476,126.954858
관악구,관악안심11,37.4887,126.95454
관악구,관악안심11,37.488796,126.954275
관악구,관악안심11,37.488796,126.954275
관악구,관악안심11,37.488778,126.954015
관악구,관악안심11,37.488861,126.953835
관악구,관악안심11,37.488865,126.953766
관악구,관악안심11,37.488914,126.953392
관악구,관악안심11,37.488914,126.953392
관악구,관악안심11,37.488943,126.952983
관악구,관악안심11,37.488968,126.952958
관악구,관악안심11,37.488968,126.952958
관악구,관악안심11,37.488968,126.952958
관악구,관악안심11,37.488968,126.952958
관악구,관악안심11,37.488968,126.952958
관악구,관악안심12,37.482512,126.951838
관악구,관악안심12,37.482512,126.951838
관악구,관악안심12,37.482512,126.951838
관악구,관악안심12,37.482526,126.951873
관악구,관악안심12,37.482718,126.951881
관악구,관악안심12,37.482893,126.951913
관악구,관악안심12,37.482934,126.951971
관악구,관악안심12,37.482934,126.951971
관악구,관악안심12,37.483067,126.951951
관악구,관악안심12,37.483233,126.951972
관악구,관악안심12,37.483233,126.951972
관악구,관악안심12,37.483545,126.951996
관악구,관악안심12,37.483585,126.952035
관악구,관악안심12,37.483594,126.95201
관악구,관악안심12,37.483594,126.95201
관악구,관악안심12,37.483594,126.95201
관악구,관악안심12,37.483594,126.95201
관악구,관악안심12,37.483607,126.952085
관악구,관악안심12,37.483782,126.952138
관악구,관악안심12,37.484067,126.952391
관악구,관악안심12,37.484091,126.952379
관악구,관악안심12,37.484091,126.952379
관악구,관악안심12,37.484068,126.952449
관악구,관악안심12,37.484068,126.952449
관악구,관악안심12,37.484297,126.952672
관악구,관악안심12,37.484297,126.952672
관악구,관악안심12,37.484338,126.952723
관악구,관악안심12,37.484338,126.952723
관악구,관악안심12,37.484338,126.952723
관악구,관악안심12,37.484338,126.952723
관악구,관악안심12,37.484338,126.952723
관악구,관악안심12,37.484547,126.952911
관악구,관악안심12,37.484547,126.952911
관악구,관악안심12,37.484761,126.95304
관악구,관악안심12,37.484761,126.95304
관악구,관악안심12,37.484761,126.95304
관악구,관악안심12,37.484732,126.95306
관악구,관악안심13,37.48548,126.918341
관악구,관악안심13,37.48548,126.918341
관악구,관악안심13,37.485424,126.918358
관악구,관악안심13,37.485361,126.918374
관악구,관악안심13,37.485253,126.918594
관악구,관악안심13,37.485221,126.918728
관악구,관악안심13,37.485191,126.918726
관악구,관악안심13,37.485191,126.918726
관악구,관악안심13,37.485208,126.918803
관악구,관악안심13,37.485133,126.918904
관악구,관악안심13,37.485021,126.919045
관악구,관악안심13,37.484814,126.919411
관악구,관악안심13,37.484814,126.919411
관악구,관악안심13,37.484749,126.919522
관악구,관악안심13,37.484549,126.919859
관악구,관악안심13,37.484501,126.9201
관악구,관악안심13,37.484501,126.9201
관악구,관악안심13,37.484501,126.9201
관악구,관악안심13,37.484476,126.920113
관악구,관악안심13,37.484441,126.920165
관악구,관악안심13,37.484335,126.920294
관악구,관악안심13,37.484243,126.920635
관악구,관악안심13,37.484112,126.920659
관악구,관악안심13,37.484112,126.920659
관악구,관악안심13,37.484016,126.920898
관악구,관악안심13,37.484043,126.920994
관악구,관악안심13,37.483904,126.921074
관악구,관악안심13,37.483904,126.921074
관악구,관악안심14,37.474942,126.922798
관악구,관악안심14,37.476105,126.92493
관악구,관악안심14,37.476105,126.92493
관악구,관악안심14,37.476105,126.92493
관악구,관악안심14,37.476105,126.92493
관악구,관악안심14,37.476103,126.924901
관악구,관악안심14,37.475976,126.924737
관악구,관악안심14,37.475976,126.924737
관악구,관악안심14,37.475894,126.924468
관악구,관악안심14,37.475709,126.924202
관악구,관악안심14,37.475729,126.924238
관악구,관악안심14,37.4757,126.924242
관악구,관악안심14,37.4757,126.924242
관악구,관악안심14,37.4757,126.924242
관악구,관악안심14,37.47532,126.923504
관악구,관악안심14,37.475291,126.923495
관악구,관악안심14,37.47532,126.923542
관악구,관악안심14,37.475123,126.92319
관악구,관악안심14,37.47494,126.922836
관악구,관악안심14,37.474917,126.922786
관악구,관악안심14,37.474903,126.922839
관악구,관악안심14,37.474834,126.922695
관악구,관악안심14,37.474722,126.922486
관악구,관악안심14,37.474722,126.922486
관악구,관악안심14,37.474541,126.922134
관악구,관악안심14,37.474541,126.922134
관악구,관악안심14,37.474332,126.921773
관악구,관악안심14,37.474332,126.921773
관악구,관악안심14,37.474332,126.921773
관악구,관악안심14,37.474312,126.921688
관악구,관악안심14,37.474128,126.921429
관악구,관악안심14,37.474128,126.921429
관악구,관악안심14,37.473934,126.921068
관악구,관악안심14,37.473934,126.921068
관악구,관악안심14,37.473742,126.920681
관악구,관악안심14,37.473707,126.920678
관악구,관악안심14,37.473707,126.920678
관악구,관악안심14,37.473707,126.920678
관악구,관악안심14,37.473564,126.920392
관악구,관악안심14,37.473578,126.920365
관악구,관악안심14,37.473285,126.920079
관악구,관악안심14,37.473287,126.920113
관악구,관악안심15,37.470621,126.920367
관악구,관악안심15,37.470616,126.920417
관악구,관악안심15,37.470616,126.920417
관악구,관악안심15,37.470616,126.920417
관악구,관악안심15,37.470558,126.920588
관악구,관악안심15,37.470558,126.920588
관악구,관악안심15,37.470422,126.920699
관악구,관악안심15,37.470457,126.920724
관악구,관악안심15,37.470309,126.920957
관악구,관악안심15,37.470309,126.920957
관악구,관악안심15,37.470207,126.92116
관악구,관악안심15,37.470207,126.92116
관악구,관악안심15,37.47023,126.921174
관악구,관악안심15,37.470128,126.92159
관악구,관악안심15,37.47015,126.921565
관악구,관악안심15,37.47015,126.921565
관악구,관악안심15,37.47015,126.921565
관악구,관악안심15,37.47011,126.921934
관악구,관악안심15,37.470175,126.922055
관악구,관악안심15,37.470175,126.922055
관악구,관악안심15,37.470179,126.922404
관악구,관악안심15,37.470156,126.922399
관악구,관악안심15,37.470199,126.922397
관악구,관악안심15,37.470128,126.922664
관악구,관악안심15,37.470143,126.922806
관악구,관악안심15,37.469978,126.923134
관악구,관악안심15,37.469946,126.923362
관악구,관악안심15,37.469946,126.923362
관악구,관악안심15,37.469946,126.923362
관악구,관악안심15,37.469946,126.923362
관악구,관악안심15,37.469911,126.923382
관악구,관악안심16,37.459968,126.915349
관악구,관악안심16,37.460053,126.915282
관악구,관악안심16,37.460106,126.915226
관악구,관악안심16,37.460183,126.915313
관악구,관악안심16,37.460708,126.915333
관악구,관악안심16,37.460722,126.915406
관악구,관악안심16,37.460922,126.915355
관악구,관악안심16,37.460988,126.9154
관악구,관악안심16,37.461001,126.915492
관악구,관악안심16,37.461313,126.915419
관악구,관악안심16,37.461379,126.915529
관악구,관악안심16,37.461379,126.915529
관악구,관악안심16,37.461379,126.915529
관악구,관악안심16,37.461553,126.915525
관악구,관악안심16,37.461553,126.915525
관악구,관악안심16,37.461665,126.91551
관악구,관악안심16,37.461665,126.91551
관악구,관악안심16,37.46184,126.915657
관악구,관악안심16,37.462238,126.915805
관악구,관악안심16,37.462252,126.915908
관악구,관악안심16,37.462241,126.915853
관악구,관악안심16,37.462514,126.916135
관악구,관악안심16,37.462514,126.916135
관악구,관악안심16,37.462621,126.916357
관악구,관악안심16,37.462828,126.91686
관악구,관악안심16,37.462951,126.916953
관악구,관악안심16,37.462951,126.916953
관악구,관악안심16,37.462969,126.917026
관악구,관악안심16,37.463068,126.917183
관악구,관악안심16,37.46304,126.917171
관악구,관악안심16,37.46304,126.917171
관악구,관악안심17,37.482402,126.921249
관악구,관악안심17,37.482362,126.921273
관악구,관악안심17,37.482323,126.921262
관악구,관악안심17,37.482368,126.921222
관악구,관악안심17,37.482353,126.920957
관악구,관악안심17,37.482232,126.920342
관악구,관악안심17,37.482232,126.920342
관악구,관악안심17,37.482232,126.920342
관악구,관악안심17,37.482202,126.920301
관악구,관악안심17,37.482181,126.920055
관악구,관악안심17,37.482105,126.919682
관악구,관악안심17,37.482105,126.919682
관악구,관악안심17,37.481996,126.919104
관악구,관악안심17,37.481996,126.919104
관악구,관악안심17,37.481996,126.919104
관악구,관악안심17,37.48197,126.919111
관악구,관악안심17,37.481951,126.91911
관악구,관악안심17,37.481951,126.91911
관악구,관악안심17,37.481951,126.91911
관악구,관악안심17,37.481914,126.918965
관악구,관악안심17,37.481845,126.918501
관악구,관악안심17,37.481845,126.918501
관악구,관악안심17,37.481845,126.918501
관악구,관악안심17,37.481804,126.918307
관악구,관악안심17,37.481729,126.917778
관악구,관악안심17,37.481729,126.917778
관악구,관악안심17,37.481671,126.917382
관악구,관악안심17,37.481633,126.917354
관악구,관악안심17,37.481633,126.917354
관악구,관악안심17,37.481564,126.916992
관악구,관악안심17,37.481564,126.916992
관악구,관악안심17,37.4815,126.916618
관악구,관악안심17,37.4815,126.916618
관악구,관악안심17,37.48146,126.916414
관악구,관악안심17,37.481389,126.916118
관악구,관악안심17,37.481389,126.916118
관악구,관악안심17,37.481326,126.91579
관악구,관악안심17,37.481326,126.91579
관악구,관악안심17,37.481362,126.915761
관악구,관악안심17,37.481251,126.91526
관악구,관악안심17,37.481231,126.915294
관악구,관악안심17,37.481231,126.915294
관악구,관악안심20,37.481344,126.91093
관악구,관악안심20,37.481344,126.91093
관악구,관악안심20,37.481408,126.910939
관악구,관악안심20,37.481601,126.910919
관악구,관악안심20,37.481785,126.91079
관악구,관악안심20,37.481785,126.91079
관악구,관악안심20,37.481785,126.91079
관악구,관악안심20,37.481785,126.91079
관악구,관악안심20,37.481777,126.91076
관악구,관악안심20,37.481777,126.91076
관악구,관악안심20,37.482071,126.910719
관악구,관악안심20,37.482071,126.910719
관악구,관악안심20,37.482077,126.910751
관악구,관악안심20,37.482347,126.910644
관악구,관악안심20,37.482347,126.910644
관악구,관악안심20,37.482779,126.910638
관악구,관악안심20,37.48273,126.910529
관악구,관악안심20,37.48273,126.910529
관악구,관악안심20,37.482764,126.910595
관악구,관악안심20,37.482764,126.910595
관악구,관악안심20,37.482744,126.91056
관악구,관악안심20,37.483081,126.9105
관악구,관악안심20,37.483081,126.9105
관악구,관악안심20,37.483247,126.910455
관악구,관악안심20,37.483461,126.91034
관악구,관악안심20,37.483461,126.91034
관악구,관악안심20,37.483461,126.91034
관악구,관악안심20,37.483464,126.910365
관악구,관악안심20,37.483637,126.910367
관악구,관악안심21,37.475568,126.975034
관악구,관악안심21,37.475568,126.975034
관악구,관악안심21,37.475568,126.975034
관악구,관악안심21,37.475632,126.975162
관악구,관악안심21,37.475627,126.975401
관악구,관악안심21,37.475676,126.975525
관악구,관악안심21,37.475711,126.975547
관악구,관악안심21,37.475711,126.975547
관악구,관악안심21,37.475689,126.975767
관악구,관악안심21,37.475738,126.975736
관악구,관악안심21,37.475782,126.976029
관악구,관악안심21,37.475782,126.976029
관악구,관악안심21,37.475782,126.976029
관악구,관악안심21,37.47575,126.976076
관악구,관악안심21,37.47575,126.976076
관악구,관악안심21,37.475755,126.976331
관악구,관악안심21,37.475855,126.976429
관악구,관악안심21,37.475815,126.97644
관악구,관악안심21,37.475924,126.976872
관악구,관악안심21,37.475924,126.976872
관악구,관악안심21,37.475924,126.976872
관악구,관악안심21,37.475924,126.976872
관악구,관악안심21,37.475899,126.976948
관악구,관악안심21,37.475914,126.977207
관악구,관악안심21,37.475863,126.977356
관악구,관악안심21,37.475863,126.977356
관악구,관악안심21,37.475873,126.977592
관악구,관악안심21,37.475901,126.977708
관악구,관악안심21,37.475901,126.977708
관악구,관악안심21,37.475853,126.978091
관악구,관악안심21,37.475853,126.978091
관악구,관악안심21,37.475892,126.978252
관악구,관악안심21,37.475849,126.978809
관악구,관악안심21,37.475849,126.978809
관악구,관악안심21,37.475886,126.97897
관악구,관악안심21,37.475866,126.979519
관악구,관악안심21,37.475887,126.979562
관악구,관악안심21,37.475887,126.979562
관악구,관악안심21,37.475887,126.979562
관악구,관악안심21,37.475821,126.980005
관악구,관악안심21,37.475821,126.980005
광진구,광진안심01,37.54306698,127.0683067
광진구,광진안심01,37.54306698,127.0683067
광진구,광진안심01,37.54311886,127.0682005
광진구,광진안심01,37.54306698,127.0683067
광진구,광진안심01,37.54315886,127.0680745
광진구,광진안심01,37.54325786,127.0677765
광진구,광진안심01,37.54333986,127.0675485
광진구,광진안심01,37.54333654,127.0675282
광진구,광진안심01,37.54333654,127.0675282
광진구,광진안심01,37.54341785,127.0673384
광진구,광진안심01,37.54359659,127.0669236
광진구,광진안심01,37.54377301,127.0663945
광진구,광진안심01,37.54383201,127.0662125
광진구,광진안심01,37.54391499,127.0658176
광진구,광진안심01,37.54391499,127.0658176
광진구,광진안심01,37.54395715,127.0656878
광진구,광진안심01,37.54404689,127.0656568
광진구,광진안심01,37.54402465,127.0655076
광진구,광진안심01,37.54410736,127.0652473
광진구,광진안심01,37.54379901,127.0661685
광진구,광진안심01,37.54410736,127.0652473
광진구,광진안심02,37.54009631,127.09
광진구,광진안심02,37.539991,127.09027
광진구,광진안심02,37.539959,127.090545
광진구,광진안심02,37.539959,127.090545
광진구,광진안심02,37.5400453,127.0908235
광진구,광진안심02,37.54017158,127.0910144
광진구,광진안심02,37.540312,127.09132
광진구,광진안심02,37.54048631,127.0916593
광진구,광진안심02,37.54048631,127.0916593
광진구,광진안심02,37.54048631,127.0916593
광진구,광진안심02,37.54053341,127.0918975
광진구,광진안심02,37.54053341,127.0918975
광진구,광진안심02,37.54053341,127.0918975
광진구,광진안심02,37.54053341,127.0918975
광진구,광진안심02,37.54066784,127.0921936
광진구,광진안심02,37.54066784,127.0921936
광진구,광진안심02,37.54066784,127.0921936
광진구,광진안심02,37.54066784,127.0921936
광진구,광진안심02,37.54076375,127.0921928
광진구,광진안심02,37.54076375,127.0921928
광진구,광진안심02,37.540782,127.092374
광진구,광진안심02,37.540782,127.092374
광진구,광진안심02,37.541008,127.09274
광진구,광진안심02,37.541008,127.09274
광진구,광진안심02,37.541008,127.09274
광진구,광진안심02,37.541091,127.092869
광진구,광진안심02,37.54121685,127.0930814
광진구,광진안심02,37.54130955,127.0932216
광진구,광진안심02,37.53996212,127.0905254
광진구,광진안심02,37.54049873,127.0918221
광진구,광진안심02,37.541025,127.092779
광진구,광진안심02,37.5414383,127.0933474
광진구,광진안심02,37.5414523,127.0933674
광진구,광진안심03,37.54945441,127.087792
광진구,광진안심03,37.55120555,127.0894395
광진구,광진안심03,37.55086313,127.0891097
광진구,광진안심03,37.550599,127.088812
광진구,광진안심03,37.550599,127.088812
광진구,광진안심03,37.55052955,127.0888105
광진구,광진안심03,37.55012484,127.0884236
광진구,광진안심03,37.54983026,127.0881502
광진구,광진안심03,37.54932988,127.0875528
광진구,광진안심03,37.54932988,127.0875528
광진구,광진안심03,37.54934841,127.087666
광진구,광진안심03,37.54904516,127.0872574
광진구,광진안심03,37.54893843,127.0871521
광진구,광진안심03,37.54893843,127.0871521
광진구,광진안심03,37.55012484,127.0884236
광진구,광진안심03,37.54934841,127.087666
광진구,광진안심03,37.54850199,127.0866946
광진구,광진안심03,37.54869487,127.0868893
광진구,광진안심03,37.54850199,127.0866946
광진구,광진안심04,37.56381717,127.077079
광진구,광진안심04,37.563604,127.0769527
광진구,광진안심04,37.56344126,127.0769454
광진구,광진안심04,37.56329699,127.0767795
광진구,광진안심04,37.563169,127.0767037
광진구,광진안심04,37.5630317,127.0767015
광진구,광진안심04,37.56291471,127.0765557
광진구,광진안심04,37.56275955,127.0766084
광진구,광진안심04,37.56271083,127.0765409
광진구,광진안심04,37.56255012,127.0764282
광진구,광진안심04,37.5624,127.0763399
광진구,광진안심04,37.56222841,127.0762471
광진구,광진안심04,37.56198742,127.0760385
광진구,광진안심04,37.56188742,127.0759835
광진구,광진안심04,37.56164773,127.0758031
광진구,광진안심04,37.56164773,127.0758031
광진구,광진안심04,37.56164773,127.0758031
광진구,광진안심04,37.561518,127.075762
광진구,광진안심04,37.56138155,127.0756916
광진구,광진안심04,37.56119183,127.0755971
광진구,광진안심04,37.56099499,127.0754835
광진구,광진안심04,37.560693,127.075371
광진구,광진안심04,37.56055871,127.0752426
광진구,광진안심04,37.560486,127.075203
광진구,광진안심04,37.560303,127.0751019
광진구,광진안심04,37.560196,127.075034
광진구,광진안심04,37.559967,127.074904
광진구,광진안심04,37.55982444,127.0747872
광진구,광진안심04,37.55982444,127.0747872
광진구,광진안심04,37.56344126,127.0769454
광진구,광진안심04,37.56119183,127.0755971
광진구,광진안심04,37.559967,127.074904
광진구,광진안심04,37.55952377,127.074727
광진구,광진안심05,37.5582803,127.0803573
광진구,광진안심05,37.55819715,127.080491
광진구,광진안심05,37.55812188,127.0808754
광진구,광진안심05,37.55812188,127.0808754
광진구,광진안심05,37.55802701,127.0810303
광진구,광진안심05,37.55801786,127.0809958
광진구,광진안심05,37.55788872,127.0812695
광진구,광진안심05,37.557791,127.081574
광진구,광진안심05,37.5577743,127.0816028
광진구,광진안심05,37.557791,127.081574
광진구,광진안심05,37.55748458,127.0823803
광진구,광진안심05,37.55819715,127.080491
광진구,광진안심05,37.55801786,127.0809958
광진구,광진안심05,37.5577743,127.0816028
광진구,광진안심05,37.55748458,127.0823803
광진구,광진안심05,37.55748458,127.0823803
광진구,광진안심06,37.55871558,127.0831203
광진구,광진안심06,37.558751,127.083178
광진구,광진안심06,37.55844499,127.0830644
광진구,광진안심06,37.55813758,127.0828111
광진구,광진안심06,37.55813758,127.0828111
광진구,광진안심06,37.55808311,127.0828726
광진구,광진안심06,37.558046,127.082798
광진구,광진안심06,37.55793082,127.0827982
광진구,광진안심06,37.55774325,127.0826939
광진구,광진안심06,37.55744955,127.0825544
광진구,광진안심06,37.55744955,127.0825544
광진구,광진안심06,37.55731883,127.082466
광진구,광진안심06,37.55724542,127.0823796
광진구,광진안심06,37.55698484,127.0822949
광진구,광진안심06,37.55696784,127.0823119
광진구,광진안심06,37.55672253,127.0821235
광진구,광진안심06,37.55669413,127.0820635
광진구,광진안심07,37.56578673,127.083855
광진구,광진안심07,37.56578673,127.083855
광진구,광진안심07,37.56578673,127.083855
광진구,광진안심07,37.56588612,127.0835354
광진구,광진안심07,37.56608472,127.0830124
광진구,광진안심07,37.565933,127.083023
광진구,광진안심07,37.565933,127.083023
광진구,광진안심07,37.56613986,127.0828575
광진구,광진안심07,37.56617486,127.0827665
광진구,광진안심07,37.56622,127.08206
광진구,광진안심07,37.565768,127.083931
광진구,광진안심07,37.56588812,127.0835324
광진구,광진안심07,37.566436,127.08201
광진구,광진안심07,37.566436,127.08201
광진구,광진안심08,37.55379315,127.090095
광진구,광진안심08,37.55345516,127.0889481
광진구,광진안심08,37.553595,127.089381
광진구,광진안심08,37.55375945,127.08981
광진구,광진안심08,37.55375945,127.08981
광진구,광진안심08,37.55375945,127.08981
광진구,광진안심08,37.55383432,127.0900755
광진구,광진안심08,37.55392431,127.0903413
광진구,광진안심08,37.55392431,127.0903413
광진구,광진안심08,37.55392431,127.0903413
광진구,광진안심08,37.553966,127.090491
광진구,광진안심08,37.554135,127.090605
광진구,광진안심08,37.55436011,127.0909504
광진구,광진안심08,37.55447329,127.0910493
광진구,광진안심08,37.55456601,127.0910874
광진구,광진안심08,37.55466702,127.0911828
광진구,광진안심08,37.554833,127.09146
광진구,광진안심08,37.55498013,127.091551
광진구,광진안심08,37.55522199,127.0918875
광진구,광진안심08,37.55522199,127.0918875
광진구,광진안심08,37.5554867,127.0921716
광진구,광진안심09,37.53186202,127.0856324
광진구,광진안심09,37.53186202,127.0856324
광진구,광진안심09,37.5317503,127.0852655
광진구,광진안심09,37.5317503,127.0852655
광진구,광진안심09,37.53162,127.085129
광진구,광진안심09,37.53162,127.085129
광진구,광진안심09,37.53141485,127.0846942
광진구,광진안심09,37.531305,127.084437
광진구,광진안심09,37.531305,127.084437
광진구,광진안심09,37.531305,127.084437
광진구,광진안심09,37.53116894,127.0840334
광진구,광진안심09,37.53116894,127.0840334
광진구,광진안심09,37.53096897,127.0838072
광진구,광진안심09,37.5309301,127.0836951
광진구,광진안심09,37.5309696,127.083559
광진구,광진안심09,37.53089716,127.0835124
광진구,광진안심09,37.530864,127.083361
광진구,광진안심09,37.5308876,127.0831933
광진구,광진안심09,37.5308666,127.0830773
광진구,광진안심09,37.5308136,127.0828233
광진구,광진안심09,37.5308046,127.0826409
광진구,광진안심09,37.53071237,127.0826352
광진구,광진안심09,37.53071237,127.0826352
광진구,광진안심09,37.53079576,127.0825134
광진구,광진안심09,37.53177102,127.0853111
광진구,광진안심09,37.53128467,127.0844386
광진구,광진안심09,37.53094226,127.0837225
광진구,광진안심09,37.530864,127.083378
광진구,광진안심10,37.53423802,127.0773448
광진구,광진안심10,37.53426799,127.0773936
광진구,광진안심10,37.5343257,127.0774452
광진구,광진안심10,37.53458471,127.0774717
광진구,광진안심10,37.53474341,127.0775994
광진구,광진안심10,37.535183,127.077696
광진구,광진안심10,37.534968,127.0776517
광진구,광진안심10,37.53516099,127.0777641
광진구,광진안심10,37.53537342,127.0778417
광진구,광진안심10,37.53546142,127.0778717
광진구,광진안심10,37.5358637,127.0780352
광진구,광진안심10,37.5359157,127.0780274
광진구,광진안심10,37.53603941,127.0781082
광진구,광진안심10,37.53616899,127.0781556
광진구,광진안심10,37.53635571,127.0781579
광진구,광진안심10,37.53635571,127.0781579
광진구,광진안심10,37.53635571,127.0781579
광진구,광진안심10,37.53637599,127.0782352
광진구,광진안심10,37.5366167,127.0783264
광진구,광진안심10,37.53696171,127.0784386
광진구,광진안심10,37.53682342,127.0784115
광진구,광진안심10,37.537029,127.078426
광진구,광진안심10,37.537175,127.0785157
광진구,광진안심10,37.53726841,127.078586
광진구,광진안심10,37.53494341,127.0776762
광진구,광진안심10,37.53423502,127.0773388
광진구,광진안심11,37.53840931,127.0793349
광진구,광진안심11,37.53841824,127.0790632
광진구,광진안심11,37.53845328,127.0789456
광진구,광진안심11,37.53845328,127.0789456
광진구,광진안심11,37.53845328,127.0789456
광진구,광진안심11,37.53846215,127.0786399
광진구,광진안심11,37.53848944,127.078044
광진구,광진안심11,37.53849144,127.077858
광진구,광진안심11,37.53850699,127.0772905
광진구,광진안심11,37.53852686,127.0771994
광진구,광진안심11,37.53852686,127.0771994
광진구,광진안심11,37.53852686,127.0771994
광진구,광진안심11,37.53867201,127.0768574
광진구,광진안심11,37.53873743,127.0766511
광진구,광진안심11,37.53884958,127.076468
광진구,광진안심11,37.53894058,127.076074
광진구,광진안심11,37.53898501,127.0757674
광진구,광진안심11,37.538976,127.075685
광진구,광진안심11,37.538976,127.075685
광진구,광진안심11,37.53840131,127.0793789
광진구,광진안심11,37.53884256,127.0764851
광진구,광진안심11,37.538974,127.075696
광진구,광진안심11,37.538976,127.075685
광진구,광진안심12,37.53684027,127.0687552
광진구,광진안심12,37.53691714,127.0685024
광진구,광진안심12,37.53703241,127.0682625
광진구,광진안심12,37.536989,127.068186
광진구,광진안심12,37.536989,127.068186
광진구,광진안심12,37.53703,127.068056
광진구,광진안심12,37.53703,127.068056
광진구,광진안심12,37.53697569,127.0681667
광진구,광진안심12,37.53729459,127.0674688
광진구,광진안심12,37.53730727,127.0672507
광진구,광진안심12,37.53751732,127.0666898
광진구,광진안심12,37.5376453,127.0664674
광진구,광진안심12,37.53771944,127.0662031
광진구,광진안심12,37.53771944,127.0662031
광진구,광진안심12,37.5369,127.068545
광진구,광진안심12,37.53727759,127.0675068
광진구,광진안심12,37.53748232,127.0666868
광진구,광진안심12,37.53713244,127.0677798
광진구,광진안심12,37.53771944,127.0662031
구로구,구로안심01,37.494045,126.882785
구로구,구로안심01,37.494052,126.882753
구로구,구로안심01,37.494087,126.882692
구로구,구로안심01,37.494077,126.882564
구로구,구로안심01,37.494077,126.882564
구로구,구로안심01,37.494077,126.882564
구로구,구로안심01,37.494103,126.882418
구로구,구로안심01,37.494191,126.882079
구로구,구로안심01,37.494191,126.882079
구로구,구로안심01,37.494191,126.882079
구로구,구로안심01,37.494276,126.881841
구로구,구로안심01,37.494256,126.881674
구로구,구로안심01,37.494256,126.881674
구로구,구로안심01,37.494296,126.881614
구로구,구로안심01,37.494288,126.881521
구로구,구로안심01,37.494288,126.881521
구로구,구로안심01,37.494288,126.881521
구로구,구로안심01,37.49437,126.881376
구로구,구로안심01,37.494383,126.881267
구로구,구로안심01,37.494392,126.881223
구로구,구로안심01,37.49437,126.881211
구로구,구로안심01,37.494349,126.881195
구로구,구로안심01,37.4944,126.88114
구로구,구로안심01,37.494363,126.880982
구로구,구로안심01,37.494433,126.880934
구로구,구로안심01,37.494416,126.880743
구로구,구로안심01,37.494395,126.880692
구로구,구로안심01,37.494395,126.880692
구로구,구로안심01,37.494395,126.880692
구로구,구로안심01,37.494426,126.880365
구로구,구로안심01,37.494451,126.880136
구로구,구로안심02,37.503515,126.890235
구로구,구로안심02,37.503578,126.890259
구로구,구로안심02,37.503578,126.890259
구로구,구로안심02,37.503681,126.890468
구로구,구로안심02,37.503814,126.890753
구로구,구로안심02,37.503889,126.89091
구로구,구로안심02,37.503889,126.89091
구로구,구로안심02,37.503955,126.891017
구로구,구로안심02,37.504223,126.891482
구로구,구로안심02,37.504245,126.891451
구로구,구로안심02,37.504255,126.891642
구로구,구로안심02,37.504257,126.891712
구로구,구로안심02,37.504419,126.891872
구로구,구로안심02,37.504419,126.891872
구로구,구로안심02,37.504585,126.892123
구로구,구로안심02,37.504575,126.892165
구로구,구로안심02,37.504703,126.892439
구로구,구로안심02,37.504703,126.892439
구로구,구로안심02,37.504711,126.892521
구로구,구로안심02,37.504778,126.892619
구로구,구로안심02,37.504778,126.892619
구로구,구로안심05,37.485967,126.885881
구로구,구로안심05,37.486037,126.885914
구로구,구로안심05,37.486221,126.885952
구로구,구로안심05,37.486241,126.885971
구로구,구로안심05,37.486241,126.885971
구로구,구로안심05,37.486241,126.885971
구로구,구로안심05,37.486239,126.885992
구로구,구로안심05,37.486479,126.886129
구로구,구로안심05,37.486479,126.886129
구로구,구로안심05,37.486479,126.886129
구로구,구로안심05,37.486509,126.88613
구로구,구로안심05,37.486711,126.886211
구로구,구로안심05,37.486711,126.886211
구로구,구로안심05,37.486711,126.886211
구로구,구로안심05,37.486692,126.886246
구로구,구로안심05,37.486899,126.886327
구로구,구로안심05,37.486899,126.886327
구로구,구로안심05,37.486899,126.886327
구로구,구로안심05,37.486887,126.886341
구로구,구로안심05,37.486998,126.886396
구로구,구로안심05,37.487154,126.88652
구로구,구로안심05,37.487421,126.886658
구로구,구로안심05,37.4876,126.886724
구로구,구로안심05,37.4876,126.886724
구로구,구로안심05,37.4876,126.886724
구로구,구로안심05,37.4876,126.886724
구로구,구로안심05,37.487639,126.886736
구로구,구로안심06,37.498912,126.856388
구로구,구로안심06,37.498983,126.856366
구로구,구로안심06,37.499052,126.856349
구로구,구로안심06,37.49917,126.856292
구로구,구로안심06,37.49925,126.856255
구로구,구로안심06,37.499508,126.856257
구로구,구로안심06,37.499508,126.856257
구로구,구로안심06,37.499508,126.856257
구로구,구로안심06,37.499579,126.856311
구로구,구로안심06,37.499833,126.856348
구로구,구로안심06,37.50007,126.856462
구로구,구로안심06,37.50007,126.856462
구로구,구로안심06,37.500095,126.856511
구로구,구로안심06,37.500113,126.856545
구로구,구로안심06,37.500113,126.856545
구로구,구로안심06,37.500113,126.856545
구로구,구로안심06,37.500113,126.856545
구로구,구로안심06,37.500401,126.856555
구로구,구로안심06,37.500471,126.856488
구로구,구로안심06,37.500716,126.856478
구로구,구로안심06,37.500822,126.856382
구로구,구로안심06,37.500984,126.856392
구로구,구로안심06,37.500984,126.856392
구로구,구로안심06,37.500984,126.856392
구로구,구로안심06,37.501132,126.856596
구로구,구로안심06,37.501434,126.856829
구로구,구로안심06,37.501544,126.85699
구로구,구로안심06,37.501631,126.857074
구로구,구로안심06,37.501631,126.857074
구로구,구로안심06,37.501631,126.857074
구로구,구로안심06,37.501763,126.857104
구로구,구로안심06,37.501763,126.857104
구로구,구로안심06,37.501763,126.857104
구로구,구로안심06,37.501806,126.857105
구로구,구로안심06,37.50205,126.857452
구로구,구로안심06,37.502102,126.857448
구로구,구로안심06,37.502102,126.857448
구로구,구로안심06,37.502102,126.857448
구로구,구로안심06,37.502222,126.857621
구로구,구로안심06,37.502222,126.857621
구로구,구로안심06,37.502222,126.857621
구로구,구로안심06,37.502666,126.857982
구로구,구로안심06,37.502666,126.857982
구로구,구로안심06,37.502666,126.857982
구로구,구로안심09,37.491047,126.841745
구로구,구로안심09,37.491075,126.841911
구로구,구로안심09,37.49104,126.842141
구로구,구로안심09,37.49103,126.842162
구로구,구로안심09,37.49103,126.842162
구로구,구로안심09,37.49103,126.842162
구로구,구로안심09,37.49103,126.842162
구로구,구로안심09,37.491161,126.842427
구로구,구로안심09,37.49119,126.842521
구로구,구로안심09,37.491255,126.842747
구로구,구로안심09,37.491289,126.842864
구로구,구로안심09,37.491309,126.843005
구로구,구로안심09,37.491317,126.843038
구로구,구로안심09,37.491317,126.843038
구로구,구로안심09,37.49131,126.843044
구로구,구로안심09,37.491221,126.843185
구로구,구로안심09,37.491142,126.843441
구로구,구로안심09,37.491142,126.843441
구로구,구로안심09,37.491142,126.843441
구로구,구로안심09,37.491206,126.843553
구로구,구로안심09,37.491382,126.843645
구로구,구로안심09,37.491395,126.843651
구로구,구로안심09,37.491395,126.843651
구로구,구로안심09,37.491617,126.843737
구로구,구로안심09,37.491742,126.843784
구로구,구로안심09,37.491742,126.843784
구로구,구로안심09,37.491849,126.843847
구로구,구로안심09,37.491883,126.843826
구로구,구로안심09,37.491883,126.843826
구로구,구로안심09,37.491998,126.843897
구로구,구로안심09,37.492179,126.844078
구로구,구로안심09,37.492244,126.844169
구로구,구로안심09,37.492244,126.844169
구로구,구로안심10,37.500425,126.853879
구로구,구로안심10,37.502387,126.854902
구로구,구로안심10,37.502094,126.854753
구로구,구로안심10,37.502094,126.854753
구로구,구로안심10,37.502072,126.854715
구로구,구로안심10,37.501781,126.854484
구로구,구로안심10,37.501758,126.854529
구로구,구로안심10,37.501758,126.854529
구로구,구로안심10,37.501758,126.854529
구로구,구로안심10,37.50175,126.854583
구로구,구로안심10,37.501636,126.854492
구로구,구로안심10,37.501627,126.854522
구로구,구로안심10,37.501627,126.854522
구로구,구로안심10,37.501324,126.85439
구로구,구로안심10,37.501114,126.854286
구로구,구로안심10,37.501006,126.854161
구로구,구로안심10,37.501006,126.854161
구로구,구로안심10,37.501006,126.854161
구로구,구로안심10,37.500989,126.854209
구로구,구로안심10,37.500765,126.8541
구로구,구로안심10,37.500424,126.85393
구로구,구로안심10,37.500424,126.85393
구로구,구로안심10,37.50022,126.853732
구로구,구로안심10,37.500211,126.853743
구로구,구로안심10,37.500211,126.853743
구로구,구로안심10,37.500211,126.853743
구로구,구로안심10,37.500197,126.853797
구로구,구로안심10,37.499922,126.853663
구로구,구로안심10,37.499922,126.853663
구로구,구로안심10,37.499935,126.853635
구로구,구로안심10,37.49961,126.853508
구로구,구로안심10,37.499264,126.853333
구로구,구로안심10,37.499264,126.853333
구로구,구로안심10,37.499264,126.853333
구로구,구로안심12,37.495247,126.83932
구로구,구로안심12,37.495247,126.83932
구로구,구로안심12,37.495335,126.839162
구로구,구로안심12,37.495335,126.839162
구로구,구로안심12,37.495314,126.839144
구로구,구로안심12,37.495384,126.838926
구로구,구로안심12,37.495384,126.838926
구로구,구로안심12,37.495389,126.83888
구로구,구로안심12,37.495369,126.838833
구로구,구로안심12,37.495369,126.838833
구로구,구로안심12,37.49556,126.838642
구로구,구로안심12,37.495714,126.838413
구로구,구로안심12,37.495951,126.838208
구로구,구로안심12,37.495946,126.83817
구로구,구로안심12,37.495946,126.83817
구로구,구로안심12,37.495946,126.83817
구로구,구로안심12,37.496042,126.838079
구로구,구로안심12,37.496237,126.83764
구로구,구로안심12,37.496237,126.83764
구로구,구로안심12,37.49635,126.837318
구로구,구로안심12,37.496366,126.837279
구로구,구로안심12,37.496366,126.837279
구로구,구로안심12,37.496366,126.837279
구로구,구로안심12,37.496396,126.837206
구로구,구로안심12,37.496371,126.837199
구로구,구로안심12,37.496371,126.837199
구로구,구로안심12,37.496475,126.836851
구로구,구로안심12,37.49651,126.836787
구로구,구로안심12,37.496583,126.836566
구로구,구로안심12,37.496612,126.836471
구로구,구로안심12,37.496612,126.836471
구로구,구로안심12,37.496612,126.836471
구로구,구로안심12,37.496612,126.836471
구로구,구로안심12,37.496693,126.836286
구로구,구로안심12,37.496756,126.836274
구로구,구로안심14,37.480488,126.897215
구로구,구로안심14,37.480488,126.897215
구로구,구로안심14,37.480531,126.897243
구로구,구로안심14,37.480531,126.897243
구로구,구로안심14,37.480531,126.897243
구로구,구로안심14,37.480531,126.897243
구로구,구로안심14,37.480789,126.897432
구로구,구로안심14,37.480789,126.897432
구로구,구로안심14,37.48098,126.897629
구로구,구로안심14,37.48098,126.897629
구로구,구로안심14,37.481133,126.897738
구로구,구로안심14,37.481133,126.897738
구로구,구로안심14,37.481133,126.897738
구로구,구로안심14,37.481292,126.897864
구로구,구로안심14,37.481292,126.897864
구로구,구로안심14,37.481334,126.897874
구로구,구로안심14,37.481334,126.897874
구로구,구로안심14,37.481334,126.897874
구로구,구로안심14,37.481465,126.897987
구로구,구로안심14,37.481465,126.897987
구로구,구로안심14,37.481483,126.897958
구로구,구로안심14,37.481483,126.897958
구로구,구로안심14,37.48162,126.898058
구로구,구로안심14,37.48162,126.898058
구로구,구로안심14,37.481778,126.898184
구로구,구로안심14,37.481778,126.898184
구로구,구로안심14,37.482006,126.898406
구로구,구로안심14,37.482006,126.898366
구로구,구로안심14,37.482006,126.898366
구로구,구로안심14,37.482006,126.898366
구로구,구로안심14,37.482006,126.898366
구로구,구로안심14,37.48205,126.898403
구로구,구로안심14,37.48205,126.898403
구로구,구로안심14,37.48205,126.898403
구로구,구로안심14,37.482205,126.89854
구로구,구로안심14,37.482351,126.898657
구로구,구로안심14,37.482351,126.898657
구로구,구로안심14,37.482406,126.898717
구로구,구로안심14,37.482406,126.898717
구로구,구로안심14,37.482595,126.898865
구로구,구로안심14,37.482574,126.898908
구로구,구로안심14,37.482574,126.898908
구로구,구로안심14,37.482574,126.898908
구로구,구로안심14,37.482595,126.898865
구로구,구로안심14,37.482595,126.898865
구로구,구로안심14,37.482924,126.899118
구로구,구로안심14,37.482924,126.899118
구로구,구로안심14,37.483063,126.899248
구로구,구로안심14,37.483063,126.899248
구로구,구로안심14,37.48304,126.899257
구로구,구로안심14,37.483063,126.899248
구로구,구로안심14,37.483063,126.899248
구로구,구로안심14,37.483063,126.899248
구로구,구로안심16,37.482328,126.887721
구로구,구로안심16,37.482328,126.887721
구로구,구로안심16,37.482328,126.887721
구로구,구로안심16,37.482333,126.887813
구로구,구로안심16,37.482347,126.887889
구로구,구로안심16,37.482549,126.888154
구로구,구로안심16,37.482613,126.888255
구로구,구로안심16,37.482613,126.888288
구로구,구로안심16,37.482611,126.888301
구로구,구로안심16,37.482611,126.888301
구로구,구로안심16,37.482714,126.888427
구로구,구로안심16,37.482775,126.888435
구로구,구로안심16,37.482775,126.888435
구로구,구로안심16,37.483099,126.888724
구로구,구로안심16,37.483099,126.888724
구로구,구로안심16,37.483112,126.888757
구로구,구로안심16,37.483112,126.888757
구로구,구로안심16,37.483254,126.888863
구로구,구로안심16,37.483254,126.888863
구로구,구로안심16,37.483322,126.88886
구로구,구로안심16,37.483489,126.889051
구로구,구로안심16,37.483619,126.889103
구로구,구로안심16,37.483619,126.889103
구로구,구로안심16,37.483882,126.889425
구로구,구로안심16,37.483946,126.88946
구로구,구로안심16,37.483988,126.889433
구로구,구로안심16,37.483977,126.889444
구로구,구로안심16,37.483977,126.889444
구로구,구로안심16,37.483999,126.889486
구로구,구로안심16,37.484175,126.889569
구로구,구로안심16,37.484175,126.889569
금천구,금천안심01,37.46348,126.89802
금천구,금천안심01,37.463429,126.897986
금천구,금천안심01,37.463458,126.897922
금천구,금천안심01,37.46344,126.89832
금천구,금천안심01,37.46345,126.89833
금천구,금천안심01,37.46345,126.89833
금천구,금천안심01,37.46345,126.89833
금천구,금천안심01,37.46348,126.89834
금천구,금천안심01,37.463571,126.898556
금천구,금천안심01,37.46384,126.89884
금천구,금천안심01,37.4638,126.89884
금천구,금천안심01,37.46385,126.8989
금천구,금천안심01,37.46416,126.89942
금천구,금천안심01,37.46416,126.89942
금천구,금천안심01,37.46416,126.89942
금천구,금천안심01,37.46414,126.89946
금천구,금천안심01,37.46402,126.89958
금천구,금천안심01,37.463848,126.899709
금천구,금천안심01,37.463848,126.899709
금천구,금천안심01,37.463461,126.898137
금천구,금천안심01,37.46409,126.89947
금천구,금천안심02,37.4491352,126.9083048
금천구,금천안심02,37.4491352,126.9083048
금천구,금천안심02,37.4491352,126.9083048
금천구,금천안심02,37.4488561,126.9085004
금천구,금천안심02,37.4485621,126.9085395
금천구,금천안심02,37.4483974,126.9087119
금천구,금천안심02,37.4481801,126.9088758
금천구,금천안심02,37.4482807,126.9087121
금천구,금천안심02,37.4482052,126.9087753
금천구,금천안심02,37.4482807,126.9087121
금천구,금천안심02,37.4480931,126.9088156
금천구,금천안심02,37.4480931,126.9088156
금천구,금천안심02,37.4477843,126.9089638
금천구,금천안심02,37.4479605,126.9090067
금천구,금천안심02,37.4482259,126.908847
금천구,금천안심02,37.4474731,126.9090963
금천구,금천안심02,37.4474731,126.9090963
금천구,금천안심02,37.4474731,126.9090963
금천구,금천안심02,37.4472993,126.9092859
금천구,금천안심02,37.4472753,126.909296
금천구,금천안심02,37.4472078,126.9092358
금천구,금천안심02,37.4470888,126.9092847
금천구,금천안심02,37.4469721,126.9093681
금천구,금천안심02,37.4469378,126.9093409
금천구,금천안심02,37.4469378,126.9093409
금천구,금천안심02,37.4466633,126.9094876
금천구,금천안심02,37.4466061,126.9095709
금천구,금천안심02,37.4464735,126.9096916
금천구,금천안심02,37.4464735,126.9096916
금천구,금천안심02,37.4463636,126.9096659
금천구,금천안심02,37.4463636,126.9096659
금천구,금천안심02,37.4463636,126.9096659
금천구,금천안심02,37.4463636,126.9096659
금천구,금천안심02,37.4488286,126.9084775
금천구,금천안심02,37.4487463,126.9086039
금천구,금천안심02,37.4485507,126.9085969
금천구,금천안심02,37.4485507,126.9085969
금천구,금천안심02,37.4477843,126.9089638
금천구,금천안심02,37.4472752,126.9091984
금천구,금천안심03,37.478288,126.895283
금천구,금천안심03,37.478041,126.895116
금천구,금천안심03,37.477828,126.894821
금천구,금천안심03,37.478041,126.895116
금천구,금천안심03,37.478041,126.895116
금천구,금천안심03,37.477734,126.894689
금천구,금천안심03,37.477504,126.894247
금천구,금천안심03,37.477702,126.894637
금천구,금천안심03,37.477532,126.894114
금천구,금천안심03,37.477445,126.893976
금천구,금천안심03,37.477445,126.893976
금천구,금천안심03,37.477576,126.894435
금천구,금천안심03,37.477445,126.893976
금천구,금천안심03,37.47755,126.894332
금천구,금천안심03,37.477394,126.893663
금천구,금천안심03,37.477463,126.893528
금천구,금천안심03,37.477357,126.893496
금천구,금천안심03,37.477357,126.893496
금천구,금천안심03,37.477453,126.893565
금천구,금천안심03,37.477424,126.893473
금천구,금천안심03,37.476846,126.892259
금천구,금천안심03,37.476971,126.892569
금천구,금천안심03,37.477236,126.893135
금천구,금천안심03,37.477013,126.892635
금천구,금천안심03,37.477013,126.892635
금천구,금천안심03,37.477227,126.893158
금천구,금천안심03,37.47685,126.892257
금천구,금천안심03,37.47685,126.892257
금천구,금천안심03,37.47691,126.892346
금천구,금천안심03,37.477164,126.892888
금천구,금천안심03,37.477164,126.892885
금천구,금천안심03,37.477286,126.893172
금천구,금천안심03,37.477243,126.893224
금천구,금천안심03,37.478167,126.895268
금천구,금천안심03,37.477286,126.893172
금천구,금천안심03,37.477463,126.89355
금천구,금천안심04,37.472038,126.906278
금천구,금천안심04,37.472037,126.905643
금천구,금천안심04,37.472023,126.905864
금천구,금천안심04,37.472094,126.905666
금천구,금천안심04,37.472094,126.905666
금천구,금천안심04,37.47213042,126.9052919
금천구,금천안심04,37.472114,126.905172
금천구,금천안심04,37.4721659,126.904924
금천구,금천안심04,37.472107,126.90492
금천구,금천안심04,37.472107,126.904928
금천구,금천안심04,37.4721659,126.904924
금천구,금천안심04,37.47233251,126.903319
금천구,금천안심04,37.472266,126.903642
금천구,금천안심04,37.472365,126.903305
금천구,금천안심04,37.472365,126.903305
금천구,금천안심04,37.472365,126.903305
금천구,금천안심04,37.472365,126.903305
금천구,금천안심04,37.472269,126.903639
금천구,금천안심04,37.471556,126.905509
금천구,금천안심04,37.471716,126.905586
금천구,금천안심04,37.471623,126.904894
금천구,금천안심04,37.471554,126.905513
금천구,금천안심04,37.471554,126.905513
금천구,금천안심04,37.471618,126.904891
금천구,금천안심04,37.47162,126.904894
금천구,금천안심04,37.471589,126.905202
금천구,금천안심04,37.471669,126.904877
금천구,금천안심04,37.471623,126.904894
금천구,금천안심04,37.471691,126.904802
금천구,금천안심04,37.472292,126.903746
금천구,금천안심04,37.472123,126.903866
금천구,금천안심04,37.472206,126.90421
금천구,금천안심04,37.472206,126.90425
금천구,금천안심04,37.472226,126.904453
금천구,금천안심04,37.4721944,126.9045109
금천구,금천안심04,37.472107,126.904928
금천구,금천안심04,37.472031,126.905655
금천구,금천안심04,37.47205,126.905867
금천구,금천안심04,37.471882,126.905995
금천구,금천안심04,37.471773,126.906007
금천구,금천안심04,37.471519,126.905951
금천구,금천안심04,37.471519,126.905951
금천구,금천안심04,37.471519,126.905951
금천구,금천안심04,37.471522,126.905784
금천구,금천안심04,37.471849,126.90524
금천구,금천안심04,37.471658,126.90455
금천구,금천안심04,37.471689,126.904286
금천구,금천안심04,37.471689,126.904286
금천구,금천안심04,37.471689,126.904286
금천구,금천안심04,37.471715,126.90437
금천구,금천안심04,37.471769,126.904058
금천구,금천안심04,37.471772,126.903839
금천구,금천안심04,37.471772,126.903839
금천구,금천안심04,37.471772,126.903839
금천구,금천안심04,37.471821,126.903855
금천구,금천안심05,37.4664552,126.8918205
금천구,금천안심05,37.4664191,126.8918546
금천구,금천안심05,37.466401,126.891885
금천구,금천안심05,37.466401,126.891885
금천구,금천안심05,37.46619,126.8919
금천구,금천안심05,37.4660033,126.891824
금천구,금천안심05,37.4659742,126.89215
금천구,금천안심05,37.4660102,126.8919147
금천구,금천안심05,37.4658452,126.8918611
금천구,금천안심05,37.4655854,126.8919096
금천구,금천안심05,37.465635,126.891816
금천구,금천안심05,37.4656056,126.8917877
금천구,금천안심05,37.4655537,126.8918246
금천구,금천안심05,37.4655199,126.8918814
금천구,금천안심05,37.4655537,126.8918246
금천구,금천안심05,37.4651517,126.8920293
금천구,금천안심05,37.4651448,126.8919188
금천구,금천안심05,37.4651517,126.8920293
금천구,금천안심05,37.4651517,126.8920293
금천구,금천안심05,37.4646824,126.8927755
금천구,금천안심05,37.4646327,126.8927841
금천구,금천안심05,37.4645336,126.8930691
금천구,금천안심05,37.4642222,126.8936081
금천구,금천안심05,37.464193,126.8937896
금천구,금천안심05,37.4641862,126.8937726
금천구,금천안심05,37.4641862,126.8937726
금천구,금천안심05,37.4651517,126.8920293
금천구,금천안심06,37.455857,126.894985
금천구,금천안심06,37.455851,126.895027
금천구,금천안심06,37.45586,126.895
금천구,금천안심06,37.45594,126.89507
금천구,금천안심06,37.45593,126.89504
금천구,금천안심06,37.45586,126.89536
금천구,금천안심06,37.45573,126.89576
금천구,금천안심06,37.45558,126.89642
금천구,금천안심06,37.45548,126.89674
금천구,금천안심06,37.45538,126.8971
금천구,금천안심06,37.455272,126.897416
금천구,금천안심06,37.45529,126.89748
금천구,금천안심06,37.45529,126.89746
금천구,금천안심06,37.455206,126.897624
금천구,금천안심06,37.45521,126.8979
금천구,금천안심06,37.45514,126.89798
금천구,금천안심06,37.45517,126.89807
금천구,금천안심06,37.45517,126.89808
금천구,금천안심06,37.45511,126.89845
금천구,금천안심06,37.4551,126.89847
금천구,금천안심06,37.455062,126.898584
금천구,금천안심06,37.45506,126.89867
금천구,금천안심06,37.45507,126.89868
금천구,금천안심06,37.455,126.89877
금천구,금천안심06,37.45498,126.89906
금천구,금천안심06,37.45498,126.89906
금천구,금천안심06,37.45494,126.89928
금천구,금천안심06,37.45495,126.89928
금천구,금천안심06,37.45493,126.89959
금천구,금천안심06,37.45488,126.89964
금천구,금천안심06,37.45483,126.89976
금천구,금천안심06,37.45484,126.89978
노원구,노원안심01,37.63642,127.078453
노원구,노원안심01,37.636403,127.078454
노원구,노원안심01,37.636403,127.078454
노원구,노원안심01,37.636362,127.078292
노원구,노원안심01,37.636362,127.078292
노원구,노원안심01,37.636338,127.078109
노원구,노원안심01,37.636322,127.078109
노원구,노원안심01,37.636261,127.077837
노원구,노원안심01,37.636261,127.077837
노원구,노원안심01,37.636275,127.077805
노원구,노원안심01,37.636267,127.077702
노원구,노원안심01,37.636262,127.077495
노원구,노원안심01,37.636279,127.077505
노원구,노원안심01,37.636279,127.077505
노원구,노원안심01,37.636294,127.077344
노원구,노원안심01,37.636294,127.077344
노원구,노원안심01,37.636377,127.07735
노원구,노원안심01,37.636492,127.077079
노원구,노원안심01,37.636492,127.077079
노원구,노원안심01,37.636475,127.077076
노원구,노원안심01,37.636606,127.07687
노원구,노원안심01,37.636606,127.07687
노원구,노원안심01,37.636604,127.076815
노원구,노원안심01,37.636761,127.076458
노원구,노원안심01,37.636761,127.076458
노원구,노원안심01,37.63677,127.076379
노원구,노원안심01,37.636848,127.076253
노원구,노원안심01,37.636861,127.076152
노원구,노원안심01,37.636861,127.076152
노원구,노원안심01,37.63687,127.076167
노원구,노원안심02,37.636917,127.07219
노원구,노원안심02,37.636917,127.07219
노원구,노원안심02,37.636879,127.072114
노원구,노원안심02,37.636865,127.071969
노원구,노원안심02,37.636832,127.071818
노원구,노원안심02,37.636711,127.07146
노원구,노원안심02,37.636711,127.07146
노원구,노원안심02,37.63672,127.071421
노원구,노원안심02,37.636727,127.071394
노원구,노원안심02,37.636727,127.071394
노원구,노원안심02,37.63661,127.071214
노원구,노원안심02,37.63661,127.071214
노원구,노원안심02,37.636627,127.071205
노원구,노원안심02,37.636547,127.071063
노원구,노원안심02,37.636428,127.070774
노원구,노원안심02,37.636428,127.070774
노원구,노원안심02,37.636446,127.070753
노원구,노원안심03,37.624871,127.050828
노원구,노원안심03,37.624608,127.050897
노원구,노원안심03,37.624236,127.051045
노원구,노원안심03,37.624017,127.051316
노원구,노원안심03,37.624017,127.051316
노원구,노원안심03,37.624017,127.051316
노원구,노원안심03,37.623838,127.051545
노원구,노원안심03,37.623523,127.051909
노원구,노원안심03,37.623523,127.051909
노원구,노원안심03,37.623523,127.051909
노원구,노원안심03,37.623317,127.052037
노원구,노원안심03,37.623317,127.052037
노원구,노원안심03,37.623317,127.052037
노원구,노원안심03,37.623317,127.052037
노원구,노원안심03,37.623317,127.052037
노원구,노원안심03,37.623045,127.052284
노원구,노원안심03,37.623045,127.052284
노원구,노원안심03,37.623102,127.052189
노원구,노원안심03,37.622868,127.052462
노원구,노원안심03,37.622868,127.052462
노원구,노원안심03,37.622868,127.052462
노원구,노원안심03,37.622868,127.052462
노원구,노원안심03,37.622868,127.052462
노원구,노원안심03,37.622868,127.052462
노원구,노원안심03,37.622599,127.052701
노원구,노원안심03,37.622599,127.052701
노원구,노원안심04,37.63435,127.058588
노원구,노원안심04,37.634038,127.058323
노원구,노원안심04,37.634038,127.058323
노원구,노원안심04,37.633997,127.058317
노원구,노원안심04,37.633841,127.058154
노원구,노원안심04,37.633665,127.058057
노원구,노원안심04,37.633563,127.057932
노원구,노원안심04,37.633404,127.057881
노원구,노원안심04,37.633293,127.057712
노원구,노원안심04,37.633293,127.057712
노원구,노원안심04,37.63304,127.057615
노원구,노원안심04,37.632885,127.05748
노원구,노원안심04,37.632885,127.05748
노원구,노원안심04,37.632775,127.05744
노원구,노원안심04,37.632775,127.05744
노원구,노원안심04,37.632775,127.05744
노원구,노원안심04,37.632799,127.057387
노원구,노원안심04,37.632628,127.057247
노원구,노원안심04,37.632307,127.05701
노원구,노원안심04,37.632238,127.056948
노원구,노원안심04,37.632238,127.056948
노원구,노원안심04,37.632238,127.056948
노원구,노원안심04,37.632238,127.056948
노원구,노원안심04,37.632238,127.056948
노원구,노원안심05,37.62283,127.060917
노원구,노원안심05,37.62283,127.060917
노원구,노원안심05,37.622768,127.060862
노원구,노원안심05,37.622768,127.060862
노원구,노원안심05,37.622726,127.06092
노원구,노원안심05,37.622463,127.061024
노원구,노원안심05,37.622353,127.060985
노원구,노원안심05,37.622284,127.061055
노원구,노원안심05,37.622257,127.061023
노원구,노원안심05,37.621941,127.061127
노원구,노원안심05,37.621767,127.061115
노원구,노원안심05,37.621767,127.061115
노원구,노원안심05,37.621767,127.061115
노원구,노원안심05,37.621604,127.061222
노원구,노원안심05,37.621488,127.061179
노원구,노원안심05,37.621488,127.061179
노원구,노원안심05,37.621365,127.060962
노원구,노원안심05,37.621188,127.06102
노원구,노원안심05,37.621188,127.06102
노원구,노원안심05,37.620824,127.061165
노원구,노원안심05,37.620824,127.061165
노원구,노원안심05,37.620824,127.061165
노원구,노원안심05,37.620662,127.061227
노원구,노원안심05,37.620593,127.061254
노원구,노원안심05,37.62032,127.061381
노원구,노원안심05,37.620342,127.061409
노원구,노원안심05,37.620342,127.061409
노원구,노원안심05,37.620342,127.061409
노원구,노원안심05,37.620342,127.061409
노원구,노원안심06,37.62325,127.072937
노원구,노원안심06,37.623475,127.072856
노원구,노원안심06,37.623475,127.072856
노원구,노원안심06,37.623499,127.072859
노원구,노원안심06,37.623716,127.07282
노원구,노원안심06,37.623696,127.072823
노원구,노원안심06,37.623732,127.072784
노원구,노원안심06,37.623962,127.072776
노원구,노원안심06,37.624066,127.072681
노원구,노원안심06,37.624098,127.07263
노원구,노원안심06,37.624098,127.07263
노원구,노원안심06,37.624098,127.07263
노원구,노원안심06,37.62411,127.072638
노원구,노원안심06,37.624113,127.072693
노원구,노원안심06,37.624277,127.072606
노원구,노원안심06,37.624311,127.072567
노원구,노원안심06,37.624311,127.072567
노원구,노원안심06,37.624311,127.072567
노원구,노원안심06,37.624608,127.072487
노원구,노원안심06,37.624825,127.072425
노원구,노원안심06,37.624802,127.072407
노원구,노원안심06,37.624802,127.072407
노원구,노원안심06,37.625069,127.072345
노원구,노원안심06,37.6252,127.072274
노원구,노원안심06,37.6252,127.072274
노원구,노원안심06,37.6252,127.072274
노원구,노원안심07,37.625094,127.075327
노원구,노원안심07,37.625034,127.075038
노원구,노원안심07,37.625034,127.075038
노원구,노원안심07,37.625058,127.075022
노원구,노원안심07,37.625011,127.074883
노원구,노원안심07,37.625029,127.074718
노원구,노원안심07,37.625038,127.074683
노원구,노원안심07,37.625038,127.074683
노원구,노원안심07,37.625038,127.074683
노원구,노원안심07,37.625004,127.0747
노원구,노원안심07,37.624896,127.074497
노원구,노원안심07,37.624914,127.074482
노원구,노원안심07,37.624914,127.074482
노원구,노원안심07,37.624831,127.074356
노원구,노원안심07,37.624831,127.074356
노원구,노원안심07,37.624814,127.074378
노원구,노원안심07,37.624606,127.074379
노원구,노원안심07,37.624606,127.074379
노원구,노원안심07,37.624606,127.074379
노원구,노원안심07,37.624601,127.074368
노원구,노원안심07,37.624598,127.07436
노원구,노원안심07,37.624598,127.07436
노원구,노원안심07,37.624613,127.074348
노원구,노원안심07,37.624411,127.074163
노원구,노원안심07,37.62429,127.074205
노원구,노원안심07,37.62429,127.074205
노원구,노원안심07,37.624279,127.074181
노원구,노원안심07,37.624125,127.074038
노원구,노원안심07,37.624139,127.074015
노원구,노원안심07,37.624139,127.074015
노원구,노원안심07,37.62404,127.07397
노원구,노원안심07,37.62404,127.07397
노원구,노원안심08,37.623191,127.079864
노원구,노원안심08,37.623191,127.079864
노원구,노원안심08,37.623191,127.079864
노원구,노원안심08,37.623212,127.079877
노원구,노원안심08,37.623224,127.079973
노원구,노원안심08,37.623136,127.080302
노원구,노원안심08,37.623136,127.080302
노원구,노원안심08,37.623136,127.080302
노원구,노원안심08,37.623136,127.080302
노원구,노원안심08,37.623581,127.080398
노원구,노원안심08,37.623581,127.080398
노원구,노원안심08,37.623732,127.080361
노원구,노원안심08,37.62379,127.080442
노원구,노원안심08,37.623963,127.080429
노원구,노원안심08,37.624213,127.080543
노원구,노원안심08,37.624213,127.080543
노원구,노원안심08,37.624213,127.080543
노원구,노원안심08,37.624288,127.08056
노원구,노원안심08,37.624304,127.080526
노원구,노원안심08,37.624386,127.08055
노원구,노원안심08,37.624386,127.08055
노원구,노원안심08,37.624767,127.0806
노원구,노원안심08,37.624767,127.0806
노원구,노원안심08,37.625137,127.080621
노원구,노원안심08,37.625149,127.080635
노원구,노원안심08,37.625149,127.080635
노원구,노원안심08,37.625465,127.080648
노원구,노원안심08,37.625488,127.080672
노원구,노원안심08,37.625488,127.080672
노원구,노원안심08,37.625688,127.080639
노원구,노원안심08,37.625688,127.080639
노원구,노원안심08,37.625688,127.080639
노원구,노원안심09,37.658057,127.066184
노원구,노원안심09,37.658057,127.066184
노원구,노원안심09,37.658129,127.066286
노원구,노원안심09,37.658321,127.066603
노원구,노원안심09,37.658321,127.066603
노원구,노원안심09,37.658523,127.066827
노원구,노원안심09,37.658738,127.067067
노원구,노원안심09,37.658738,127.067067
노원구,노원안심09,37.658834,127.067071
노원구,노원안심09,37.658834,127.067071
노원구,노원안심09,37.658834,127.067071
노원구,노원안심09,37.658853,127.067046
노원구,노원안심09,37.659253,127.067061
노원구,노원안심09,37.659253,127.067061
노원구,노원안심09,37.659247,127.067096
노원구,노원안심09,37.659385,127.066917
노원구,노원안심09,37.659389,127.066884
노원구,노원안심09,37.659389,127.066884
노원구,노원안심09,37.659466,127.066843
노원구,노원안심09,37.659485,127.06677
노원구,노원안심09,37.659485,127.06677
노원구,노원안심09,37.659494,127.066774
노원구,노원안심09,37.659583,127.066641
노원구,노원안심09,37.659807,127.066444
노원구,노원안심09,37.659824,127.066426
노원구,노원안심10,37.655768,127.070319
노원구,노원안심10,37.654605,127.071729
노원구,노원안심10,37.654685,127.071627
노원구,노원안심10,37.654779,127.071484
노원구,노원안심10,37.654998,127.071179
노원구,노원안심10,37.655102,127.071086
노원구,노원안심10,37.655102,127.071086
노원구,노원안심10,37.655219,127.070932
노원구,노원안심10,37.655397,127.070723
노원구,노원안심10,37.655397,127.070723
노원구,노원안심10,37.65566,127.070458
노원구,노원안심10,37.65566,127.070458
노원구,노원안심10,37.655603,127.070342
노원구,노원안심10,37.655683,127.070355
노원구,노원안심10,37.655683,127.070355
노원구,노원안심10,37.655928,127.070115
노원구,노원안심10,37.655928,127.070115
노원구,노원안심10,37.656125,127.069877
노원구,노원안심10,37.656125,127.069877
노원구,노원안심10,37.656225,127.069746
노원구,노원안심10,37.656225,127.069746
노원구,노원안심10,37.65649,127.069415
노원구,노원안심10,37.656576,127.069304
노원구,노원안심10,37.656576,127.069304
노원구,노원안심10,37.656691,127.069112
노원구,노원안심10,37.656866,127.068959
노원구,노원안심10,37.656866,127.068959
노원구,노원안심10,37.65701,127.068786
노원구,노원안심10,37.657148,127.068624
노원구,노원안심10,37.657152,127.06857
노원구,노원안심10,37.657309,127.068433
노원구,노원안심10,37.657309,127.068433
노원구,노원안심10,37.65741,127.068253
노원구,노원안심11,37.651077,127.082481
노원구,노원안심11,37.65099,127.083375
노원구,노원안심11,37.65099,127.083375
노원구,노원안심11,37.65099,127.083375
노원구,노원안심11,37.651006,127.083332
노원구,노원안심11,37.65101,127.083139
노원구,노원안심11,37.651037,127.083143
노원구,노원안심11,37.651033,127.08314
노원구,노원안심11,37.65104,127.082959
노원구,노원안심11,37.65104,127.082959
노원구,노원안심11,37.65104,127.082959
노원구,노원안심11,37.65104,127.082959
노원구,노원안심11,37.651061,127.082621
노원구,노원안심11,37.651127,127.082234
노원구,노원안심11,37.651127,127.082234
노원구,노원안심11,37.651142,127.082185
노원구,노원안심11,37.651193,127.08195
노원구,노원안심11,37.651154,127.081935
노원구,노원안심11,37.651191,127.0817
노원구,노원안심11,37.651191,127.0817
노원구,노원안심11,37.651224,127.081517
노원구,노원안심11,37.65127,127.081325
노원구,노원안심11,37.65127,127.081325
노원구,노원안심12,37.649034,127.081161
노원구,노원안심12,37.649035,127.081188
노원구,노원안심12,37.649035,127.081188
노원구,노원안심12,37.649035,127.081188
노원구,노원안심12,37.64906,127.08121
노원구,노원안심12,37.649124,127.081299
노원구,노원안심12,37.649337,127.081597
노원구,노원안심12,37.649422,127.081673
노원구,노원안심12,37.649422,127.081673
노원구,노원안심12,37.649458,127.081721
노원구,노원안심12,37.649458,127.081721
노원구,노원안심12,37.649448,127.081706
노원구,노원안심12,37.649461,127.081695
노원구,노원안심12,37.64963,127.081907
노원구,노원안심12,37.649651,127.081917
노원구,노원안심12,37.649651,127.081917
노원구,노원안심12,37.64971,127.081903
노원구,노원안심12,37.649654,127.081972
노원구,노원안심12,37.650186,127.082615
노원구,노원안심12,37.650269,127.082726
노원구,노원안심12,37.650269,127.082726
노원구,노원안심12,37.650269,127.082726
노원구,노원안심12,37.650269,127.082726
노원구,노원안심13,37.662462,127.072542
노원구,노원안심13,37.662594,127.072317
노원구,노원안심13,37.662604,127.072331
노원구,노원안심13,37.662609,127.072339
노원구,노원안심13,37.662677,127.072237
노원구,노원안심13,37.662968,127.071816
노원구,노원안심13,37.662985,127.071832
노원구,노원안심13,37.662985,127.071832
노원구,노원안심13,37.663083,127.071604
노원구,노원안심13,37.663133,127.07167
노원구,노원안심13,37.663124,127.071599
노원구,노원안심13,37.663124,127.071599
노원구,노원안심13,37.663124,127.071599
노원구,노원안심13,37.66307,127.071522
노원구,노원안심13,37.663435,127.071152
노원구,노원안심13,37.663435,127.071152
노원구,노원안심13,37.663605,127.070969
노원구,노원안심13,37.663605,127.070908
노원구,노원안심13,37.663605,127.070908
노원구,노원안심13,37.663795,127.070733
노원구,노원안심13,37.663795,127.070733
노원구,노원안심13,37.66396,127.070445
노원구,노원안심13,37.66396,127.070445
노원구,노원안심13,37.663962,127.070445
노원구,노원안심13,37.66419,127.070131
노원구,노원안심13,37.66419,127.070131
노원구,노원안심13,37.66419,127.070131
노원구,노원안심13,37.664529,127.069737
노원구,노원안심13,37.664529,127.069737
노원구,노원안심13,37.664576,127.06973
노원구,노원안심13,37.664703,127.069491
노원구,노원안심13,37.664703,127.069491
노원구,노원안심13,37.664703,127.069491
노원구,노원안심13,37.664925,127.069239
노원구,노원안심13,37.664957,127.069222
노원구,노원안심13,37.665119,127.069011
노원구,노원안심13,37.665191,127.068982
노원구,노원안심13,37.665191,127.068982
노원구,노원안심14,37.662864,127.066893
노원구,노원안심14,37.662864,127.066893
노원구,노원안심14,37.662826,127.066889
노원구,노원안심14,37.662763,127.067031
노원구,노원안심14,37.662776,127.067076
노원구,노원안심14,37.662654,127.067359
노원구,노원안심14,37.662638,127.067348
노원구,노원안심14,37.662618,127.06735
노원구,노원안심14,37.662618,127.06735
노원구,노원안심14,37.662626,127.067414
노원구,노원안심14,37.662543,127.067588
노원구,노원안심14,37.662543,127.067588
노원구,노원안심14,37.662445,127.067805
노원구,노원안심14,37.662365,127.067973
노원구,노원안심14,37.662365,127.067973
노원구,노원안심14,37.662251,127.068253
노원구,노원안심14,37.662189,127.068325
노원구,노원안심14,37.662048,127.06862
노원구,노원안심14,37.662065,127.068636
노원구,노원안심14,37.662065,127.068636
노원구,노원안심14,37.662065,127.068636
노원구,노원안심14,37.66203,127.068677
노원구,노원안심14,37.661569,127.069197
노원구,노원안심14,37.661568,127.069239
노원구,노원안심14,37.661568,127.069239
노원구,노원안심14,37.661556,127.069235
노원구,노원안심14,37.661393,127.069427
노원구,노원안심14,37.661253,127.069586
노원구,노원안심14,37.661198,127.069619
노원구,노원안심14,37.661094,127.069824
노원구,노원안심14,37.660907,127.070001
노원구,노원안심14,37.660918,127.070012
노원구,노원안심14,37.660914,127.070026
노원구,노원안심14,37.660914,127.070026
노원구,노원안심14,37.660914,127.070026
노원구,노원안심14,37.66077,127.070214
노원구,노원안심14,37.6606,127.07044
노원구,노원안심14,37.6606,127.07044
노원구,노원안심14,37.66047,127.070594
노원구,노원안심14,37.66047,127.070594
노원구,노원안심14,37.66047,127.070594
노원구,노원안심14,37.661198,127.069619
노원구,노원안심15,37.670494,127.08221
노원구,노원안심15,37.670494,127.08221
노원구,노원안심15,37.670479,127.082184
노원구,노원안심15,37.670403,127.082393
노원구,노원안심15,37.670223,127.083006
노원구,노원안심15,37.670223,127.083006
노원구,노원안심15,37.670167,127.083426
노원구,노원안심15,37.670117,127.083443
노원구,노원안심15,37.670135,127.083518
노원구,노원안심15,37.670135,127.083518
노원구,노원안심15,37.670082,127.083756
노원구,노원안심15,37.670057,127.083895
노원구,노원안심15,37.669928,127.084368
노원구,노원안심15,37.669928,127.084368
노원구,노원안심15,37.669928,127.084368
노원구,노원안심15,37.669916,127.084547
노원구,노원안심15,37.669916,127.084547
노원구,노원안심15,37.669934,127.084592
노원구,노원안심15,37.669934,127.084592
노원구,노원안심15,37.669977,127.084602
노원구,노원안심15,37.67026,127.084725
노원구,노원안심15,37.670415,127.084906
노원구,노원안심15,37.670482,127.084886
노원구,노원안심15,37.670482,127.084886
노원구,노원안심15,37.67058,127.085083
노원구,노원안심15,37.670756,127.08522
노원구,노원안심15,37.670756,127.08522
노원구,노원안심15,37.670912,127.085394
노원구,노원안심15,37.670917,127.085431
노원구,노원안심15,37.670938,127.08543
노원구,노원안심15,37.670938,127.08543
노원구,노원안심15,37.671202,127.085738
노원구,노원안심15,37.671202,127.085738
노원구,노원안심15,37.671202,127.085738
노원구,노원안심16,37.670072,127.078485
노원구,노원안심16,37.670099,127.078341
노원구,노원안심16,37.670119,127.078221
노원구,노원안심16,37.670119,127.078221
노원구,노원안심16,37.670119,127.078221
노원구,노원안심16,37.670119,127.078221
노원구,노원안심16,37.670238,127.077951
노원구,노원안심16,37.670116,127.077685
노원구,노원안심16,37.670077,127.077639
노원구,노원안심16,37.670077,127.077639
노원구,노원안심16,37.670077,127.077639
노원구,노원안심16,37.670077,127.077639
노원구,노원안심16,37.670133,127.077521
노원구,노원안심16,37.670375,127.07743
노원구,노원안심16,37.670397,127.07738
노원구,노원안심16,37.670523,127.077379
노원구,노원안심16,37.670659,127.077431
노원구,노원안심16,37.67067,127.077406
노원구,노원안심16,37.670708,127.077373
노원구,노원안심16,37.670708,127.077373
노원구,노원안심16,37.670708,127.077373
노원구,노원안심16,37.671086,127.077258
노원구,노원안심16,37.671175,127.077232
노원구,노원안심16,37.671444,127.077136
노원구,노원안심16,37.671535,127.077059
노원구,노원안심16,37.671535,127.077059
노원구,노원안심16,37.671535,127.077059
노원구,노원안심16,37.671535,127.077059
노원구,노원안심17,37.676569,127.054987
노원구,노원안심17,37.676569,127.054987
노원구,노원안심17,37.676505,127.054592
노원구,노원안심17,37.676505,127.054592
노원구,노원안심17,37.676505,127.054592
노원구,노원안심17,37.676526,127.054159
노원구,노원안심17,37.676526,127.054159
노원구,노원안심17,37.676526,127.054159
노원구,노원안심17,37.67653,127.053865
노원구,노원안심17,37.676483,127.053846
노원구,노원안심17,37.676554,127.053513
노원구,노원안심17,37.676554,127.053513
노원구,노원안심17,37.676554,127.053513
노원구,노원안심17,37.676554,127.053513
노원구,노원안심17,37.676554,127.053513
노원구,노원안심17,37.676447,127.053517
노원구,노원안심17,37.676502,127.053481
노원구,노원안심17,37.676545,127.05309
노원구,노원안심17,37.676545,127.05309
노원구,노원안심17,37.676545,127.05309
노원구,노원안심17,37.67649,127.052654
노원구,노원안심17,37.676545,127.052475
노원구,노원안심17,37.676545,127.052475
노원구,노원안심17,37.676545,127.052475
노원구,노원안심17,37.676542,127.052108
노원구,노원안심17,37.676542,127.052108
노원구,노원안심17,37.676542,127.052108
노원구,노원안심17,37.676509,127.051986
노원구,노원안심17,37.676566,127.051656
노원구,노원안심17,37.676566,127.051656
노원구,노원안심17,37.676566,127.051656
노원구,노원안심17,37.676566,127.051656
노원구,노원안심17,37.676566,127.051656
노원구,노원안심18,37.675053,127.051317
노원구,노원안심18,37.675058,127.051487
노원구,노원안심18,37.675058,127.051487
노원구,노원안심18,37.675058,127.051487
노원구,노원안심18,37.675058,127.051487
노원구,노원안심18,37.675093,127.051794
노원구,노원안심18,37.675093,127.051844
노원구,노원안심18,37.675093,127.051844
노원구,노원안심18,37.675098,127.052262
노원구,노원안심18,37.675098,127.052262
노원구,노원안심18,37.675098,127.052262
노원구,노원안심18,37.675056,127.052346
노원구,노원안심18,37.67511,127.052538
노원구,노원안심18,37.67511,127.052538
노원구,노원안심18,37.67511,127.052538
노원구,노원안심18,37.675105,127.052605
노원구,노원안심18,37.675105,127.052605
노원구,노원안심18,37.675105,127.052605
노원구,노원안심18,37.675066,127.052798
노원구,노원안심18,37.675106,127.052977
노원구,노원안심18,37.675106,127.052977
노원구,노원안심18,37.675106,127.052977
노원구,노원안심18,37.675076,127.053508
노원구,노원안심18,37.675076,127.053508
노원구,노원안심18,37.675051,127.053505
노원구,노원안심18,37.675051,127.053505
노원구,노원안심18,37.675051,127.053505
노원구,노원안심18,37.675134,127.053706
노원구,노원안심18,37.675134,127.053706
노원구,노원안심18,37.675134,127.053706
노원구,노원안심18,37.675047,127.054265
노원구,노원안심18,37.67513,127.054613
노원구,노원안심18,37.675128,127.054737
도봉구,도봉안심01,37.648909,127.037803
도봉구,도봉안심01,37.648899,127.037506
도봉구,도봉안심01,37.648936,127.037494
도봉구,도봉안심01,37.648936,127.037494
도봉구,도봉안심01,37.648876,127.037489
도봉구,도봉안심01,37.6489,127.037314
도봉구,도봉안심01,37.648907,127.0371
도봉구,도봉안심01,37.648907,127.0371
도봉구,도봉안심01,37.648907,127.0371
도봉구,도봉안심01,37.648857,127.037111
도봉구,도봉안심01,37.648847,127.036773
도봉구,도봉안심01,37.64888,127.036758
도봉구,도봉안심01,37.64883,127.036756
도봉구,도봉안심01,37.64888,127.036758
도봉구,도봉안심01,37.648853,127.03642
도봉구,도봉안심01,37.6488593,127.0362114
도봉구,도봉안심01,37.6488336,127.0362042
도봉구,도봉안심01,37.6488336,127.0362042
도봉구,도봉안심01,37.6488336,127.0362042
도봉구,도봉안심01,37.6488336,127.0362042
도봉구,도봉안심01,37.649006,127.035943
도봉구,도봉안심01,37.648941,127.035891
도봉구,도봉안심01,37.6491141,127.0355531
도봉구,도봉안심01,37.6491198,127.0355999
도봉구,도봉안심01,37.6491198,127.0355999
도봉구,도봉안심01,37.6491198,127.0355999
도봉구,도봉안심01,37.64918,127.035269
도봉구,도봉안심01,37.64918,127.035269
도봉구,도봉안심02,37.640137,127.039336
도봉구,도봉안심02,37.640326,127.039064
도봉구,도봉안심02,37.640299,127.039058
도봉구,도봉안심02,37.640499,127.03876
도봉구,도봉안심02,37.640499,127.03876
도봉구,도봉안심02,37.640473,127.038738
도봉구,도봉안심02,37.640473,127.038738
도봉구,도봉안심02,37.640634,127.038567
도봉구,도봉안심02,37.640609,127.038544
도봉구,도봉안심02,37.640724,127.038334
도봉구,도봉안심02,37.640724,127.038334
도봉구,도봉안심02,37.640874,127.038064
도봉구,도봉안심02,37.64101,127.037839
도봉구,도봉안심02,37.64101,127.037839
도봉구,도봉안심02,37.641189,127.03753
도봉구,도봉안심02,37.64124,127.037483
도봉구,도봉안심02,37.641251,127.037427
도봉구,도봉안심02,37.641311,127.037333
도봉구,도봉안심02,37.641321,127.037161
도봉구,도봉안심02,37.641428,127.036824
도봉구,도봉안심02,37.641428,127.036824
도봉구,도봉안심03,37.666066,127.042494
도봉구,도봉안심03,37.666066,127.042494
도봉구,도봉안심03,37.666094,127.042435
도봉구,도봉안심03,37.666171,127.042232
도봉구,도봉안심03,37.666118,127.042144
도봉구,도봉안심03,37.666118,127.042144
도봉구,도봉안심03,37.666118,127.042144
도봉구,도봉안심03,37.666375,127.041976
도봉구,도봉안심03,37.666454,127.041754
도봉구,도봉안심03,37.666454,127.041754
도봉구,도봉안심03,37.666535,127.041693
도봉구,도봉안심03,37.66656,127.041639
도봉구,도봉안심03,37.66656,127.041639
도봉구,도봉안심03,37.666599,127.041629
도봉구,도봉안심03,37.666619,127.041628
도봉구,도봉안심03,37.666619,127.041628
도봉구,도봉안심03,37.666629,127.041307
도봉구,도봉안심03,37.666646,127.041083
도봉구,도봉안심03,37.66666,127.041094
도봉구,도봉안심03,37.66666,127.041094
도봉구,도봉안심03,37.666646,127.040885
도봉구,도봉안심03,37.666646,127.040885
도봉구,도봉안심04,37.669563,127.044323
도봉구,도봉안심04,37.669563,127.044323
도봉구,도봉안심04,37.669563,127.044323
도봉구,도봉안심04,37.669563,127.044323
도봉구,도봉안심04,37.669382,127.044328
도봉구,도봉안심04,37.669401,127.044282
도봉구,도봉안심04,37.669401,127.044282
도봉구,도봉안심04,37.66877,127.044349
도봉구,도봉안심04,37.668721,127.0444
도봉구,도봉안심04,37.668572,127.044385
도봉구,도봉안심04,37.668376,127.044403
도봉구,도봉안심04,37.66838,127.044377
도봉구,도봉안심04,37.66838,127.044377
도봉구,도봉안심04,37.668026,127.044455
도봉구,도봉안심04,37.667729,127.044489
도봉구,도봉안심04,37.667729,127.044489
도봉구,도봉안심04,37.667681,127.044474
도봉구,도봉안심04,37.667635,127.044501
도봉구,도봉안심04,37.667635,127.044501
도봉구,도봉안심04,37.667705,127.044492
도봉구,도봉안심04,37.667705,127.044492
도봉구,도봉안심04,37.667111,127.044542
도봉구,도봉안심04,37.667134,127.044548
도봉구,도봉안심04,37.667134,127.044548
도봉구,도봉안심04,37.666676,127.044582
도봉구,도봉안심04,37.666601,127.044599
도봉구,도봉안심04,37.666601,127.044599
도봉구,도봉안심04,37.666477,127.044599
도봉구,도봉안심04,37.666455,127.044587
도봉구,도봉안심04,37.666293,127.044593
도봉구,도봉안심04,37.66601,127.044646
도봉구,도봉안심04,37.66601,127.044646
도봉구,도봉안심04,37.666011,127.044639
도봉구,도봉안심04,37.666011,127.044639
도봉구,도봉안심05,37.6638741,127.0335532
도봉구,도봉안심05,37.6638398,127.0335496
도봉구,도봉안심05,37.663761,127.033787
도봉구,도봉안심05,37.663608,127.033657
도봉구,도봉안심05,37.663633,127.03353
도봉구,도봉안심05,37.663633,127.03353
도봉구,도봉안심05,37.663633,127.03353
도봉구,도봉안심05,37.663675,127.033428
도봉구,도봉안심05,37.663731,127.033296
도봉구,도봉안심05,37.663731,127.033296
도봉구,도봉안심05,37.663687,127.033247
도봉구,도봉안심05,37.663687,127.033247
도봉구,도봉안심05,37.663634,127.033313
도봉구,도봉안심05,37.663624,127.033235
도봉구,도봉안심05,37.663583,127.033163
도봉구,도봉안심05,37.663311,127.032883
도봉구,도봉안심05,37.663311,127.032883
도봉구,도봉안심05,37.663312,127.032918
도봉구,도봉안심05,37.662965,127.032828
도봉구,도봉안심05,37.662973,127.032872
도봉구,도봉안심05,37.662973,127.032872
도봉구,도봉안심05,37.662973,127.032872
도봉구,도봉안심05,37.662973,127.032872
도봉구,도봉안심05,37.662768,127.032956
도봉구,도봉안심05,37.6627701,127.032995
도봉구,도봉안심06,37.66647,127.036201
도봉구,도봉안심06,37.667379,127.037388
도봉구,도봉안심06,37.667379,127.037388
도봉구,도봉안심06,37.667379,127.037388
도봉구,도봉안심06,37.667409,127.037317
도봉구,도봉안심06,37.667409,127.037317
도봉구,도봉안심06,37.667417,127.037292
도봉구,도봉안심06,37.667283,127.037298
도봉구,도봉안심06,37.667429,127.037083
도봉구,도봉안심06,37.667238,127.036986
도봉구,도봉안심06,37.667211,127.037168
도봉구,도봉안심06,37.667161,127.03707
도봉구,도봉안심06,37.66716,127.0371
도봉구,도봉안심06,37.667145,127.03711
도봉구,도봉안심06,37.667145,127.03711
도봉구,도봉안심06,37.667145,127.03711
도봉구,도봉안심06,37.666944,127.036854
도봉구,도봉안심06,37.666916,127.036782
도봉구,도봉안심06,37.666916,127.036782
도봉구,도봉안심06,37.666916,127.036782
도봉구,도봉안심06,37.666694,127.036512
도봉구,도봉안심06,37.66659,127.036368
도봉구,도봉안심06,37.666565,127.036448
도봉구,도봉안심06,37.66647,127.036187
도봉구,도봉안심06,37.66647,127.036201
도봉구,도봉안심06,37.66647,127.036201
도봉구,도봉안심06,37.66628,127.035924
도봉구,도봉안심06,37.666202,127.036059
도봉구,도봉안심06,37.666217,127.035797
도봉구,도봉안심06,37.666115,127.035684
도봉구,도봉안심06,37.665924,127.035427
도봉구,도봉안심06,37.665924,127.035427
도봉구,도봉안심06,37.665924,127.035427
도봉구,도봉안심06,37.665924,127.035427
도봉구,도봉안심06,37.665874,127.035303
도봉구,도봉안심07,37.677522,127.044616
도봉구,도봉안심07,37.677482,127.044476
도봉구,도봉안심07,37.677482,127.044476
도봉구,도봉안심07,37.677289,127.044185
도봉구,도봉안심07,37.67717,127.044018
도봉구,도봉안심07,37.677107,127.043785
도봉구,도봉안심07,37.677056,127.043767
도봉구,도봉안심07,37.677155,127.043543
도봉구,도봉안심07,37.677165,127.043348
도봉구,도봉안심07,37.677165,127.043348
도봉구,도봉안심07,37.677189,127.043088
도봉구,도봉안심07,37.677189,127.043088
도봉구,도봉안심10,37.658524,127.040356
도봉구,도봉안심10,37.658524,127.040356
도봉구,도봉안심10,37.658524,127.040356
도봉구,도봉안심10,37.65851,127.040336
도봉구,도봉안심10,37.658716,127.039838
도봉구,도봉안심10,37.658887,127.039473
도봉구,도봉안심10,37.658841,127.039376
도봉구,도봉안심10,37.658841,127.039376
도봉구,도봉안심10,37.658841,127.039376
도봉구,도봉안심10,37.658962,127.039373
도봉구,도봉안심10,37.658962,127.039373
도봉구,도봉안심10,37.658962,127.039373
도봉구,도봉안심10,37.658919,127.03935
도봉구,도봉안심10,37.659132,127.03916
도봉구,도봉안심10,37.659132,127.03916
도봉구,도봉안심10,37.659181,127.039046
도봉구,도봉안심10,37.659181,127.039046
도봉구,도봉안심10,37.659349,127.038967
도봉구,도봉안심10,37.659349,127.038967
도봉구,도봉안심11,37.6517857,127.0363639
도봉구,도봉안심11,37.6518286,127.0362956
도봉구,도봉안심11,37.6517857,127.0363639
도봉구,도봉안심11,37.6519031,127.0360114
도봉구,도봉안심11,37.6519976,127.035738
도봉구,도봉안심11,37.6519976,127.035738
도봉구,도봉안심11,37.6519976,127.035738
도봉구,도봉안심11,37.6519976,127.035738
도봉구,도봉안심11,37.6520405,127.0356877
도봉구,도봉안심11,37.6521865,127.0352236
도봉구,도봉안심11,37.6522094,127.03522
도봉구,도봉안심11,37.6521865,127.0352236
도봉구,도봉안심11,37.6522352,127.0351157
도봉구,도봉안심11,37.6523869,127.0347308
도봉구,도봉안심11,37.6523726,127.0347272
도봉구,도봉안심11,37.6523726,127.0347272
도봉구,도봉안심11,37.6524212,127.0347128
도봉구,도봉안심11,37.652546,127.03432
도봉구,도봉안심11,37.652544,127.034225
도봉구,도봉안심11,37.652544,127.034225
도봉구,도봉안심11,37.652544,127.034225
도봉구,도봉안심11,37.652544,127.034225
도봉구,도봉안심11,37.652726,127.033756
도봉구,도봉안심11,37.652726,127.033756
도봉구,도봉안심11,37.652881,127.033352
도봉구,도봉안심11,37.652878,127.033407
도봉구,도봉안심11,37.652881,127.033352
도봉구,도봉안심11,37.6523726,127.0347272
도봉구,도봉안심12,37.65394,127.016436
도봉구,도봉안심12,37.65394,127.016436
도봉구,도봉안심12,37.65394,127.016436
도봉구,도봉안심12,37.65394,127.016436
도봉구,도봉안심12,37.653905,127.016462
도봉구,도봉안심12,37.653905,127.016462
도봉구,도봉안심12,37.653905,127.016462
도봉구,도봉안심12,37.653905,127.016462
도봉구,도봉안심12,37.653905,127.016462
도봉구,도봉안심12,37.65394072,127.0165288
도봉구,도봉안심12,37.65400977,127.0167406
도봉구,도봉안심12,37.65400977,127.0167406
도봉구,도봉안심12,37.65405,127.016932
도봉구,도봉안심12,37.65408601,127.0171509
도봉구,도봉안심12,37.65408601,127.0171509
도봉구,도봉안심12,37.65408601,127.0171509
도봉구,도봉안심12,37.65408601,127.0171509
도봉구,도봉안심12,37.65408601,127.0171509
도봉구,도봉안심12,37.65406599,127.0171653
도봉구,도봉안심12,37.65415,127.017698
도봉구,도봉안심12,37.65415,127.017698
도봉구,도봉안심12,37.65422917,127.0178404
도봉구,도봉안심12,37.65422917,127.0178404
도봉구,도봉안심12,37.65422917,127.0178404
도봉구,도봉안심12,37.654251,127.018106
도봉구,도봉안심12,37.654251,127.018106
도봉구,도봉안심12,37.65430858,127.0183754
도봉구,도봉안심12,37.65430858,127.0183754
도봉구,도봉안심12,37.65430858,127.0183754
도봉구,도봉안심12,37.65432014,127.0183284
도봉구,도봉안심12,37.65430858,127.0183754
도봉구,도봉안심12,37.65430858,127.0183754
도봉구,도봉안심12,37.65431658,127.0184312
도봉구,도봉안심12,37.654375,127.018598
도봉구,도봉안심12,37.654375,127.018598
도봉구,도봉안심12,37.6544253,127.0189582
도봉구,도봉안심12,37.65441458,127.018966
도봉구,도봉안심12,37.6544253,127.0189582
도봉구,도봉안심12,37.65446846,127.0193258
도봉구,도봉안심12,37.65446846,127.0193258
도봉구,도봉안심12,37.65446846,127.0193258
도봉구,도봉안심12,37.65446846,127.0193258
도봉구,도봉안심13,37.64932785,127.0348984
도봉구,도봉안심13,37.64934848,127.0347775
도봉구,도봉안심13,37.64940347,127.0345617
도봉구,도봉안심13,37.64940347,127.0345617
도봉구,도봉안심13,37.64956375,127.0342768
도봉구,도봉안심13,37.64956375,127.0342768
도봉구,도봉안심13,37.64950429,127.0341386
도봉구,도봉안심13,37.64953632,127.0341617
도봉구,도봉안심13,37.6495455,127.0340725
도봉구,도봉안심13,37.6495455,127.0340725
도봉구,도봉안심13,37.64959816,127.0339919
도봉구,도봉안심13,37.64969206,127.0337415
도봉구,도봉안심13,37.6497241,127.0337502
도봉구,도봉안심13,37.64978597,127.0334566
도봉구,도봉안심13,37.64982959,127.0329616
도봉구,도봉안심13,37.64982959,127.0329616
도봉구,도봉안심13,37.64975411,127.0328176
도봉구,도봉안심13,37.64973816,127.03255
도봉구,도봉안심13,37.64973134,127.0324118
도봉구,도봉안심13,37.64972679,127.0323024
도봉구,도봉안심13,37.64972679,127.0323024
도봉구,도봉안심13,37.64972684,127.0321125
도봉구,도봉안심13,37.64974525,127.0317383
도봉구,도봉안심13,37.64972238,127.0317009
도봉구,도봉안심13,37.64973157,127.0315426
도봉구,도봉안심13,37.64973157,127.0315426
도봉구,도봉안심13,37.64972705,127.0313296
도봉구,도봉안심13,37.6496287,127.0311338
도봉구,도봉안심13,37.64966306,127.0310014
도봉구,도봉안심13,37.64956699,127.0308345
도봉구,도봉안심13,37.64956699,127.0308345
도봉구,도봉안심13,37.64956699,127.0308345
도봉구,도봉안심13,37.64955792,127.0304891
도봉구,도봉안심13,37.64950301,127.0304372
도봉구,도봉안심13,37.64950301,127.0304372
도봉구,도봉안심13,37.64947794,127.0300458
도봉구,도봉안심13,37.64934295,127.0299133
도봉구,도봉안심14,37.649735,127.021823
도봉구,도봉안심14,37.649724,127.021869
도봉구,도봉안심14,37.649797,127.021943
도봉구,도봉안심14,37.649797,127.021943
도봉구,도봉안심14,37.650126,127.022238
도봉구,도봉안심14,37.650223,127.022304
도봉구,도봉안심14,37.650378,127.022477
도봉구,도봉안심14,37.650501,127.022678
도봉구,도봉안심14,37.650567,127.022687
도봉구,도봉안심14,37.650552,127.022634
도봉구,도봉안심14,37.650552,127.022634
도봉구,도봉안심14,37.650552,127.022634
도봉구,도봉안심14,37.650693,127.022856
도봉구,도봉안심14,37.650959,127.023061
도봉구,도봉안심14,37.65122,127.02329
도봉구,도봉안심14,37.651551,127.023555
도봉구,도봉안심14,37.651551,127.023555
도봉구,도봉안심14,37.651557,127.023544
도봉구,도봉안심14,37.651658,127.023501
도봉구,도봉안심14,37.651353,127.023305
도봉구,도봉안심14,37.651574,127.023525
동대문구,동대문안심01,37.57268643,127.0510854
동대문구,동대문안심01,37.57266,127.051048
동대문구,동대문안심01,37.57271184,127.050941
동대문구,동대문안심01,37.57295072,127.0504768
동대문구,동대문안심01,37.57313601,127.0501256
동대문구,동대문안심01,37.57313601,127.0501256
동대문구,동대문안심01,37.573287,127.049878
동대문구,동대문안심01,37.57333931,127.0497489
동대문구,동대문안심01,37.57333931,127.0497489
동대문구,동대문안심01,37.57333931,127.0497489
동대문구,동대문안심01,37.57337807,127.0497798
동대문구,동대문안심01,37.573401,127.04965
동대문구,동대문안심01,37.573567,127.049363
동대문구,동대문안심01,37.573734,127.049044
동대문구,동대문안심01,37.573867,127.048802
동대문구,동대문안심01,37.57396,127.048641
동대문구,동대문안심01,37.574088,127.048375
동대문구,동대문안심01,37.57410123,127.0483032
동대문구,동대문안심01,37.5739873,127.0482568
동대문구,동대문안심01,37.57374584,127.04805
동대문구,동대문안심01,37.57362227,127.0479398
동대문구,동대문안심01,37.573437,127.047762
동대문구,동대문안심01,37.573437,127.047762
동대문구,동대문안심01,37.57332911,127.0477607
동대문구,동대문안심01,37.57337889,127.0476874
동대문구,동대문안심01,37.57326073,127.0475453
동대문구,동대문안심04,37.57595856,127.0386696
동대문구,동대문안심04,37.575924,127.038334
동대문구,동대문안심04,37.575913,127.038719
동대문구,동대문안심04,37.575913,127.038719
동대문구,동대문안심04,37.57599647,127.038873
동대문구,동대문안심04,37.57599647,127.038873
동대문구,동대문안심04,37.57599647,127.038873
동대문구,동대문안심04,37.575876,127.03948
동대문구,동대문안심04,37.575932,127.039804
동대문구,동대문안심04,37.575923,127.040031
동대문구,동대문안심04,37.575923,127.040031
동대문구,동대문안심04,37.575923,127.040031
동대문구,동대문안심04,37.575826,127.040257
동대문구,동대문안심04,37.575753,127.040539
동대문구,동대문안심04,37.575635,127.040918
동대문구,동대문안심04,37.575635,127.040918
동대문구,동대문안심04,37.575635,127.040918
동대문구,동대문안심04,37.575682,127.041004
동대문구,동대문안심04,37.57552,127.04127
동대문구,동대문안심04,37.57555397,127.0413176
동대문구,동대문안심04,37.57541541,127.0416198
동대문구,동대문안심04,37.57541541,127.0416198
동대문구,동대문안심04,37.57541541,127.0416198
동대문구,동대문안심04,37.575331,127.041925
동대문구,동대문안심04,37.57521,127.042309
동대문구,동대문안심04,37.57521,127.042309
동대문구,동대문안심04,37.575136,127.042556
동대문구,동대문안심04,37.575032,127.042903
동대문구,동대문안심04,37.575011,127.043229
동대문구,동대문안심04,37.575011,127.043229
동대문구,동대문안심04,37.574929,127.043387
동대문구,동대문안심04,37.574878,127.043425
동대문구,동대문안심06,37.590051,127.0499262
동대문구,동대문안심06,37.59138781,127.0497781
동대문구,동대문안심06,37.59142594,127.0498163
동대문구,동대문안심06,37.591292,127.049787
동대문구,동대문안심06,37.591141,127.049705
동대문구,동대문안심06,37.591132,127.04979
동대문구,동대문안심06,37.591132,127.04979
동대문구,동대문안심06,37.590862,127.049754
동대문구,동대문안심06,37.590855,127.049729
동대문구,동대문안심06,37.590855,127.049729
동대문구,동대문안심06,37.590631,127.049885
동대문구,동대문안심06,37.59047244,127.0500174
동대문구,동대문안심06,37.590212,127.050252
동대문구,동대문안심06,37.590212,127.050252
동대문구,동대문안심06,37.59022918,127.0502227
동대문구,동대문안심06,37.590212,127.050252
동대문구,동대문안심06,37.590212,127.050252
동대문구,동대문안심06,37.59010387,127.0500626
동대문구,동대문안심06,37.589991,127.049816
동대문구,동대문안심06,37.589889,127.049576
동대문구,동대문안심06,37.589889,127.049576
동대문구,동대문안심06,37.589889,127.049576
동대문구,동대문안심06,37.589889,127.049576
동대문구,동대문안심06,37.58979054,127.0493121
동대문구,동대문안심06,37.589777,127.04932
동대문구,동대문안심06,37.58970258,127.0491384
동대문구,동대문안심06,37.589564,127.048838
동대문구,동대문안심06,37.58970258,127.0491384
동대문구,동대문안심06,37.589534,127.048653
동대문구,동대문안심10,37.580981,127.051077
동대문구,동대문안심10,37.581224,127.051117
동대문구,동대문안심10,37.581224,127.051117
동대문구,동대문안심10,37.581235,127.051122
동대문구,동대문안심10,37.581235,127.051122
동대문구,동대문안심10,37.581446,127.051167
동대문구,동대문안심10,37.581446,127.051167
동대문구,동대문안심10,37.581644,127.051178
동대문구,동대문안심10,37.581644,127.051178
동대문구,동대문안심10,37.581644,127.051178
동대문구,동대문안심10,37.581647,127.051153
동대문구,동대문안심10,37.58171687,127.0512585
동대문구,동대문안심10,37.58189,127.051201
동대문구,동대문안심10,37.58189,127.051201
동대문구,동대문안심10,37.5819,127.051246
동대문구,동대문안심10,37.5819,127.051246
동대문구,동대문안심10,37.582165,127.051219
동대문구,동대문안심10,37.582165,127.051219
동대문구,동대문안심10,37.582181,127.051218
동대문구,동대문안심10,37.582283,127.051234
동대문구,동대문안심10,37.582429,127.051248
동대문구,동대문안심10,37.582429,127.051248
동대문구,동대문안심10,37.582666,127.051266
동대문구,동대문안심10,37.582666,127.051266
동대문구,동대문안심10,37.583034,127.051271
동대문구,동대문안심10,37.583034,127.051271
동대문구,동대문안심10,37.583033,127.051285
동대문구,동대문안심10,37.583033,127.051285
동대문구,동대문안심10,37.58322628,127.0513541
동대문구,동대문안심10,37.58322628,127.0513541
동대문구,동대문안심10,37.58327,127.051291
동대문구,동대문안심10,37.58327,127.051291
동대문구,동대문안심10,37.583465,127.051301
동대문구,동대문안심10,37.583465,127.051301
동대문구,동대문안심10,37.5835,127.05113
동대문구,동대문안심10,37.583754,127.051387
동대문구,동대문안심10,37.583754,127.051387
동대문구,동대문안심10,37.583793,127.051367
동대문구,동대문안심10,37.583793,127.051367
동대문구,동대문안심10,37.583819,127.051396
동대문구,동대문안심10,37.583867,127.051445
동대문구,동대문안심10,37.583867,127.051445
동대문구,동대문안심10,37.58411172,127.051473
동대문구,동대문안심10,37.58411172,127.051473
동대문구,동대문안심10,37.584256,127.051474
동대문구,동대문안심10,37.58443,127.051491
동대문구,동대문안심10,37.58443,127.051491
동대문구,동대문안심10,37.58441039,127.0515705
동대문구,동대문안심10,37.584655,127.051661
동대문구,동대문안심10,37.584655,127.051661
동대문구,동대문안심10,37.584658,127.051668
동대문구,동대문안심10,37.584658,127.051668
동대문구,동대문안심10,37.584716,127.051735
동대문구,동대문안심10,37.584731,127.051716
동대문구,동대문안심10,37.584748,127.051732
동대문구,동대문안심10,37.584863,127.051821
동대문구,동대문안심10,37.584856,127.051879
동대문구,동대문안심10,37.584856,127.051879
동대문구,동대문안심10,37.58509,127.051998
동대문구,동대문안심10,37.58509,127.051998
동대문구,동대문안심12,37.578938,127.05709
동대문구,동대문안심12,37.578938,127.05709
동대문구,동대문안심12,37.578938,127.05709
동대문구,동대문안심12,37.57904134,127.0570984
동대문구,동대문안심12,37.579182,127.057064
동대문구,동대문안심12,37.57940136,127.0570656
동대문구,동대문안심12,37.57940136,127.0570656
동대문구,동대문안심12,37.57940136,127.0570656
동대문구,동대문안심12,37.57940136,127.0570656
동대문구,동대문안심12,37.57935736,127.0571376
동대문구,동대문안심12,37.57951257,127.0570661
동대문구,동대문안심12,37.57962372,127.0570741
동대문구,동대문안심12,37.57962372,127.0570741
동대문구,동대문안심12,37.579714,127.0570851
동대문구,동대문안심12,37.57974347,127.0571432
동대문구,동대문안심12,37.579843,127.057131
동대문구,동대문안심12,37.579843,127.057131
동대문구,동대문안심12,37.579843,127.057131
동대문구,동대문안심12,37.57996243,127.0571839
동대문구,동대문안심12,37.58011743,127.0572516
동대문구,동대문안심12,37.58018372,127.0572815
동대문구,동대문안심12,37.58018372,127.0572815
동대문구,동대문안심12,37.580215,127.057296
동대문구,동대문안심12,37.580215,127.057296
동대문구,동대문안심12,37.58024672,127.0573098
동대문구,동대문안심12,37.58022586,127.0574142
동대문구,동대문안심12,37.58022586,127.0574142
동대문구,동대문안심12,37.58022586,127.0574142
동대문구,동대문안심12,37.580224,127.057437
동대문구,동대문안심12,37.58020434,127.0573498
동대문구,동대문안심12,37.580188,127.057736
동대문구,동대문안심12,37.580188,127.057736
동대문구,동대문안심12,37.580143,127.0579726
동대문구,동대문안심12,37.580143,127.0579726
동대문구,동대문안심12,37.580086,127.05808
동대문구,동대문안심12,37.58005207,127.0581839
동대문구,동대문안심12,37.58008736,127.0581838
동대문구,동대문안심12,37.58008736,127.0581838
동대문구,동대문안심12,37.58008736,127.0581838
동대문구,동대문안심12,37.58008736,127.0581838
동대문구,동대문안심12,37.58008736,127.0581838
동대문구,동대문안심12,37.580069,127.058244
동대문구,동대문안심12,37.58002401,127.0584333
동대문구,동대문안심12,37.58002401,127.0584333
동대문구,동대문안심12,37.579958,127.058656
동대문구,동대문안심12,37.579958,127.058656
동대문구,동대문안심12,37.579958,127.058656
동대문구,동대문안심12,37.579958,127.058656
동대문구,동대문안심12,37.57988772,127.0586424
동대문구,동대문안심12,37.57980477,127.0586668
동대문구,동대문안심12,37.57978028,127.0586302
동대문구,동대문안심12,37.57978028,127.0586302
동대문구,동대문안심12,37.57978028,127.0586302
동대문구,동대문안심12,37.57976028,127.058713
동대문구,동대문안심12,37.57958429,127.0587993
동대문구,동대문안심12,37.57958429,127.0587993
동대문구,동대문안심12,37.57949886,127.0587769
동대문구,동대문안심12,37.57949886,127.0587769
동대문구,동대문안심12,37.57938042,127.0585109
동대문구,동대문안심12,37.57939086,127.0583913
동대문구,동대문안심12,37.57939086,127.0583913
동대문구,동대문안심12,37.57925213,127.0583463
동대문구,동대문안심12,37.57922208,127.0583694
동대문구,동대문안심12,37.57922208,127.0583694
동대문구,동대문안심12,37.57922208,127.0583694
동대문구,동대문안심12,37.57914929,127.0583889
동대문구,동대문안심12,37.57891414,127.0584017
동대문구,동대문안심12,37.57891414,127.0584017
동대문구,동대문안심12,37.57891129,127.0583282
동대문구,동대문안심12,37.57891129,127.0583282
동대문구,동대문안심12,37.57877773,127.0583795
동대문구,동대문안심12,37.57877773,127.0583795
동대문구,동대문안심12,37.57853343,127.0582356
동대문구,동대문안심12,37.57853343,127.0582356
동대문구,동대문안심12,37.57831307,127.0581413
동대문구,동대문안심12,37.57831551,127.0581866
동대문구,동대문안심12,37.57831551,127.0581866
동대문구,동대문안심12,37.57826299,127.0580889
동대문구,동대문안심12,37.57826299,127.0580889
동대문구,동대문안심14,37.56733973,127.0648602
동대문구,동대문안심14,37.56784071,127.065415
동대문구,동대문안심14,37.56814218,127.065627
동대문구,동대문안심14,37.56816445,127.0655841
동대문구,동대문안심14,37.56816445,127.0655841
동대문구,동대문안심14,37.56817126,127.0657062
동대문구,동대문안심14,37.56833982,127.0658613
동대문구,동대문안심14,37.56833982,127.0658613
동대문구,동대문안심14,37.5683456,127.0657499
동대문구,동대문안심14,37.56839501,127.0659164
동대문구,동대문안심14,37.56855627,127.0660568
동대문구,동대문안심14,37.56871527,127.0662052
동대문구,동대문안심14,37.56881013,127.066305
동대문구,동대문안심14,37.56886156,127.0663677
동대문구,동대문안심14,37.5689252,127.0662671
동대문구,동대문안심14,37.56906027,127.0665352
동대문구,동대문안심14,37.56921184,127.066676
동대문구,동대문안심14,37.56938072,127.0668104
동대문구,동대문안심14,37.56948501,127.0667828
동대문구,동대문안심14,37.56961799,127.0669324
동대문구,동대문안심14,37.569849,127.067008
동대문구,동대문안심14,37.56999788,127.0671242
동대문구,동대문안심14,37.57067415,127.0674079
동대문구,동대문안심14,37.57143599,127.0678217
동대문구,동대문안심14,37.57143599,127.0678217
동대문구,동대문안심14,37.57143317,127.0677498
동대문구,동대문안심14,37.5714604,127.0679522
동대문구,동대문안심14,37.5717424,127.0681062
동대문구,동대문안심14,37.57202923,127.0682749
동대문구,동대문안심14,37.57227917,127.0683646
동대문구,동대문안심14,37.57226351,127.0684241
동대문구,동대문안심14,37.57226351,127.0684241
동대문구,동대문안심16,37.57275207,127.0686379
동대문구,동대문안심16,37.57301515,127.0687238
동대문구,동대문안심16,37.57301515,127.0687238
동대문구,동대문안심16,37.57327142,127.0689713
동대문구,동대문안심16,37.57361576,127.0691406
동대문구,동대문안심16,37.57377613,127.069222
동대문구,동대문안심16,37.57435494,127.0695842
동대문구,동대문안심16,37.57435494,127.0695842
동대문구,동대문안심16,37.57438286,127.0695366
동대문구,동대문안심16,37.57436354,127.0695555
동대문구,동대문안심16,37.57474184,127.0695891
동대문구,동대문안심16,37.57452755,127.0695587
동대문구,동대문안심16,37.57488801,127.0695392
동대문구,동대문안심16,37.57549887,127.0696387
동대문구,동대문안심16,37.57549887,127.0696387
동대문구,동대문안심16,37.57545018,127.0697321
동대문구,동대문안심16,37.575919,127.069714
동대문구,동대문안심16,37.57619707,127.0697693
동대문구,동대문안심16,37.5765729,127.0698335
동대문구,동대문안심16,37.57649689,127.0698575
동대문구,동대문안심16,37.57650623,127.0698163
동대문구,동대문안심16,37.5770803,127.0699066
동대문구,동대문안심16,37.57752769,127.069998
동대문구,동대문안심16,37.57792329,127.0700673
동대문구,동대문안심16,37.57840243,127.0701477
동대문구,동대문안심16,37.57856325,127.0702271
동대문구,동대문안심16,37.57840243,127.0701477
동대문구,동대문안심18,37.597528,127.060758
동대문구,동대문안심18,37.597664,127.060528
동대문구,동대문안심18,37.597664,127.060528
동대문구,동대문안심18,37.597702,127.060451
동대문구,동대문안심18,37.597825,127.060098
동대문구,동대문안심18,37.597825,127.060098
동대문구,동대문안심18,37.59791,127.059961
동대문구,동대문안심18,37.598135,127.059569
동대문구,동대문안심18,37.598284,127.059214
동대문구,동대문안심18,37.598428,127.05886
동대문구,동대문안심18,37.598524,127.058435
동대문구,동대문안심18,37.59855698,127.0578376
동대문구,동대문안심18,37.59855698,127.0578376
동대문구,동대문안심18,37.59859919,127.0576607
동대문구,동대문안심18,37.59858,127.05774
동대문구,동대문안심18,37.59858,127.05774
동대문구,동대문안심18,37.59849842,127.0574486
동대문구,동대문안심18,37.59837942,127.0570172
동대문구,동대문안심18,37.59837285,127.0569379
동대문구,동대문안심18,37.59837285,127.0569379
동대문구,동대문안심18,37.59843232,127.0568057
동대문구,동대문안심18,37.59831857,127.056424
동대문구,동대문안심18,37.59837599,127.0561051
동대문구,동대문안심18,37.598255,127.055726
동대문구,동대문안심18,37.59822213,127.0554652
동대문구,동대문안심18,37.598273,127.055287
동대문구,동대문안심18,37.598273,127.055287
동대문구,동대문안심18,37.598273,127.055287
동대문구,동대문안심18,37.59818799,127.0550408
동대문구,동대문안심18,37.59821518,127.0549842
동대문구,동대문안심18,37.59817371,127.0549187
동대문구,동대문안심18,37.59813413,127.0546129
동대문구,동대문안심18,37.5980917,127.05422
동대문구,동대문안심20,37.58967158,127.0616477
동대문구,동대문안심20,37.58953436,127.0614786
동대문구,동대문안심20,37.58940284,127.0613455
동대문구,동대문안심20,37.58922841,127.0612051
동대문구,동대문안심20,37.58912256,127.0612194
동대문구,동대문안심20,37.58892803,127.0612337
동대문구,동대문안심20,37.58892803,127.0612337
동대문구,동대문안심20,37.58892803,127.0612337
동대문구,동대문안심20,37.58889939,127.0612876
동대문구,동대문안심20,37.58877936,127.0610646
동대문구,동대문안심20,37.58869359,127.0609746
동대문구,동대문안심20,37.58859068,127.0608236
동대문구,동대문안심20,37.58831613,127.0606867
동대문구,동대문안심20,37.58806159,127.0605823
동대문구,동대문안심20,37.58792715,127.0605498
동대문구,동대문안심20,37.58750095,127.0604812
동대문구,동대문안심20,37.58750095,127.0604812
동대문구,동대문안심20,37.58750095,127.0604812
동대문구,동대문안심20,37.58735507,127.0604559
동대문구,동대문안심20,37.5872834,127.060747
동대문구,동대문안심20,37.58720045,127.0607433
동대문구,동대문안심20,37.58702309,127.060736
동대문구,동대문안심20,37.58692296,127.0607431
동대문구,동대문안심20,37.58692296,127.0607431
동대문구,동대문안심20,37.58665976,127.0607932
동대문구,동대문안심20,37.58655679,127.0607644
동대문구,동대문안심20,37.58637941,127.0607966
동대문구,동대문안심20,37.58635363,127.0608685
동대문구,동대문안심20,37.58635363,127.0608685
동대문구,동대문안심20,37.58621348,127.0608252
동대문구,동대문안심20,37.58607616,127.0608467
동대문구,동대문안심20,37.58598747,127.060861
동대문구,동대문안심20,37.585853,127.0608896
동대문구,동대문안심20,37.585853,127.0608896
동대문구,동대문안심20,37.585853,127.0608896
동대문구,동대문안심20,37.58568994,127.0609075
동대문구,동대문안심20,37.58558123,127.0609182
동대문구,동대문안심20,37.58558123,127.0609182
동대문구,동대문안심20,37.58558123,127.0609182
동대문구,동대문안심20,37.58544106,127.0609145
동대문구,동대문안심20,37.58544106,127.0609145
동대문구,동대문안심20,37.58544963,127.0609396
동대문구,동대문안심23,37.58402591,127.0495058
동대문구,동대문안심23,37.58403156,127.0495658
동대문구,동대문안심23,37.58405584,127.049533
동대문구,동대문안심23,37.58417001,127.0492164
동대문구,동대문안심23,37.58417001,127.0492164
동대문구,동대문안심23,37.5842073,127.049222
동대문구,동대문안심23,37.584261,127.049302
동대문구,동대문안심23,37.584261,127.049302
동대문구,동대문안심23,37.58450873,127.0490356
동대문구,동대문안심23,37.58450873,127.0490356
동대문구,동대문안심23,37.584432,127.048938
동대문구,동대문안심23,37.58453574,127.0489782
동대문구,동대문안심23,37.58453574,127.0489782
동대문구,동대문안심23,37.5845153,127.0489436
동대문구,동대문안심23,37.5845153,127.0489436
동대문구,동대문안심23,37.58463744,127.048589
동대문구,동대문안심23,37.5846914,127.048571
동대문구,동대문안심23,37.584747,127.04859
동대문구,동대문안심23,37.584747,127.04859
동대문구,동대문안심23,37.584747,127.04859
동대문구,동대문안심23,37.58476787,127.048607
동대문구,동대문안심23,37.58476787,127.048607
동대문구,동대문안심23,37.58471787,127.048413
동대문구,동대문안심23,37.5848403,127.0483668
동대문구,동대문안심23,37.58491,127.048058
동대문구,동대문안심23,37.58491,127.048058
동대문구,동대문안심23,37.58507744,127.0480468
동대문구,동대문안심23,37.58507744,127.0480468
동대문구,동대문안심23,37.58520016,127.0479636
동대문구,동대문안심23,37.585235,127.04784
동대문구,동대문안심23,37.585235,127.04784
동대문구,동대문안심23,37.585228,127.047812
동대문구,동대문안심23,37.585477,127.0478458
동대문구,동대문안심23,37.585477,127.0478458
동대문구,동대문안심23,37.585667,127.047854
동대문구,동대문안심23,37.585667,127.047854
동대문구,동대문안심23,37.58565913,127.0479532
동대문구,동대문안심23,37.58565913,127.0479532
동대문구,동대문안심23,37.585742,127.047881
동대문구,동대문안심23,37.585742,127.047881
동대문구,동대문안심23,37.58574273,127.0480036
동대문구,동대문안심23,37.58586199,127.0479934
동대문구,동대문안심23,37.58601819,127.0479092
동대문구,동대문안심23,37.58601819,127.0479092
동대문구,동대문안심23,37.58603566,127.0480422
동대문구,동대문안심23,37.586312,127.048049
동대문구,동대문안심23,37.586312,127.048049
동대문구,동대문안심23,37.586312,127.048049
동대문구,동대문안심23,37.58635296,127.0481032
동대문구,동대문안심24,37.57841214,127.032833
동대문구,동대문안심24,37.57841701,127.0327768
동대문구,동대문안심24,37.57856244,127.0329408
동대문구,동대문안심24,37.57856244,127.0329408
동대문구,동대문안심24,37.57856944,127.0329278
동대문구,동대문안심24,37.57856944,127.0329278
동대문구,동대문안심24,37.57859272,127.0329176
동대문구,동대문안심24,37.57864057,127.0329065
동대문구,동대문안심24,37.57884101,127.0328203
동대문구,동대문안심24,37.578949,127.032668
동대문구,동대문안심24,37.579323,127.032573
동대문구,동대문안심24,37.57933189,127.032548
동대문구,동대문안심24,37.579311,127.032464
동대문구,동대문안심24,37.579313,127.032478
동대문구,동대문안심24,37.57941964,127.0324629
동대문구,동대문안심24,37.57942757,127.0324935
동대문구,동대문안심24,37.579823,127.032233
동대문구,동대문안심24,37.58003886,127.0321386
동대문구,동대문안심24,37.58028,127.032055
동대문구,동대문안심24,37.58059943,127.0320029
동대문구,동대문안심24,37.58059943,127.0320029
동대문구,동대문안심24,37.580648,127.031886
동대문구,동대문안심24,37.58076656,127.03192
동대문구,동대문안심24,37.58105415,127.031786
동대문구,동대문안심24,37.58126972,127.031697
동대문구,동대문안심24,37.58132258,127.0316278
동대문구,동대문안심24,37.58138703,127.0316173
동대문구,동대문안심24,37.58138703,127.0316173
동대문구,동대문안심24,37.58138803,127.0315993
동대문구,동대문안심24,37.58138803,127.0315993
동작구,동작안심01,37.513238,126.944552
동작구,동작안심01,37.513172,126.944622
동작구,동작안심01,37.513172,126.944622
동작구,동작안심01,37.513094,126.944606
동작구,동작안심01,37.512814,126.944784
동작구,동작안심01,37.512465,126.945007
동작구,동작안심01,37.512319,126.945113
동작구,동작안심01,37.511565,126.945224
동작구,동작안심01,37.511565,126.945224
동작구,동작안심01,37.511565,126.945224
동작구,동작안심01,37.511565,126.945224
동작구,동작안심01,37.51155,126.945257
동작구,동작안심01,37.511348,126.945283
동작구,동작안심01,37.511348,126.945283
동작구,동작안심01,37.511348,126.945283
동작구,동작안심01,37.511078,126.945389
동작구,동작안심01,37.511078,126.945389
동작구,동작안심01,37.510857,126.945505
동작구,동작안심01,37.510857,126.945505
동작구,동작안심01,37.510685,126.945594
동작구,동작안심01,37.510569,126.945671
동작구,동작안심01,37.510434,126.945648
동작구,동작안심01,37.510262,126.946198
동작구,동작안심01,37.510276,126.946215
동작구,동작안심01,37.510276,126.946215
동작구,동작안심01,37.510283,126.946275
동작구,동작안심01,37.510283,126.946275
동작구,동작안심02,37.510342,126.934873
동작구,동작안심02,37.510342,126.934873
동작구,동작안심02,37.510504,126.934807
동작구,동작안심02,37.510683,126.934711
동작구,동작안심02,37.510734,126.934778
동작구,동작안심02,37.51083,126.934716
동작구,동작안심02,37.510799,126.934696
동작구,동작안심02,37.510799,126.934696
동작구,동작안심02,37.511014,126.934704
동작구,동작안심02,37.511022,126.934661
동작구,동작안심02,37.511022,126.934661
동작구,동작안심02,37.5112,126.934709
동작구,동작안심02,37.511466,126.934707
동작구,동작안심02,37.511726,126.934694
동작구,동작안심02,37.511726,126.934694
동작구,동작안심02,37.512105,126.934627
동작구,동작안심02,37.512137,126.934667
동작구,동작안심02,37.512137,126.934667
동작구,동작안심03,37.509707,126.955607
동작구,동작안심03,37.509707,126.955607
동작구,동작안심03,37.509707,126.955607
동작구,동작안심03,37.509701,126.955686
동작구,동작안심03,37.509613,126.955694
동작구,동작안심03,37.509613,126.955694
동작구,동작안심03,37.509614,126.955678
동작구,동작안심03,37.509327,126.956004
동작구,동작안심03,37.509327,126.956004
동작구,동작안심03,37.509237,126.95616
동작구,동작안심03,37.508886,126.956475
동작구,동작안심03,37.508648,126.956742
동작구,동작안심03,37.508648,126.956742
동작구,동작안심03,37.508648,126.956742
동작구,동작안심03,37.508648,126.956742
동작구,동작안심03,37.508542,126.957155
동작구,동작안심03,37.508575,126.957339
동작구,동작안심03,37.508358,126.957652
동작구,동작안심03,37.508358,126.957652
동작구,동작안심03,37.508336,126.957642
동작구,동작안심03,37.508308,126.957649
동작구,동작안심03,37.508177,126.957886
동작구,동작안심03,37.508027,126.958041
동작구,동작안심03,37.508027,126.958041
동작구,동작안심03,37.508027,126.958041
동작구,동작안심03,37.508027,126.958041
동작구,동작안심03,37.508016,126.958274
동작구,동작안심03,37.507891,126.958617
동작구,동작안심03,37.507891,126.958617
동작구,동작안심03,37.507824,126.958863
동작구,동작안심03,37.507824,126.958863
동작구,동작안심03,37.507824,126.958863
동작구,동작안심03,37.507758,126.959027
동작구,동작안심03,37.507755,126.959328
동작구,동작안심03,37.507755,126.959328
동작구,동작안심03,37.507689,126.959746
동작구,동작안심03,37.507575,126.96001
동작구,동작안심03,37.507575,126.96001
동작구,동작안심03,37.507551,126.960021
동작구,동작안심04,37.512497,126.954627
동작구,동작안심04,37.512635,126.954807
동작구,동작안심04,37.512635,126.954807
동작구,동작안심04,37.512642,126.954833
동작구,동작안심04,37.51229,126.955116
동작구,동작안심04,37.512122,126.955243
동작구,동작안심04,37.512122,126.955243
동작구,동작안심04,37.512122,126.955243
동작구,동작안심04,37.511862,126.955531
동작구,동작안심04,37.511743,126.955672
동작구,동작안심04,37.511569,126.955878
동작구,동작안심04,37.511569,126.955878
동작구,동작안심04,37.511391,126.955941
동작구,동작안심04,37.511375,126.955971
동작구,동작안심04,37.511359,126.955928
동작구,동작안심04,37.511359,126.955928
동작구,동작안심04,37.511359,126.955928
동작구,동작안심04,37.511168,126.956035
동작구,동작안심04,37.511153,126.956101
동작구,동작안심04,37.511153,126.956101
동작구,동작안심04,37.511079,126.956233
동작구,동작안심04,37.51093,126.956261
동작구,동작안심04,37.51093,126.956261
동작구,동작안심04,37.510887,126.956306
동작구,동작안심04,37.510683,126.956525
동작구,동작안심04,37.510598,126.956601
동작구,동작안심04,37.510536,126.956718
동작구,동작안심04,37.510512,126.956746
동작구,동작안심04,37.510512,126.956746
동작구,동작안심04,37.510512,126.956746
동작구,동작안심05,37.495248,126.954695
동작구,동작안심05,37.495053,126.954846
동작구,동작안심05,37.495128,126.955154
동작구,동작안심05,37.495163,126.955192
동작구,동작안심05,37.495151,126.955437
동작구,동작안심05,37.495151,126.955437
동작구,동작안심05,37.495215,126.955468
동작구,동작안심05,37.495186,126.955387
동작구,동작안심05,37.495215,126.955468
동작구,동작안심05,37.495215,126.955468
동작구,동작안심05,37.495215,126.955468
동작구,동작안심05,37.495046,126.955899
동작구,동작안심05,37.494978,126.956143
동작구,동작안심05,37.494908,126.956537
동작구,동작안심05,37.49483,126.956915
동작구,동작안심05,37.494846,126.956935
동작구,동작안심05,37.494846,126.956935
동작구,동작안심05,37.494772,126.957144
동작구,동작안심05,37.494755,126.957282
동작구,동작안심05,37.494703,126.957641
동작구,동작안심05,37.494703,126.957641
동작구,동작안심05,37.494703,126.957641
동작구,동작안심05,37.494734,126.957699
동작구,동작안심05,37.494626,126.958171
동작구,동작안심05,37.494643,126.958346
동작구,동작안심05,37.494615,126.958628
동작구,동작안심05,37.494615,126.958628
동작구,동작안심05,37.49455,126.958665
동작구,동작안심05,37.494568,126.958848
동작구,동작안심05,37.494568,126.958848
동작구,동작안심05,37.494533,126.958955
동작구,동작안심05,37.494493,126.959113
동작구,동작안심05,37.494493,126.959113
동작구,동작안심06,37.498789,126.939494
동작구,동작안심06,37.498773,126.93945
동작구,동작안심06,37.498789,126.939494
동작구,동작안심06,37.498788,126.939398
동작구,동작안심06,37.498943,126.939149
동작구,동작안심06,37.499235,126.938989
동작구,동작안심06,37.499198,126.938978
동작구,동작안심06,37.499198,126.938978
동작구,동작안심06,37.499426,126.938777
동작구,동작안심06,37.499692,126.938702
동작구,동작안심06,37.500079,126.938526
동작구,동작안심06,37.500245,126.938335
동작구,동작안심06,37.500237,126.938292
동작구,동작안심06,37.500555,126.93802
동작구,동작안심06,37.500535,126.937903
동작구,동작안심06,37.500546,126.937955
동작구,동작안심06,37.500779,126.937689
동작구,동작안심06,37.500877,126.937708
동작구,동작안심06,37.501004,126.937573
동작구,동작안심06,37.501209,126.937219
동작구,동작안심06,37.501196,126.936993
동작구,동작안심06,37.501196,126.936993
동작구,동작안심06,37.501196,126.936993
동작구,동작안심06,37.501204,126.936715
동작구,동작안심06,37.501286,126.93637
동작구,동작안심06,37.501386,126.936048
동작구,동작안심06,37.501547,126.935886
동작구,동작안심06,37.501576,126.935695
동작구,동작안심06,37.501576,126.935695
동작구,동작안심06,37.501646,126.935489
동작구,동작안심06,37.501668,126.935225
동작구,동작안심06,37.50172,126.934984
동작구,동작안심06,37.501633,126.934625
동작구,동작안심06,37.501633,126.934625
동작구,동작안심06,37.50159,126.934463
동작구,동작안심06,37.50159,126.934463
동작구,동작안심06,37.50159,126.934463
동작구,동작안심06,37.501546,126.934442
동작구,동작안심07,37.504896,126.951961
동작구,동작안심07,37.504609,126.951884
동작구,동작안심07,37.504587,126.951812
동작구,동작안심07,37.50458,126.951842
동작구,동작안심07,37.504412,126.951795
동작구,동작안심07,37.504412,126.951795
동작구,동작안심07,37.504167,126.951747
동작구,동작안심07,37.504139,126.951718
동작구,동작안심07,37.504054,126.951755
동작구,동작안심07,37.504054,126.951755
동작구,동작안심07,37.504054,126.951755
동작구,동작안심07,37.504054,126.951755
동작구,동작안심07,37.503829,126.951775
동작구,동작안심07,37.503586,126.951746
동작구,동작안심07,37.503457,126.951821
동작구,동작안심07,37.503457,126.951821
동작구,동작안심07,37.503257,126.951842
동작구,동작안심07,37.502891,126.951884
동작구,동작안심07,37.502891,126.951884
동작구,동작안심07,37.502611,126.951892
동작구,동작안심07,37.502585,126.95186
동작구,동작안심07,37.502585,126.95186
동작구,동작안심07,37.502585,126.95186
동작구,동작안심07,37.502585,126.95186
동작구,동작안심07,37.502553,126.951922
동작구,동작안심08,37.493018,126.975777
동작구,동작안심08,37.493018,126.975777
동작구,동작안심08,37.493018,126.975777
동작구,동작안심08,37.492844,126.976133
동작구,동작안심08,37.492711,126.976495
동작구,동작안심08,37.49268,126.976808
동작구,동작안심08,37.492659,126.976737
동작구,동작안심08,37.492659,126.976737
동작구,동작안심08,37.49268,126.976808
동작구,동작안심08,37.49264,126.976811
동작구,동작안심08,37.49264,126.976811
동작구,동작안심08,37.49268,126.976808
동작구,동작안심08,37.492756,126.977015
동작구,동작안심08,37.492962,126.977345
동작구,동작안심08,37.492986,126.977553
동작구,동작안심08,37.492986,126.977553
동작구,동작안심08,37.49298,126.977917
동작구,동작안심08,37.49298,126.977917
동작구,동작안심08,37.49298,126.977917
동작구,동작안심08,37.492939,126.978105
동작구,동작안심08,37.492777,126.978493
동작구,동작안심08,37.492804,126.978494
동작구,동작안심08,37.492717,126.978583
동작구,동작안심08,37.492717,126.978583
동작구,동작안심08,37.492717,126.978583
동작구,동작안심08,37.492607,126.978764
동작구,동작안심08,37.49252,126.978977
동작구,동작안심08,37.492519,126.979061
동작구,동작안심08,37.492523,126.979094
동작구,동작안심08,37.492523,126.979094
동작구,동작안심08,37.492397,126.979263
동작구,동작안심08,37.492147,126.97948
동작구,동작안심08,37.492204,126.979529
동작구,동작안심08,37.492039,126.979754
동작구,동작안심08,37.491919,126.979739
동작구,동작안심08,37.491772,126.979917
동작구,동작안심08,37.491794,126.980055
동작구,동작안심08,37.491529,126.980374
동작구,동작안심08,37.491453,126.980281
동작구,동작안심08,37.491439,126.980479
동작구,동작안심08,37.491458,126.980372
동작구,동작안심08,37.491379,126.980387
동작구,동작안심08,37.491379,126.980387
동작구,동작안심08,37.491379,126.980387
동작구,동작안심08,37.492717,126.978583
동작구,동작안심08,37.491398,126.980534
동작구,동작안심08,37.491349,126.980454
동작구,동작안심08,37.491369,126.980488
동작구,동작안심08,37.491272,126.980744
동작구,동작안심08,37.491261,126.98089
동작구,동작안심08,37.491261,126.98089
동작구,동작안심08,37.491182,126.980881
동작구,동작안심08,37.49101,126.981082
동작구,동작안심08,37.491073,126.981159
동작구,동작안심08,37.491017,126.981159
동작구,동작안심08,37.490955,126.981315
동작구,동작안심08,37.49092,126.98146
동작구,동작안심08,37.49086,126.981865
동작구,동작안심08,37.490794,126.981918
동작구,동작안심08,37.490794,126.981918
동작구,동작안심09,37.487435,126.975086
동작구,동작안심09,37.487452,126.975019
동작구,동작안심09,37.487435,126.975086
동작구,동작안심09,37.487387,126.975027
동작구,동작안심09,37.487418,126.975056
동작구,동작안심09,37.487387,126.975027
동작구,동작안심09,37.487387,126.975027
동작구,동작안심09,37.487068,126.975552
동작구,동작안심09,37.487068,126.975552
동작구,동작안심09,37.487068,126.975552
동작구,동작안심09,37.486809,126.975859
동작구,동작안심09,37.486712,126.975986
동작구,동작안심09,37.486712,126.975986
동작구,동작안심09,37.486572,126.976171
동작구,동작안심09,37.486572,126.976171
동작구,동작안심09,37.486406,126.976377
동작구,동작안심09,37.486406,126.976377
동작구,동작안심09,37.486316,126.976473
동작구,동작안심09,37.486316,126.976473
동작구,동작안심09,37.486051,126.976789
동작구,동작안심09,37.486051,126.976789
동작구,동작안심09,37.48589,126.976995
동작구,동작안심09,37.48589,126.976995
동작구,동작안심09,37.485589,126.977269
동작구,동작안심09,37.485589,126.977269
동작구,동작안심09,37.485554,126.977346
동작구,동작안심09,37.485528,126.977316
동작구,동작안심09,37.485375,126.977515
동작구,동작안심09,37.485375,126.977515
동작구,동작안심09,37.485147,126.977857
동작구,동작안심09,37.485147,126.977857
동작구,동작안심09,37.485125,126.978001
동작구,동작안심09,37.485103,126.978061
동작구,동작안심09,37.485103,126.978061
동작구,동작안심09,37.484967,126.978664
동작구,동작안심09,37.484967,126.978664
동작구,동작안심09,37.484967,126.978664
동작구,동작안심09,37.484944,126.978879
동작구,동작안심09,37.484957,126.978915
동작구,동작안심09,37.484957,126.978915
동작구,동작안심09,37.484928,126.978973
동작구,동작안심09,37.484487,126.979138
동작구,동작안심09,37.484425,126.979131
동작구,동작안심10,37.484399,126.972718
동작구,동작안심10,37.484405,126.972761
동작구,동작안심10,37.484405,126.972761
동작구,동작안심10,37.484425,126.972731
동작구,동작안심10,37.484405,126.972761
동작구,동작안심10,37.484811,126.972454
동작구,동작안심10,37.484811,126.972454
동작구,동작안심10,37.484811,126.972454
동작구,동작안심10,37.485014,126.97241
동작구,동작안심10,37.485014,126.97241
동작구,동작안심10,37.484987,126.972351
동작구,동작안심10,37.484978,126.972394
동작구,동작안심10,37.484987,126.972351
동작구,동작안심10,37.485169,126.97224
동작구,동작안심10,37.485314,126.972158
동작구,동작안심10,37.485391,126.972118
동작구,동작안심10,37.48558,126.971961
동작구,동작안심10,37.485651,126.972017
동작구,동작안심10,37.485736,126.971893
동작구,동작안심10,37.485959,126.971737
동작구,동작안심10,37.486036,126.971674
동작구,동작안심10,37.486128,126.97173
동작구,동작안심10,37.486367,126.971412
동작구,동작안심10,37.486358,126.971456
동작구,동작안심10,37.486367,126.971412
동작구,동작안심10,37.486358,126.971456
동작구,동작안심10,37.486358,126.971456
동작구,동작안심10,37.486336,126.971405
동작구,동작안심10,37.486207,126.97118
동작구,동작안심10,37.486127,126.970988
동작구,동작안심10,37.486127,126.970988
동작구,동작안심10,37.486029,126.97089
동작구,동작안심10,37.486212,126.970457
동작구,동작안심10,37.486215,126.970393
동작구,동작안심10,37.486218,126.970265
동작구,동작안심10,37.486218,126.970265
동작구,동작안심10,37.486478,126.970151
동작구,동작안심10,37.486713,126.969925
동작구,동작안심10,37.486921,126.969633
동작구,동작안심10,37.486921,126.969633
동작구,동작안심10,37.486966,126.969758
동작구,동작안심10,37.486964,126.969799
동작구,동작안심10,37.486964,126.969799
동작구,동작안심10,37.487118,126.96988
동작구,동작안심10,37.487252,126.970135
동작구,동작안심10,37.487213,126.970132
동작구,동작안심10,37.487213,126.970132
동작구,동작안심10,37.487213,126.970132
동작구,동작안심10,37.48736,126.970293
동작구,동작안심10,37.487414,126.970374
동작구,동작안심10,37.487636,126.970162
동작구,동작안심10,37.487683,126.970164
동작구,동작안심10,37.487683,126.970164
동작구,동작안심10,37.487681,126.970069
동작구,동작안심10,37.487898,126.969903
동작구,동작안심11,37.479817,126.973777
동작구,동작안심11,37.479834,126.9738
동작구,동작안심11,37.479834,126.9738
동작구,동작안심11,37.479726,126.974001
동작구,동작안심11,37.479726,126.974001
동작구,동작안심11,37.47971,126.973981
동작구,동작안심11,37.479647,126.974148
동작구,동작안심11,37.479567,126.974327
동작구,동작안심11,37.479433,126.974442
동작구,동작안심11,37.479396,126.974488
동작구,동작안심11,37.479297,126.974794
동작구,동작안심11,37.479177,126.974964
동작구,동작안심11,37.47917,126.974909
동작구,동작안심11,37.47917,126.974909
동작구,동작안심11,37.479177,126.974964
동작구,동작안심11,37.479072,126.975153
동작구,동작안심11,37.479072,126.975153
동작구,동작안심11,37.479127,126.975137
동작구,동작안심11,37.478893,126.975458
동작구,동작안심11,37.478879,126.975573
동작구,동작안심11,37.478829,126.97559
동작구,동작안심11,37.478829,126.97559
동작구,동작안심11,37.478842,126.9757
동작구,동작안심11,37.478663,126.976041
동작구,동작안심11,37.478484,126.97636
동작구,동작안심11,37.478281,126.976678
동작구,동작안심11,37.478275,126.976624
동작구,동작안심11,37.478275,126.976624
동작구,동작안심11,37.478293,126.976723
동작구,동작안심11,37.478293,126.976723
동작구,동작안심11,37.478252,126.976719
동작구,동작안심11,37.478108,126.977038
동작구,동작안심11,37.477946,126.977375
동작구,동작안심11,37.477946,126.977375
동작구,동작안심11,37.477839,126.977575
동작구,동작안심11,37.477789,126.977594
동작구,동작안심11,37.477839,126.977575
동작구,동작안심11,37.477601,126.977962
동작구,동작안심11,37.477628,126.977984
동작구,동작안심11,37.477628,126.977984
동작구,동작안심11,37.477528,126.978034
동작구,동작안심11,37.477373,126.978319
동작구,동작안심11,37.477351,126.978271
동작구,동작안심12,37.48069,126.969668
동작구,동작안심12,37.48069,126.969668
동작구,동작안심12,37.480874,126.969845
동작구,동작안심12,37.480889,126.969905
동작구,동작안심12,37.481024,126.96999
동작구,동작안심12,37.481355,126.970119
동작구,동작안심12,37.481552,126.970247
동작구,동작안심12,37.481552,126.970247
동작구,동작안심12,37.481552,126.970247
동작구,동작안심12,37.481779,126.970414
동작구,동작안심12,37.481909,126.970586
동작구,동작안심12,37.482147,126.970748
동작구,동작안심12,37.482222,126.970812
동작구,동작안심12,37.482403,126.970944
동작구,동작안심12,37.482666,126.971018
동작구,동작안심12,37.482666,126.971018
동작구,동작안심12,37.482937,126.971391
동작구,동작안심12,37.483103,126.971553
동작구,동작안심12,37.483238,126.971656
동작구,동작안심12,37.483231,126.971686
동작구,동작안심12,37.483231,126.971686
동작구,동작안심12,37.483329,126.971781
동작구,동작안심12,37.483542,126.972002
동작구,동작안심12,37.483753,126.972161
동작구,동작안심12,37.483745,126.972112
동작구,동작안심12,37.483792,126.972155
동작구,동작안심12,37.483963,126.972381
동작구,동작안심12,37.48401,126.972387
동작구,동작안심13,37.484578,126.969234
동작구,동작안심13,37.48511,126.969771
동작구,동작안심13,37.484966,126.969596
동작구,동작안심13,37.484932,126.969649
동작구,동작안심13,37.484594,126.969365
동작구,동작안심13,37.484597,126.969296
동작구,동작안심13,37.484594,126.969365
동작구,동작안심13,37.484597,126.969296
동작구,동작안심13,37.484594,126.969365
동작구,동작안심13,37.484594,126.969365
동작구,동작안심13,37.484315,126.968975
동작구,동작안심13,37.484085,126.96881
동작구,동작안심13,37.484092,126.968872
동작구,동작안심13,37.484092,126.968872
동작구,동작안심13,37.483843,126.968586
동작구,동작안심13,37.483756,126.968403
동작구,동작안심13,37.48363,126.968281
동작구,동작안심13,37.483497,126.968243
동작구,동작안심13,37.483333,126.967947
동작구,동작안심13,37.483167,126.967767
동작구,동작안심13,37.482945,126.967539
동작구,동작안심13,37.482895,126.967464
동작구,동작안심13,37.482693,126.967231
동작구,동작안심13,37.482637,126.967238
동작구,동작안심13,37.482616,126.967185
동작구,동작안심13,37.482616,126.967185
동작구,동작안심14,37.496134,126.924774
동작구,동작안심14,37.496134,126.924774
동작구,동작안심14,37.496156,126.92475
동작구,동작안심14,37.496123,126.924434
동작구,동작안심14,37.496123,126.924434
동작구,동작안심14,37.496123,126.924434
동작구,동작안심14,37.496271,126.924402
동작구,동작안심14,37.496422,126.924313
동작구,동작안심14,37.496422,126.924313
동작구,동작안심14,37.496648,126.924285
동작구,동작안심14,37.496945,126.92433
동작구,동작안심14,37.496945,126.92433
동작구,동작안심14,37.496945,126.92433
동작구,동작안심14,37.496945,126.92433
동작구,동작안심14,37.496954,126.924304
동작구,동작안심14,37.497092,126.924325
동작구,동작안심14,37.497227,126.924311
동작구,동작안심14,37.497406,126.92423
동작구,동작안심14,37.497557,126.924276
동작구,동작안심14,37.497581,126.924035
동작구,동작안심14,37.497669,126.923776
동작구,동작안심14,37.497701,126.923748
동작구,동작안심14,37.497701,126.923748
동작구,동작안심14,37.497735,126.923604
동작구,동작안심14,37.497735,126.923604
동작구,동작안심15,37.497862,126.9262
동작구,동작안심15,37.497863,126.926184
동작구,동작안심15,37.497863,126.926184
동작구,동작안심15,37.497711,126.925797
동작구,동작안심15,37.497711,126.925797
동작구,동작안심15,37.497711,126.925797
동작구,동작안심15,37.497636,126.925835
동작구,동작안심15,37.497489,126.925833
동작구,동작안심15,37.497351,126.925833
동작구,동작안심15,37.497176,126.925768
동작구,동작안심15,37.49715,126.925828
동작구,동작안심15,37.497067,126.925732
동작구,동작안심15,37.497017,126.925746
동작구,동작안심15,37.496958,126.925699
동작구,동작안심15,37.496958,126.925699
동작구,동작안심15,37.496729,126.925656
동작구,동작안심15,37.496486,126.925697
동작구,동작안심15,37.496202,126.925807
동작구,동작안심15,37.496202,126.925807
동작구,동작안심15,37.496192,126.925753
동작구,동작안심15,37.496083,126.92583
동작구,동작안심15,37.495933,126.92587
동작구,동작안심15,37.49575,126.925867
동작구,동작안심15,37.49572,126.925837
동작구,동작안심15,37.49572,126.925837
동작구,동작안심15,37.495585,126.925922
동작구,동작안심15,37.495585,126.925922
동작구,동작안심16,37.487645,126.912562
동작구,동작안심16,37.487646,126.912651
동작구,동작안심16,37.487645,126.912562
동작구,동작안심16,37.487621,126.912707
동작구,동작안심16,37.48794,126.912895
동작구,동작안심16,37.48794,126.912895
동작구,동작안심16,37.488053,126.9132
동작구,동작안심16,37.488053,126.9132
동작구,동작안심16,37.488053,126.9132
동작구,동작안심16,37.488089,126.913252
동작구,동작안심16,37.488124,126.913228
동작구,동작안심16,37.488134,126.913206
동작구,동작안심16,37.488213,126.913165
동작구,동작안심16,37.48834,126.913224
동작구,동작안심16,37.488483,126.913236
동작구,동작안심16,37.488483,126.913236
동작구,동작안심16,37.488679,126.913125
동작구,동작안심16,37.488684,126.913141
동작구,동작안심16,37.488684,126.913141
동작구,동작안심16,37.4887,126.913102
동작구,동작안심16,37.488797,126.91304
동작구,동작안심16,37.488797,126.91304
동작구,동작안심16,37.488804,126.913008
동작구,동작안심16,37.488924,126.912863
동작구,동작안심16,37.488924,126.912863
동작구,동작안심16,37.488924,126.912863
동작구,동작안심17,37.496024,126.931151
동작구,동작안심17,37.496001,126.931075
동작구,동작안심17,37.496001,126.931075
동작구,동작안심17,37.495847,126.931102
동작구,동작안심17,37.495599,126.931008
동작구,동작안심17,37.495599,126.931008
동작구,동작안심17,37.495342,126.931142
동작구,동작안심17,37.495307,126.93112
동작구,동작안심17,37.495307,126.93112
동작구,동작안심17,37.495144,126.931244
동작구,동작안심17,37.495007,126.931207
동작구,동작안심17,37.494887,126.931376
동작구,동작안심17,37.494744,126.93134
동작구,동작안심17,37.494697,126.931323
동작구,동작안심17,37.494734,126.931408
동작구,동작안심17,37.494521,126.93143
동작구,동작안심17,37.494403,126.931418
동작구,동작안심17,37.494403,126.931418
동작구,동작안심17,37.494162,126.931567
동작구,동작안심17,37.49413,126.931552
동작구,동작안심17,37.49413,126.931552
동작구,동작안심17,37.49398,126.931598
동작구,동작안심17,37.493851,126.931662
동작구,동작안심17,37.493755,126.931768
동작구,동작안심17,37.493694,126.93173
동작구,동작안심17,37.493509,126.931757
동작구,동작안심17,37.493509,126.931757
동작구,동작안심18,37.499962,126.930599
동작구,동작안심18,37.499966,126.93054
동작구,동작안심18,37.499971,126.930576
동작구,동작안심18,37.499971,126.930576
동작구,동작안심18,37.500004,126.93053
동작구,동작안심18,37.500104,126.930469
동작구,동작안심18,37.500157,126.930455
동작구,동작안심18,37.500479,126.930381
동작구,동작안심18,37.500543,126.93045
동작구,동작안심18,37.500716,126.930428
동작구,동작안심18,37.500774,126.930338
동작구,동작안심18,37.5008,126.93035
동작구,동작안심18,37.500798,126.93027
동작구,동작안심18,37.500798,126.93027
동작구,동작안심18,37.50105,126.93023
동작구,동작안심18,37.501123,126.930175
동작구,동작안심18,37.501253,126.930099
동작구,동작안심18,37.501253,126.930099
동작구,동작안심18,37.501639,126.930065
동작구,동작안심18,37.501674,126.929967
동작구,동작안심18,37.502131,126.929828
동작구,동작안심18,37.502294,126.929777
동작구,동작안심18,37.502355,126.929836
동작구,동작안심18,37.502684,126.929743
동작구,동작안심18,37.502702,126.929686
동작구,동작안심18,37.502716,126.929732
동작구,동작안심18,37.502716,126.929732
동작구,동작안심18,37.502716,126.929732
동작구,동작안심18,37.502684,126.929743
동작구,동작안심18,37.502131,126.929828
마포구,마포안심01,37.557695,126.960628
마포구,마포안심01,37.557695,126.960628
마포구,마포안심01,37.557671,126.960703
마포구,마포안심01,37.557561,126.960796
마포구,마포안심01,37.557391,126.961048
마포구,마포안심01,37.557392,126.961089
마포구,마포안심01,37.557356,126.961047
마포구,마포안심01,37.557139,126.961301
마포구,마포안심01,37.557026,126.961487
마포구,마포안심01,37.556911,126.961612
마포구,마포안심01,37.556936,126.961592
마포구,마포안심01,37.556911,126.961612
마포구,마포안심01,37.556911,126.961612
마포구,마포안심01,37.556777,126.961843
마포구,마포안심01,37.556673,126.961836
마포구,마포안심01,37.556725,126.961829
마포구,마포안심01,37.556485,126.962101
마포구,마포안심01,37.556502,126.962056
마포구,마포안심01,37.556502,126.962056
마포구,마포안심01,37.5564,126.962247
마포구,마포안심01,37.55627,126.962369
마포구,마포안심01,37.556303,126.962382
마포구,마포안심01,37.556253,126.962335
마포구,마포안심01,37.556171,126.962532
마포구,마포안심01,37.556171,126.962532
마포구,마포안심01,37.556022,126.962719
마포구,마포안심02,37.554112,126.945287
마포구,마포안심02,37.554112,126.945287
마포구,마포안심02,37.554104,126.94524
마포구,마포안심02,37.553948,126.945291
마포구,마포안심02,37.553874,126.945227
마포구,마포안심02,37.553718,126.945285
마포구,마포안심02,37.55345,126.945256
마포구,마포안심02,37.553415,126.945223
마포구,마포안심02,37.553415,126.945223
마포구,마포안심02,37.553395,126.94525
마포구,마포안심02,37.553377,126.945286
마포구,마포안심02,37.55314,126.945245
마포구,마포안심02,37.55314,126.945245
마포구,마포안심02,37.553018,126.945302
마포구,마포안심02,37.552629,126.945305
마포구,마포안심02,37.552629,126.945305
마포구,마포안심02,37.552629,126.945305
마포구,마포안심02,37.552629,126.945305
마포구,마포안심02,37.552364,126.945144
마포구,마포안심02,37.552369,126.945182
마포구,마포안심02,37.552302,126.945081
마포구,마포안심03,37.547506,126.922935
마포구,마포안심03,37.547371,126.922823
마포구,마포안심03,37.547371,126.922823
마포구,마포안심03,37.547387,126.922489
마포구,마포안심03,37.547374,126.922429
마포구,마포안심03,37.547374,126.922429
마포구,마포안심03,37.547237,126.922349
마포구,마포안심03,37.547128,126.922384
마포구,마포안심03,37.547128,126.922384
마포구,마포안심03,37.547128,126.922384
마포구,마포안심03,37.546824,126.92229
마포구,마포안심03,37.546824,126.92229
마포구,마포안심03,37.546858,126.922247
마포구,마포안심03,37.546873,126.922053
마포구,마포안심03,37.546932,126.921615
마포구,마포안심03,37.546932,126.921615
마포구,마포안심03,37.546958,126.921614
마포구,마포안심03,37.546993,126.921367
마포구,마포안심03,37.547098,126.920991
마포구,마포안심03,37.547087,126.920944
마포구,마포안심03,37.547087,126.920944
마포구,마포안심03,37.547101,126.920884
마포구,마포안심03,37.547101,126.920884
마포구,마포안심03,37.547162,126.920585
마포구,마포안심03,37.547161,126.920427
마포구,마포안심03,37.547195,126.920361
마포구,마포안심03,37.547196,126.920237
마포구,마포안심03,37.547196,126.920237
마포구,마포안심03,37.54726,126.920231
마포구,마포안심03,37.547212,126.920172
마포구,마포안심03,37.547299,126.920081
마포구,마포안심03,37.547345,126.91999
마포구,마포안심03,37.547345,126.91999
마포구,마포안심04,37.547072,126.932838
마포구,마포안심04,37.547072,126.932838
마포구,마포안심04,37.546936,126.932791
마포구,마포안심04,37.546829,126.932784
마포구,마포안심04,37.546643,126.932732
마포구,마포안심04,37.546451,126.93275
마포구,마포안심04,37.546451,126.93275
마포구,마포안심04,37.546451,126.93275
마포구,마포안심04,37.546417,126.932724
마포구,마포안심04,37.546274,126.932627
마포구,마포안심04,37.546062,126.932714
마포구,마포안심04,37.545932,126.932853
마포구,마포안심04,37.545838,126.932914
마포구,마포안심04,37.545803,126.932937
마포구,마포안심04,37.545803,126.932937
마포구,마포안심04,37.545803,126.932937
마포구,마포안심04,37.54577,126.932827
마포구,마포안심04,37.545631,126.932667
마포구,마포안심04,37.545548,126.93263
마포구,마포안심04,37.545441,126.932529
마포구,마포안심04,37.545441,126.932529
마포구,마포안심04,37.545631,126.932667
마포구,마포안심05,37.554956,126.938117
마포구,마포안심05,37.554915,126.938096
마포구,마포안심05,37.554889,126.938169
마포구,마포안심05,37.554889,126.938169
마포구,마포안심05,37.554889,126.938169
마포구,마포안심05,37.554729,126.938247
마포구,마포안심05,37.554667,126.938212
마포구,마포안심05,37.554367,126.938424
마포구,마포안심05,37.554265,126.938422
마포구,마포안심05,37.554074,126.938578
마포구,마포안심05,37.553866,126.938669
마포구,마포안심05,37.553866,126.938669
마포구,마포안심05,37.553795,126.938627
마포구,마포안심05,37.554036,126.939097
마포구,마포안심05,37.553977,126.939048
마포구,마포안심05,37.554036,126.939097
마포구,마포안심05,37.554036,126.939097
마포구,마포안심05,37.554011,126.939179
마포구,마포안심05,37.554086,126.939225
마포구,마포안심05,37.554165,126.939487
마포구,마포안심05,37.55428,126.939861
마포구,마포안심05,37.554302,126.940082
마포구,마포안심05,37.554362,126.940317
마포구,마포안심05,37.554394,126.940335
마포구,마포안심05,37.554394,126.940335
마포구,마포안심05,37.554394,126.940335
마포구,마포안심05,37.554436,126.940595
마포구,마포안심05,37.55454,126.940774
마포구,마포안심05,37.554506,126.940752
마포구,마포안심05,37.554506,126.940752
마포구,마포안심05,37.554506,126.940752
마포구,마포안심05,37.554506,126.940752
마포구,마포안심05,37.554697,126.941286
마포구,마포안심05,37.554778,126.941381
마포구,마포안심05,37.554738,126.941428
마포구,마포안심05,37.554833,126.941665
마포구,마포안심05,37.554852,126.941638
마포구,마포안심05,37.554831,126.941707
마포구,마포안심06,37.552971,126.926145
마포구,마포안심06,37.552981,126.926126
마포구,마포안심06,37.552758,126.92627
마포구,마포안심06,37.552758,126.92627
마포구,마포안심06,37.552437,126.926624
마포구,마포안심06,37.552437,126.926624
마포구,마포안심06,37.552437,126.926624
마포구,마포안심06,37.552437,126.926624
마포구,마포안심06,37.552527,126.926934
마포구,마포안심06,37.552563,126.927013
마포구,마포안심06,37.552585,126.927311
마포구,마포안심06,37.55268,126.927526
마포구,마포안심06,37.55268,126.927526
마포구,마포안심06,37.55268,126.927526
마포구,마포안심06,37.55268,126.927526
마포구,마포안심06,37.552733,126.927914
마포구,마포안심06,37.552807,126.928125
마포구,마포안심06,37.552838,126.928172
마포구,마포안심06,37.552896,126.928503
마포구,마포안심06,37.552896,126.928503
마포구,마포안심06,37.552896,126.928503
마포구,마포안심06,37.552896,126.928503
마포구,마포안심06,37.553047,126.928465
마포구,마포안심06,37.55307,126.928483
마포구,마포안심06,37.553246,126.928434
마포구,마포안심06,37.553246,126.928434
마포구,마포안심06,37.553166,126.928255
마포구,마포안심06,37.553178,126.928217
마포구,마포안심06,37.553088,126.927901
마포구,마포안심06,37.553072,126.927655
마포구,마포안심06,37.553055,126.927665
마포구,마포안심06,37.552981,126.927444
마포구,마포안심06,37.552981,126.927444
마포구,마포안심06,37.552981,126.927444
마포구,마포안심06,37.552981,126.927444
마포구,마포안심06,37.552968,126.927283
마포구,마포안심06,37.552882,126.927003
마포구,마포안심06,37.552801,126.926638
마포구,마포안심06,37.552807,126.92659
마포구,마포안심07,37.563155,126.916966
마포구,마포안심07,37.563129,126.91692
마포구,마포안심07,37.563091,126.916931
마포구,마포안심07,37.563116,126.916729
마포구,마포안심07,37.563155,126.916791
마포구,마포안심07,37.563069,126.916695
마포구,마포안심07,37.563086,126.916546
마포구,마포안심07,37.563048,126.916407
마포구,마포안심07,37.563092,126.916331
마포구,마포안심07,37.563044,126.915953
마포구,마포안심07,37.563009,126.915758
마포구,마포안심07,37.562983,126.915778
마포구,마포안심07,37.563009,126.915758
마포구,마포안심07,37.563092,126.916331
마포구,마포안심07,37.562938,126.915454
마포구,마포안심07,37.562954,126.915408
마포구,마포안심07,37.562943,126.915391
마포구,마포안심07,37.562915,126.915123
마포구,마포안심07,37.562915,126.915123
마포구,마포안심07,37.562819,126.91482
마포구,마포안심07,37.562839,126.914798
마포구,마포안심07,37.562766,126.91462
마포구,마포안심07,37.562766,126.91462
마포구,마포안심08,37.556862,126.913928
마포구,마포안심08,37.556779,126.913751
마포구,마포안심08,37.556779,126.913751
마포구,마포안심08,37.556773,126.913685
마포구,마포안심08,37.55662,126.913375
마포구,마포안심08,37.556513,126.913029
마포구,마포안심08,37.556494,126.91304
마포구,마포안심08,37.556494,126.91304
마포구,마포안심08,37.556401,126.912798
마포구,마포안심08,37.556305,126.912539
마포구,마포안심08,37.556305,126.912539
마포구,마포안심08,37.556242,126.91224
마포구,마포안심08,37.556242,126.91224
마포구,마포안심08,37.556242,126.91224
마포구,마포안심08,37.556196,126.912215
마포구,마포안심08,37.556196,126.912215
마포구,마포안심08,37.556168,126.911988
마포구,마포안심08,37.556059,126.911573
마포구,마포안심08,37.556059,126.911573
마포구,마포안심08,37.556001,126.911295
마포구,마포안심08,37.555961,126.911113
마포구,마포안심08,37.555998,126.910842
마포구,마포안심08,37.555981,126.910855
마포구,마포안심08,37.555981,126.910855
마포구,마포안심08,37.555934,126.910891
마포구,마포안심08,37.55592,126.910905
마포구,마포안심08,37.55592,126.910905
마포구,마포안심09,37.558585,126.923025
마포구,마포안심09,37.558547,126.92301
마포구,마포안심09,37.558694,126.92287
마포구,마포안심09,37.558694,126.92287
마포구,마포안심09,37.558867,126.922586
마포구,마포안심09,37.558902,126.922586
마포구,마포안심09,37.55887,126.922532
마포구,마포안심09,37.558909,126.922533
마포구,마포안심09,37.559182,126.922252
마포구,마포안심09,37.559182,126.922252
마포구,마포안심09,37.559281,126.922119
마포구,마포안심09,37.559281,126.922119
마포구,마포안심09,37.559251,126.922106
마포구,마포안심09,37.55933,126.922061
마포구,마포안심09,37.55933,126.922061
마포구,마포안심10,37.55544,126.909737
마포구,마포안심10,37.554722,126.910348
마포구,마포안심10,37.554722,126.910348
마포구,마포안심10,37.554752,126.91031
마포구,마포안심10,37.554816,126.910332
마포구,마포안심10,37.554816,126.910332
마포구,마포안심10,37.554984,126.910149
마포구,마포안심10,37.555145,126.910034
마포구,마포안심10,37.555388,126.909819
마포구,마포안심10,37.555619,126.909531
마포구,마포안심10,37.555619,126.909531
마포구,마포안심10,37.555816,126.909429
마포구,마포안심10,37.555816,126.909429
마포구,마포안심10,37.556173,126.909076
마포구,마포안심10,37.556237,126.909047
마포구,마포안심10,37.556429,126.908884
마포구,마포안심10,37.556429,126.908884
마포구,마포안심10,37.556429,126.908884
마포구,마포안심10,37.556621,126.908675
마포구,마포안심10,37.556616,126.908651
마포구,마포안심10,37.556936,126.908377
마포구,마포안심10,37.556936,126.908377
마포구,마포안심10,37.55714,126.908223
마포구,마포안심10,37.557157,126.90824
마포구,마포안심10,37.557225,126.908088
마포구,마포안심10,37.557225,126.908088
마포구,마포안심10,37.557296,126.908087
마포구,마포안심10,37.557296,126.908087
마포구,마포안심10,37.557401,126.907995
마포구,마포안심10,37.55755,126.907786
서대문구,서대문안심01,37.55755536,126.9571116
서대문구,서대문안심01,37.55782759,126.956824
서대문구,서대문안심01,37.55782759,126.956824
서대문구,서대문안심01,37.55782759,126.956824
서대문구,서대문안심01,37.55794434,126.9569073
서대문구,서대문안심01,37.55800154,126.9568728
서대문구,서대문안심01,37.55800154,126.9568728
서대문구,서대문안심01,37.5582487,126.9569876
서대문구,서대문안심01,37.55830366,126.9569502
서대문구,서대문안심01,37.55830366,126.9569502
서대문구,서대문안심01,37.55844559,126.9570737
서대문구,서대문안심01,37.55859892,126.957065
서대문구,서대문안심01,37.5586264,126.957111
서대문구,서대문안심01,37.5586264,126.957111
서대문구,서대문안심01,37.5586264,126.957111
서대문구,서대문안심01,37.55899945,126.9571597
서대문구,서대문안심01,37.55900172,126.9571194
서대문구,서대문안심01,37.55900172,126.9571194
서대문구,서대문안심01,37.55927637,126.9571911
서대문구,서대문안심01,37.55948927,126.9573692
서대문구,서대문안심01,37.55952587,126.9573347
서대문구,서대문안심01,37.55952587,126.9573347
서대문구,서대문안심01,37.55977309,126.9574812
서대문구,서대문안심01,37.55977309,126.9574812
서대문구,서대문안심02,37.5644253,126.958996
서대문구,서대문안심02,37.5643308,126.9591148
서대문구,서대문안심02,37.5643308,126.9591148
서대문구,서대문안심02,37.5643308,126.9591148
서대문구,서대문안심02,37.564319,126.9592395
서대문구,서대문안심02,37.5644466,126.9591207
서대문구,서대문안심02,37.5643708,126.9587763
서대문구,서대문안심02,37.5643708,126.9587763
서대문구,서대문안심02,37.5644039,126.9587703
서대문구,서대문안심02,37.5644607,126.9587644
서대문구,서대문안심02,37.564418,126.9584615
서대문구,서대문안심02,37.5644331,126.9583342
서대문구,서대문안심02,37.5644651,126.9581444
서대문구,서대문안심02,37.5645039,126.9578857
서대문구,서대문안심02,37.5645039,126.9578857
서대문구,서대문안심02,37.5645222,126.9578857
서대문구,서대문안심02,37.5645358,126.9576125
서대문구,서대문안심02,37.5645701,126.9574113
서대문구,서대문안심02,37.5646501,126.957262
서대문구,서대문안심02,37.5646508,126.9569139
서대문구,서대문안심02,37.5646272,126.9569377
서대문구,서대문안심02,37.5646272,126.9569377
서대문구,서대문안심02,37.5647097,126.956415
서대문구,서대문안심02,37.5647639,126.9560112
서대문구,서대문안심02,37.5647639,126.9560112
서대문구,서대문안심02,37.5647568,126.9559577
서대문구,서대문안심02,37.5647893,126.9558345
서대문구,서대문안심02,37.5648246,126.9554841
서대문구,서대문안심02,37.5648978,126.9552168
서대문구,서대문안심02,37.5649001,126.9550594
서대문구,서대문안심02,37.5649001,126.9550594
서대문구,서대문안심02,37.564926,126.9548515
서대문구,서대문안심02,37.5649945,126.9547386
서대문구,서대문안심02,37.5649944,126.9544981
서대문구,서대문안심02,37.5649873,126.9543882
서대문구,서대문안심02,37.5649873,126.9543882
서대문구,서대문안심02,37.5650605,126.9543466
서대문구,서대문안심02,37.5650605,126.9543466
서대문구,서대문안심02,37.5650344,126.9541002
서대문구,서대문안심02,37.5650816,126.953729
서대문구,서대문안심02,37.5650816,126.953729
서대문구,서대문안심02,37.5651263,126.9534201
서대문구,서대문안심02,37.5651688,126.9531677
서대문구,서대문안심02,37.5652254,126.9528974
서대문구,서대문안심02,37.5652065,126.9529093
서대문구,서대문안심02,37.5652065,126.9529093
서대문구,서대문안심02,37.5652065,126.9529093
서대문구,서대문안심02,37.5650622,126.9525442
서대문구,서대문안심02,37.5650622,126.9525442
서대문구,서대문안심02,37.5650622,126.9525442
서대문구,서대문안심03,37.555638,126.937691
서대문구,서대문안심03,37.555704,126.937701
서대문구,서대문안심03,37.5559029,126.9375548
서대문구,서대문안심03,37.555921,126.937676
서대문구,서대문안심03,37.555921,126.937676
서대문구,서대문안심03,37.555921,126.937676
서대문구,서대문안심03,37.55598,126.93775
서대문구,서대문안심03,37.5561602,126.9381318
서대문구,서대문안심03,37.55624,126.93847
서대문구,서대문안심03,37.55622763,126.9385079
서대문구,서대문안심03,37.55624,126.93858
서대문구,서대문안심03,37.55624,126.93858
서대문구,서대문안심03,37.556421,126.938713
서대문구,서대문안심03,37.556767,126.9389562
서대문구,서대문안심03,37.55689,126.9392
서대문구,서대문안심03,37.55689,126.9392
서대문구,서대문안심03,37.556955,126.939587
서대문구,서대문안심03,37.556955,126.939587
서대문구,서대문안심03,37.55713,126.93996
서대문구,서대문안심03,37.557108,126.940017
서대문구,서대문안심03,37.557108,126.940087
서대문구,서대문안심03,37.557108,126.940087
서대문구,서대문안심03,37.5571672,126.9402545
서대문구,서대문안심03,37.557274,126.940721
서대문구,서대문안심03,37.557274,126.940721
서대문구,서대문안심03,37.557274,126.940721
서대문구,서대문안심03,37.557292,126.940718
서대문구,서대문안심03,37.5565795,126.938753
서대문구,서대문안심03,37.5567489,126.9387702
서대문구,서대문안심03,37.5563255,126.93869
서대문구,서대문안심03,37.557251,126.9405822
서대문구,서대문안심03,37.555823,126.9376813
서대문구,서대문안심03,37.5563255,126.93869
서대문구,서대문안심04,37.566596,126.946113
서대문구,서대문안심04,37.566596,126.946113
서대문구,서대문안심04,37.566596,126.946113
서대문구,서대문안심04,37.566645,126.946131
서대문구,서대문안심04,37.566652,126.946158
서대문구,서대문안심04,37.566652,126.946158
서대문구,서대문안심04,37.56687,126.94601
서대문구,서대문안심04,37.567062,126.946025
서대문구,서대문안심04,37.567062,126.946025
서대문구,서대문안심04,37.56709,126.94598
서대문구,서대문안심04,37.567403,126.945905
서대문구,서대문안심04,37.567556,126.945857
서대문구,서대문안심04,37.567556,126.945857
서대문구,서대문안심04,37.567556,126.945857
서대문구,서대문안심04,37.567571,126.945809
서대문구,서대문안심04,37.567636,126.945753
서대문구,서대문안심04,37.56793,126.94572
서대문구,서대문안심04,37.56793,126.94572
서대문구,서대문안심04,37.56798,126.94567
서대문구,서대문안심04,37.5681871,126.9456359
서대문구,서대문안심04,37.568459,126.945512
서대문구,서대문안심04,37.5684777,126.9455294
서대문구,서대문안심04,37.5684777,126.9455294
서대문구,서대문안심04,37.5684777,126.9455294
서대문구,서대문안심04,37.56874,126.94546
서대문구,서대문안심04,37.569005,126.945314
서대문구,서대문안심04,37.56907,126.945333
서대문구,서대문안심04,37.56907,126.945333
서대문구,서대문안심04,37.56907,126.945333
서대문구,서대문안심06,37.599931,126.9488079
서대문구,서대문안심06,37.599931,126.9488079
서대문구,서대문안심06,37.5998646,126.9488856
서대문구,서대문안심06,37.599819,126.948989
서대문구,서대문안심06,37.599819,126.948989
서대문구,서대문안심06,37.5997696,126.9491258
서대문구,서대문안심06,37.599729,126.949413
서대문구,서대문안심06,37.5997521,126.9495103
서대문구,서대문안심06,37.599736,126.9495046
서대문구,서대문안심06,37.599722,126.949715
서대문구,서대문안심06,37.599722,126.949715
서대문구,서대문안심06,37.5997771,126.9500544
서대문구,서대문안심06,37.5997797,126.9504623
서대문구,서대문안심06,37.599751,126.950644
서대문구,서대문안심06,37.599751,126.950644
서대문구,서대문안심06,37.5997703,126.9506389
서대문구,서대문안심06,37.5997703,126.9506389
서대문구,서대문안심06,37.599709,126.951071
서대문구,서대문안심06,37.5997291,126.9508214
서대문구,서대문안심06,37.5997291,126.9508214
서대문구,서대문안심06,37.599722,126.949715
서대문구,서대문안심07,37.59429124,126.9495278
서대문구,서대문안심07,37.59429124,126.9495278
서대문구,서대문안심07,37.59425456,126.9493783
서대문구,서대문안심07,37.59431416,126.9496256
서대문구,서대문안심07,37.59444699,126.9498441
서대문구,서대문안심07,37.59444699,126.9498441
서대문구,서대문안심07,37.59451807,126.9501547
서대문구,서대문안심07,37.59451807,126.9501547
서대문구,서대문안심07,37.5944152,126.9504366
서대문구,서대문안심07,37.5945022,126.95052
서대문구,서대문안심07,37.59442447,126.9507192
서대문구,서대문안심07,37.59442447,126.9507192
서대문구,서대문안심07,37.59449997,126.9506559
서대문구,서대문안심07,37.59449997,126.9506559
서대문구,서대문안심07,37.59438109,126.9509637
서대문구,서대문안심07,37.59438109,126.9509637
서대문구,서대문안심07,37.59427591,126.951168
서대문구,서대문안심07,37.59430338,126.9511881
서대문구,서대문안심07,37.59430338,126.9511881
서대문구,서대문안심07,37.59414784,126.9513895
서대문구,서대문안심07,37.59414784,126.9513895
서대문구,서대문안심07,37.59384585,126.9516227
서대문구,서대문안심07,37.59368794,126.9516026
서대문구,서대문안심07,37.59368794,126.9516026
서대문구,서대문안심07,37.59368794,126.9516026
서대문구,서대문안심07,37.59356665,126.9516142
서대문구,서대문안심07,37.59356665,126.9516142
서대문구,서대문안심08,37.5632634,126.9320759
서대문구,서대문안심08,37.56283,126.93155
서대문구,서대문안심08,37.56283,126.93155
서대문구,서대문안심08,37.562903,126.931507
서대문구,서대문안심08,37.563031,126.93165
서대문구,서대문안심08,37.563031,126.93165
서대문구,서대문안심08,37.563031,126.93165
서대문구,서대문안심08,37.563215,126.931993
서대문구,서대문안심08,37.563215,126.931993
서대문구,서대문안심08,37.56325,126.93198
서대문구,서대문안심08,37.5635015,126.9323718
서대문구,서대문안심08,37.5635015,126.9323718
서대문구,서대문안심08,37.5636,126.93254
서대문구,서대문안심08,37.5636,126.93254
서대문구,서대문안심08,37.563613,126.932621
서대문구,서대문안심08,37.563621,126.932692
서대문구,서대문안심08,37.563621,126.932692
서대문구,서대문안심08,37.56382,126.93288
서대문구,서대문안심08,37.563991,126.933124
서대문구,서대문안심08,37.563991,126.933124
서대문구,서대문안심08,37.5640718,126.9331102
서대문구,서대문안심08,37.564097,126.9331073
서대문구,서대문안심08,37.564097,126.9331073
서대문구,서대문안심08,37.5632634,126.9320759
서대문구,서대문안심08,37.5632634,126.9320759
서대문구,서대문안심09,37.5718939,126.9233953
서대문구,서대문안심09,37.5718939,126.9233953
서대문구,서대문안심09,37.5717588,126.9233552
서대문구,서대문안심09,37.5716364,126.9232734
서대문구,서대문안심09,37.571634,126.9232418
서대문구,서대문안심09,37.571634,126.9232418
서대문구,서대문안심09,37.5712838,126.9231127
서대문구,서대문안심09,37.570947,126.9229572
서대문구,서대문안심09,37.5709446,126.9229198
서대문구,서대문안심09,37.5709446,126.9229198
서대문구,서대문안심09,37.570787,126.9228487
서대문구,서대문안심09,37.5707778,126.9227841
서대문구,서대문안심09,37.570716,126.9226691
서대문구,서대문안심09,37.570716,126.9226691
서대문구,서대문안심09,37.570716,126.9226691
서대문구,서대문안심09,37.570506,126.9223855
서대문구,서대문안심09,37.5703999,126.9222267
서대문구,서대문안심09,37.5702854,126.9221003
서대문구,서대문안심09,37.5701776,126.9217669
서대문구,서대문안심09,37.5701982,126.9217438
서대문구,서대문안심09,37.5701982,126.9217438
서대문구,서대문안심09,37.5701386,126.9216749
서대문구,서대문안심09,37.5701386,126.9216749
서대문구,서대문안심09,37.5701386,126.9216749
서대문구,서대문안심09,37.5700742,126.9212494
서대문구,서대문안심09,37.5699459,126.9209103
서대문구,서대문안심09,37.5699412,126.9208097
서대문구,서대문안심09,37.5699412,126.9208097
서대문구,서대문안심09,37.5698678,126.9205884
서대문구,서대문안심09,37.5698013,126.9203929
서대문구,서대문안심09,37.5697188,126.9201745
서대문구,서대문안심09,37.5697188,126.9201745
서대문구,서대문안심09,37.5696158,126.9201114
서대문구,서대문안심09,37.5696409,126.9199848
서대문구,서대문안심09,37.5696409,126.9199848
서대문구,서대문안심09,37.5695203,126.9198923
서대문구,서대문안심09,37.5694622,126.919709
서대문구,서대문안심09,37.5694736,126.9196831
서대문구,서대문안심09,37.5694736,126.9196831
서대문구,서대문안심09,37.5693255,126.9194124
서대문구,서대문안심09,37.5693255,126.9194124
서대문구,서대문안심09,37.5690956,126.9190826
서대문구,서대문안심09,37.5699412,126.9208097
서대문구,서대문안심09,37.5698678,126.9205884
서대문구,서대문안심09,37.5707778,126.9227841
서대문구,서대문안심09,37.5706538,126.9226441
서대문구,서대문안심10,37.57719589,126.9234221
서대문구,서대문안심10,37.5771975,126.9234035
서대문구,서대문안심10,37.5771975,126.9234035
서대문구,서대문안심10,37.576956,126.923385
서대문구,서대문안심10,37.576822,126.923348
서대문구,서대문안심10,37.576822,126.923348
서대문구,서대문안심10,37.576653,126.923498
서대문구,서대문안심10,37.576609,126.923406
서대문구,서대문안심10,37.576421,126.923198
서대문구,서대문안심10,37.576421,126.923198
서대문구,서대문안심10,37.576421,126.923198
서대문구,서대문안심10,37.5763536,126.9231331
서대문구,서대문안심10,37.576204,126.922921
서대문구,서대문안심10,37.576023,126.922752
서대문구,서대문안심10,37.576023,126.922752
서대문구,서대문안심10,37.576023,126.922752
서대문구,서대문안심10,37.5758864,126.9225786
서대문구,서대문안심10,37.575764,126.922412
서대문구,서대문안심10,37.5757576,126.9223699
서대문구,서대문안심10,37.5755696,126.9221792
서대문구,서대문안심10,37.575317,126.9218625
서대문구,서대문안심10,37.575288,126.92179
서대문구,서대문안심10,37.575288,126.92179
서대문구,서대문안심10,37.5752732,126.9218075
서대문구,서대문안심10,37.575764,126.922412
서대문구,서대문안심10,37.5763742,126.9231115
서대문구,서대문안심11,37.5792221,126.9237115
서대문구,서대문안심11,37.579023,126.923948
서대문구,서대문안심11,37.57887,126.924183
서대문구,서대문안심11,37.5787138,126.9242665
서대문구,서대문안심11,37.5787762,126.9242439
서대문구,서대문안심11,37.5787762,126.9242439
서대문구,서대문안심11,37.578456,126.9244829
서대문구,서대문안심11,37.578383,126.924562
서대문구,서대문안심11,37.57815,126.924801
서대문구,서대문안심11,37.578161,126.924834
서대문구,서대문안심11,37.57815,126.924801
서대문구,서대문안심11,37.578187,126.924872
서대문구,서대문안심11,37.5780776,126.9249482
서대문구,서대문안심11,37.5780776,126.9249482
서대문구,서대문안심11,37.5778296,126.925232
서대문구,서대문안심11,37.5775974,126.9254858
서대문구,서대문안심11,37.5775974,126.9254858
서대문구,서대문안심11,37.5775703,126.925461
서대문구,서대문안심11,37.5772958,126.9257894
서대문구,서대문안심11,37.577082,126.9260006
서대문구,서대문안심11,37.5782677,126.924697
서대문구,서대문안심11,37.5775974,126.9254858
서대문구,서대문안심11,37.577082,126.9260006
서대문구,서대문안심12,37.5774987,126.9102716
서대문구,서대문안심12,37.577494,126.9102776
서대문구,서대문안심12,37.57758814,126.9103074
서대문구,서대문안심12,37.5776728,126.9103373
서대문구,서대문안심12,37.5776534,126.9104696
서대문구,서대문안심12,37.5776728,126.9103373
서대문구,서대문안심12,37.5777976,126.9104435
서대문구,서대문안심12,37.5779407,126.9105553
서대문구,서대문안심12,37.5781376,126.9107075
서대문구,서대문안심12,37.5782545,126.9108612
서대문구,서대문안심12,37.57841673,126.9109642
서대문구,서대문안심12,37.5784122,126.9109721
서대문구,서대문안심12,37.5784122,126.9109721
서대문구,서대문안심12,37.5784122,126.9109721
서대문구,서대문안심12,37.5786823,126.9111213
서대문구,서대문안심12,37.5786481,126.9112852
서대문구,서대문안심12,37.5786481,126.9112852
서대문구,서대문안심12,37.5787785,126.9111931
서대문구,서대문안심12,37.5789056,126.9113281
서대문구,서대문안심12,37.5789434,126.9113783
서대문구,서대문안심12,37.5789434,126.9113783
서대문구,서대문안심12,37.5789434,126.9113783
서대문구,서대문안심12,37.5789434,126.9113783
서대문구,서대문안심12,37.579177,126.9115606
서대문구,서대문안심12,37.5793659,126.9116841
서대문구,서대문안심12,37.5794552,126.9117702
서대문구,서대문안심12,37.5794552,126.9117702
서대문구,서대문안심12,37.5797185,126.911977
서대문구,서대문안심12,37.5797185,126.911977
서대문구,서대문안심12,37.5798238,126.9119653
서대문구,서대문안심12,37.5798238,126.9119653
서대문구,서대문안심12,37.5800002,126.9121952
서대문구,서대문안심12,37.58007142,126.9122303
서대문구,서대문안심12,37.5800823,126.9122565
서대문구,서대문안심12,37.5800823,126.9122565
서대문구,서대문안심13,37.5816253,126.9145503
서대문구,서대문안심13,37.58159563,126.9146539
서대문구,서대문안심13,37.58160951,126.9148666
서대문구,서대문안심13,37.58161198,126.9151168
서대문구,서대문안심13,37.58161198,126.9151168
서대문구,서대문안심13,37.58162362,126.9153871
서대문구,서대문안심13,37.58165804,126.9155136
서대문구,서대문안심13,37.58163062,126.9155798
서대문구,서대문안심13,37.58163062,126.9155798
서대문구,서대문안심13,37.58163062,126.9155798
서대문구,서대문안심13,37.58163062,126.9155798
서대문구,서대문안심13,37.58182748,126.9156371
서대문구,서대문안심13,37.58154378,126.9157553
서대문구,서대문안심13,37.5814685,126.9160918
서대문구,서대문안심13,37.58140462,126.9163708
서대문구,서대문안심13,37.58135429,126.916391
서대문구,서대문안심13,37.58135429,126.916391
서대문구,서대문안심13,37.58142768,126.9166181
서대문구,서대문안심13,37.58142768,126.9166181
서대문구,서대문안심13,37.58116221,126.9166155
서대문구,서대문안심13,37.58116221,126.9166126
서대문구,서대문안심14,37.58796813,126.9444821
서대문구,서대문안심14,37.58796813,126.9444821
서대문구,서대문안심14,37.58794755,126.9445195
서대문구,서대문안심14,37.58777585,126.9443931
서대문구,서대문안심14,37.58769573,126.9443472
서대문구,서대문안심14,37.58753778,126.9442495
서대문구,서대문안심14,37.58753778,126.9442495
서대문구,서대문안심14,37.58753778,126.9442495
서대문구,서대문안심14,37.58703193,126.9440716
서대문구,서대문안심14,37.58703193,126.9440716
서대문구,서대문안심14,37.58700908,126.9441492
서대문구,서대문안심14,37.58700908,126.9441492
서대문구,서대문안심14,37.58659025,126.9440805
서대문구,서대문안심14,37.58643004,126.9440433
서대문구,서대문안심14,37.58642548,126.9440922
서대문구,서대문안심14,37.58642548,126.9440922
서대문구,서대문안심14,37.58612339,126.9440751
서대문구,서대문안심14,37.58600668,126.9440867
서대문구,서대문안심14,37.58600668,126.9440867
서대문구,서대문안심14,37.58600668,126.9440867
서대문구,서대문안심14,37.58580756,126.9440495
서대문구,서대문안심14,37.58580302,126.9441243
서대문구,서대문안심14,37.58580302,126.9441243
서대문구,서대문안심15,37.58748715,126.9462415
서대문구,서대문안심15,37.58752238,126.9462452
서대문구,서대문안심15,37.58752238,126.9462452
서대문구,서대문안심15,37.58752238,126.9462452
서대문구,서대문안심15,37.58761047,126.9467565
서대문구,서대문안심15,37.58761047,126.9467565
서대문구,서대문안심15,37.58774981,126.9469549
서대문구,서대문안심15,37.58774514,126.9469843
서대문구,서대문안심15,37.58776156,126.9470725
서대문구,서대문안심15,37.58776156,126.9470725
서대문구,서대문안심15,37.58776156,126.9470725
서대문구,서대문안심15,37.58787154,126.9471313
서대문구,서대문안심15,37.5878927,126.9473517
서대문구,서대문안심15,37.58792546,126.9473664
서대문구,서대문안심15,37.58799338,126.9475354
서대문구,서대문안심15,37.58799338,126.9475354
서대문구,서대문안심15,37.58799338,126.9475354
서대문구,서대문안심15,37.58804725,126.9476677
서대문구,서대문안심15,37.5881854,126.9479381
서대문구,서대문안심15,37.58817141,126.9480292
서대문구,서대문안심15,37.58834937,126.9483789
서대문구,서대문안심15,37.58834937,126.9483789
서대문구,서대문안심15,37.58834937,126.9483789
서대문구,서대문안심16,37.59357256,126.9344582
서대문구,서대문안심16,37.59357256,126.9344582
서대문구,서대문안심16,37.59346987,126.934569
서대문구,서대문안심16,37.59346987,126.934569
서대문구,서대문안심16,37.59352088,126.9343487
서대문구,서대문안심16,37.59341077,126.9338713
서대문구,서대문안심16,37.59334027,126.9337796
서대문구,서대문안심16,37.59335574,126.9336902
서대문구,서대문안심16,37.59335574,126.9336902
서대문구,서대문안심16,37.59335574,126.9336902
서대문구,서대문안심16,37.59322972,126.9334257
서대문구,서대문안심16,37.59323424,126.9333164
서대문구,서대문안심16,37.59323424,126.9333164
서대문구,서대문안심16,37.59319063,126.9330979
서대문구,서대문안심16,37.59310816,126.9329369
서대문구,서대문안심16,37.59310816,126.9329369
서대문구,서대문안심16,37.59310816,126.9329369
서대문구,서대문안심17,37.5838874,126.923984
서대문구,서대문안심17,37.5838874,126.923984
서대문구,서대문안심17,37.5838062,126.923987
서대문구,서대문안심17,37.5836273,126.9240742
서대문구,서대문안심17,37.5836273,126.9240742
서대문구,서대문안심17,37.5836273,126.9240742
서대문구,서대문안심17,37.5834406,126.9241984
서대문구,서대문안심17,37.5834406,126.9241984
서대문구,서대문안심17,37.5831661,126.9243626
서대문구,서대문안심17,37.583178,126.9243908
서대문구,서대문안심17,37.583178,126.9243908
서대문구,서대문안심17,37.583178,126.9243908
서대문구,서대문안심17,37.583086,126.9243799
서대문구,서대문안심17,37.5828915,126.9245124
서대문구,서대문안심17,37.5826147,126.9245759
서대문구,서대문안심17,37.5826147,126.9245759
서대문구,서대문안심17,37.5825443,126.9246848
서대문구,서대문안심17,37.5825552,126.9246968
서대문구,서대문안심17,37.5823883,126.9248407
서대문구,서대문안심17,37.5823883,126.9248407
서대문구,서대문안심17,37.5821001,126.9251372
서대문구,서대문안심17,37.5821001,126.9251372
서대문구,서대문안심17,37.5821001,126.9251372
서대문구,서대문안심17,37.5819778,126.9252624
서대문구,서대문안심17,37.5819778,126.9252624
서대문구,서대문안심17,37.5818885,126.9253258
서대문구,서대문안심17,37.5825552,126.9246968
서초구,서초안심01,37.510311,127.019435
서초구,서초안심01,37.510091,127.019566
서초구,서초안심01,37.510091,127.019566
서초구,서초안심01,37.509888,127.019598
서초구,서초안심01,37.509888,127.019598
서초구,서초안심01,37.50983,127.019643
서초구,서초안심01,37.509649,127.019698
서초구,서초안심01,37.509649,127.019698
서초구,서초안심01,37.509649,127.019698
서초구,서초안심01,37.509593,127.019561
서초구,서초안심01,37.509593,127.019561
서초구,서초안심01,37.509593,127.019561
서초구,서초안심01,37.509593,127.019561
서초구,서초안심01,37.509443,127.019602
서초구,서초안심01,37.509212,127.019734
서초구,서초안심01,37.509212,127.019734
서초구,서초안심01,37.509146,127.01972
서초구,서초안심01,37.50898,127.019778
서초구,서초안심01,37.50898,127.019778
서초구,서초안심01,37.508928,127.019882
서초구,서초안심01,37.508764,127.019938
서초구,서초안심01,37.508614,127.019946
서초구,서초안심01,37.508519,127.020053
서초구,서초안심01,37.508446,127.020056
서초구,서초안심01,37.508299,127.020093
서초구,서초안심01,37.508299,127.020093
서초구,서초안심01,37.508299,127.020093
서초구,서초안심01,37.508289,127.020164
서초구,서초안심01,37.508264,127.020118
서초구,서초안심01,37.507964,127.020329
서초구,서초안심01,37.507964,127.020329
서초구,서초안심01,37.507791,127.020334
서초구,서초안심01,37.507552,127.020455
서초구,서초안심01,37.507402,127.020596
서초구,서초안심01,37.507402,127.020596
서초구,서초안심01,37.50737,127.020539
서초구,서초안심01,37.507396,127.02055
서초구,서초안심01,37.507203,127.020685
서초구,서초안심01,37.507069,127.020747
서초구,서초안심01,37.506883,127.020783
서초구,서초안심01,37.506883,127.020783
서초구,서초안심01,37.506619,127.020912
서초구,서초안심01,37.506619,127.020912
서초구,서초안심01,37.50646,127.02099
서초구,서초안심01,37.506284,127.021075
서초구,서초안심01,37.506194,127.021095
서초구,서초안심01,37.506194,127.021095
서초구,서초안심01,37.506194,127.021095
서초구,서초안심01,37.506062,127.021189
서초구,서초안심01,37.505872,127.02128
서초구,서초안심01,37.505709,127.021356
서초구,서초안심01,37.505709,127.021356
서초구,서초안심01,37.505709,127.021356
서초구,서초안심02,37.511457,127.01868
서초구,서초안심02,37.510669,127.019077
서초구,서초안심02,37.510822,127.018972
서초구,서초안심02,37.510822,127.018972
서초구,서초안심02,37.510942,127.018914
서초구,서초안심02,37.510942,127.018914
서초구,서초안심02,37.510942,127.018914
서초구,서초안심02,37.510942,127.018914
서초구,서초안심02,37.510956,127.018873
서초구,서초안심02,37.511278,127.018761
서초구,서초안심02,37.511741,127.018531
서초구,서초안심02,37.511741,127.018531
서초구,서초안심02,37.511741,127.018531
서초구,서초안심02,37.511786,127.018473
서초구,서초안심02,37.511786,127.018473
서초구,서초안심02,37.51192,127.01831
서초구,서초안심02,37.511943,127.018218
서초구,서초안심02,37.512057,127.018033
서초구,서초안심02,37.512143,127.017877
서초구,서초안심02,37.512293,127.01761
서초구,서초안심02,37.512567,127.017246
서초구,서초안심02,37.512567,127.017246
서초구,서초안심02,37.512567,127.017246
서초구,서초안심02,37.512531,127.017208
서초구,서초안심02,37.512531,127.017208
서초구,서초안심02,37.51255,127.017218
서초구,서초안심02,37.512696,127.016913
서초구,서초안심02,37.51278,127.016764
서초구,서초안심02,37.512853,127.016642
서초구,서초안심02,37.513017,127.016346
서초구,서초안심02,37.513163,127.016093
서초구,서초안심02,37.513294,127.016001
서초구,서초안심02,37.513378,127.015727
서초구,서초안심02,37.513378,127.015727
서초구,서초안심02,37.513378,127.015727
서초구,서초안심02,37.513378,127.015727
서초구,서초안심02,37.513471,127.015607
서초구,서초안심02,37.513515,127.015519
서초구,서초안심02,37.513515,127.015519
서초구,서초안심02,37.513512,127.015574
서초구,서초안심03,37.487557,127.014986
서초구,서초안심03,37.487557,127.014986
서초구,서초안심03,37.487522,127.015014
서초구,서초안심03,37.487507,127.015235
서초구,서초안심03,37.487507,127.015235
서초구,서초안심03,37.487586,127.015532
서초구,서초안심03,37.48754,127.015495
서초구,서초안심03,37.48754,127.015495
서초구,서초안심03,37.487651,127.015823
서초구,서초안심03,37.487811,127.016278
서초구,서초안심03,37.487788,127.016261
서초구,서초안심03,37.487848,127.016284
서초구,서초안심03,37.487801,127.016312
서초구,서초안심03,37.487826,127.01632
서초구,서초안심03,37.487943,127.016633
서초구,서초안심03,37.488064,127.01701
서초구,서초안심03,37.488082,127.01707
서초구,서초안심03,37.488082,127.01707
서초구,서초안심03,37.488082,127.01707
서초구,서초안심03,37.488015,127.017152
서초구,서초안심03,37.487851,127.017181
서초구,서초안심03,37.4877,127.017252
서초구,서초안심03,37.487452,127.017357
서초구,서초안심03,37.487452,127.017357
서초구,서초안심03,37.487287,127.017426
서초구,서초안심03,37.487082,127.017554
서초구,서초안심03,37.487063,127.017518
서초구,서초안심03,37.487063,127.017518
서초구,서초안심03,37.487063,127.017518
서초구,서초안심03,37.487063,127.017518
서초구,서초안심04,37.487749,127.03224
서초구,서초안심04,37.487743,127.032154
서초구,서초안심04,37.48772,127.032009
서초구,서초안심04,37.48772,127.032009
서초구,서초안심04,37.487679,127.032011
서초구,서초안심04,37.487697,127.031906
서초구,서초안심04,37.487588,127.031706
서초구,서초안심04,37.487547,127.031578
서초구,서초안심04,37.487547,127.031578
서초구,서초안심04,37.487525,127.031358
서초구,서초안심04,37.487392,127.030931
서초구,서초안심04,37.487306,127.03071
서초구,서초안심04,37.487324,127.030689
서초구,서초안심04,37.487324,127.030689
서초구,서초안심04,37.487324,127.030689
서초구,서초안심04,37.487324,127.030689
서초구,서초안심04,37.487239,127.030424
서초구,서초안심04,37.487172,127.030205
서초구,서초안심04,37.487091,127.029929
서초구,서초안심04,37.487091,127.029929
서초구,서초안심04,37.487091,127.029929
서초구,서초안심04,37.487007,127.029666
서초구,서초안심04,37.487007,127.029666
서초구,서초안심04,37.486925,127.029396
서초구,서초안심04,37.486925,127.029396
서초구,서초안심04,37.486899,127.02938
서초구,서초안심05,37.487853,127.026528
서초구,서초안심05,37.487853,127.026528
서초구,서초안심05,37.487853,127.026528
서초구,서초안심05,37.48784,127.026614
서초구,서초안심05,37.487666,127.026728
서초구,서초안심05,37.487448,127.026822
서초구,서초안심05,37.487448,127.026822
서초구,서초안심05,37.487218,127.026846
서초구,서초안심05,37.487218,127.026846
서초구,서초안심05,37.48715,127.026901
서초구,서초안심05,37.486948,127.026832
서초구,서초안심05,37.486966,127.026811
서초구,서초안심05,37.486953,127.026788
서초구,서초안심05,37.486953,127.026788
서초구,서초안심05,37.486953,127.026788
서초구,서초안심05,37.486895,127.026782
서초구,서초안심05,37.486657,127.026669
서초구,서초안심05,37.486472,127.026576
서초구,서초안심05,37.486355,127.026582
서초구,서초안심05,37.486199,127.026504
서초구,서초안심05,37.48605,127.026438
서초구,서초안심05,37.48605,127.026438
서초구,서초안심05,37.48605,127.026438
서초구,서초안심05,37.485875,127.026359
서초구,서초안심05,37.485478,127.026174
서초구,서초안심05,37.485478,127.026174
서초구,서초안심05,37.485388,127.026106
서초구,서초안심05,37.485313,127.0261
서초구,서초안심05,37.485313,127.0261
서초구,서초안심05,37.485313,127.0261
서초구,서초안심06,37.483233,127.007308
서초구,서초안심06,37.483233,127.007308
서초구,서초안심06,37.483261,127.007433
서초구,서초안심06,37.483046,127.007309
서초구,서초안심06,37.482665,127.007345
서초구,서초안심06,37.482621,127.007281
서초구,서초안심06,37.482621,127.007281
서초구,서초안심06,37.482288,127.007257
서초구,서초안심06,37.482025,127.007299
서초구,서초안심06,37.481961,127.007267
서초구,서초안심06,37.481961,127.007267
서초구,서초안심06,37.481718,127.007237
서초구,서초안심06,37.481631,127.007262
서초구,서초안심06,37.481557,127.007239
서초구,서초안심06,37.48159,127.007279
서초구,서초안심06,37.481491,127.007279
서초구,서초안심06,37.481345,127.007255
서초구,서초안심06,37.481345,127.007255
서초구,서초안심06,37.481316,127.007313
서초구,서초안심06,37.481216,127.007306
서초구,서초안심06,37.480774,127.007555
서초구,서초안심06,37.480749,127.00752
서초구,서초안심06,37.480749,127.00752
서초구,서초안심06,37.480468,127.007729
서초구,서초안심06,37.480432,127.007695
서초구,서초안심06,37.480432,127.007695
서초구,서초안심06,37.480128,127.00789
서초구,서초안심06,37.48006,127.007892
서초구,서초안심06,37.48006,127.007892
서초구,서초안심06,37.479852,127.007959
서초구,서초안심06,37.479432,127.00824
서초구,서초안심06,37.479437,127.008172
서초구,서초안심06,37.479437,127.008172
서초구,서초안심06,37.479256,127.008285
서초구,서초안심07,37.487739,127.010482
서초구,서초안심07,37.487728,127.010534
서초구,서초안심07,37.488092,127.010286
서초구,서초안심07,37.488092,127.010286
서초구,서초안심07,37.488072,127.010328
서초구,서초안심07,37.488188,127.010313
서초구,서초안심07,37.488319,127.010234
서초구,서초안심07,37.488706,127.010015
서초구,서초안심07,37.488706,127.010015
서초구,서초안심07,37.488741,127.010037
서초구,서초안심07,37.489026,127.010308
서초구,서초안심07,37.489149,127.01041
서초구,서초안심07,37.489417,127.010598
서초구,서초안심07,37.489417,127.010598
서초구,서초안심07,37.48942,127.010556
서초구,서초안심07,37.489468,127.010615
서초구,서초안심07,37.489722,127.010726
서초구,서초안심07,37.489909,127.010938
서초구,서초안심07,37.490102,127.011062
서초구,서초안심07,37.490059,127.011055
서초구,서초안심07,37.490059,127.011055
서초구,서초안심07,37.490059,127.011055
서초구,서초안심07,37.490071,127.011021
서초구,서초안심07,37.490334,127.011488
서초구,서초안심07,37.490389,127.011602
서초구,서초안심07,37.490346,127.011599
서초구,서초안심07,37.490422,127.011705
서초구,서초안심07,37.490422,127.011705
서초구,서초안심07,37.490539,127.011921
서초구,서초안심07,37.490663,127.012273
서초구,서초안심07,37.490653,127.012315
서초구,서초안심07,37.490653,127.012315
서초구,서초안심07,37.490663,127.012273
서초구,서초안심07,37.490663,127.012273
서초구,서초안심07,37.490422,127.011705
서초구,서초안심07,37.491083,127.013042
서초구,서초안심07,37.491267,127.013316
서초구,서초안심07,37.491267,127.013316
서초구,서초안심07,37.491288,127.013281
서초구,서초안심08,37.480025,127.040718
서초구,서초안심08,37.480025,127.040718
서초구,서초안심08,37.48017,127.040429
서초구,서초안심08,37.480374,127.040389
서초구,서초안심08,37.480427,127.040398
서초구,서초안심08,37.480427,127.040398
서초구,서초안심08,37.480616,127.040232
서초구,서초안심08,37.480682,127.040269
서초구,서초안심08,37.480916,127.040148
서초구,서초안심08,37.481039,127.0401
서초구,서초안심08,37.481039,127.0401
서초구,서초안심08,37.48108,127.040072
서초구,서초안심08,37.48108,127.040072
서초구,서초안심08,37.481139,127.040019
서초구,서초안심08,37.481379,127.039943
서초구,서초안심08,37.481573,127.039844
서초구,서초안심08,37.48173,127.039772
서초구,서초안심08,37.481905,127.039662
서초구,서초안심08,37.481926,127.03968
서초구,서초안심08,37.481926,127.03968
서초구,서초안심08,37.48213,127.039526
서초구,서초안심08,37.482269,127.039457
서초구,서초안심08,37.482337,127.039499
서초구,서초안심08,37.482337,127.039499
서초구,서초안심08,37.482337,127.039499
서초구,서초안심08,37.48248,127.039419
서초구,서초안심08,37.48254,127.039362
서초구,서초안심08,37.482589,127.039376
서초구,서초안심08,37.482589,127.039376
서초구,서초안심08,37.482707,127.039263
서초구,서초안심08,37.482821,127.039206
서초구,서초안심08,37.483078,127.03907
서초구,서초안심08,37.483228,127.039047
서초구,서초안심08,37.483241,127.039068
서초구,서초안심08,37.483346,127.039025
서초구,서초안심08,37.483415,127.038998
서초구,서초안심08,37.483415,127.038998
서초구,서초안심08,37.483449,127.038919
서초구,서초안심08,37.483824,127.038762
서초구,서초안심08,37.483828,127.038726
서초구,서초안심08,37.483828,127.038726
서초구,서초안심08,37.483828,127.038726
서초구,서초안심09,37.471309,127.047948
서초구,서초안심09,37.471309,127.047948
서초구,서초안심09,37.471309,127.047948
서초구,서초안심09,37.471309,127.047948
서초구,서초안심09,37.471289,127.047869
서초구,서초안심09,37.471245,127.047851
서초구,서초안심09,37.471042,127.047384
서초구,서초안심09,37.471049,127.047342
서초구,서초안심09,37.471049,127.047342
서초구,서초안심09,37.471049,127.047342
서초구,서초안심09,37.47107,127.047331
서초구,서초안심09,37.471088,127.047315
서초구,서초안심09,37.471088,127.047315
서초구,서초안심09,37.471008,127.047048
서초구,서초안심09,37.470948,127.046858
서초구,서초안심09,37.470948,127.046858
서초구,서초안심09,37.47093,127.04686
서초구,서초안심09,37.47088,127.046612
서초구,서초안심09,37.47088,127.046612
서초구,서초안심09,37.47088,127.046612
서초구,서초안심09,37.470751,127.04635
서초구,서초안심09,37.470751,127.04635
서초구,서초안심09,37.470751,127.04635
서초구,서초안심09,37.470819,127.046082
서초구,서초안심09,37.47085,127.046038
서초구,서초안심09,37.47085,127.046038
서초구,서초안심09,37.470912,127.045827
서초구,서초안심09,37.471009,127.045445
서초구,서초안심09,37.47099,127.04544
서초구,서초안심09,37.471028,127.045455
서초구,서초안심09,37.471028,127.045455
서초구,서초안심09,37.471159,127.045358
서초구,서초안심09,37.471159,127.045358
서초구,서초안심09,37.471159,127.045358
서초구,서초안심09,37.471188,127.045401
서초구,서초안심09,37.471438,127.045279
서초구,서초안심09,37.471438,127.045279
서초구,서초안심09,37.47143,127.045243
서초구,서초안심10,37.469244,127.02667
서초구,서초안심10,37.46917,127.026636
서초구,서초안심10,37.46917,127.026636
서초구,서초안심10,37.46917,127.026636
서초구,서초안심10,37.468992,127.026489
서초구,서초안심10,37.468992,127.026489
서초구,서초안심10,37.468952,127.026446
서초구,서초안심10,37.468891,127.026318
서초구,서초안심10,37.468819,127.026314
서초구,서초안심10,37.468615,127.026135
서초구,서초안심10,37.468734,127.025948
서초구,서초안심10,37.468733,127.025924
서초구,서초안심10,37.468733,127.025924
서초구,서초안심10,37.468828,127.025828
서초구,서초안심10,37.468962,127.025605
서초구,서초안심10,37.469054,127.025358
서초구,서초안심10,37.469123,127.025306
서초구,서초안심10,37.469123,127.025306
서초구,서초안심10,37.469129,127.025265
서초구,서초안심10,37.469285,127.02507
서초구,서초안심10,37.469232,127.025018
서초구,서초안심10,37.469232,127.025018
서초구,서초안심10,37.469232,127.025018
서초구,서초안심11,37.461648,127.049832
서초구,서초안심11,37.461743,127.049895
서초구,서초안심11,37.461841,127.049933
서초구,서초안심11,37.461841,127.049933
서초구,서초안심11,37.462023,127.05009
서초구,서초안심11,37.462108,127.050142
서초구,서초안심11,37.462108,127.050142
서초구,서초안심11,37.462124,127.050263
서초구,서초안심11,37.462097,127.050318
서초구,서초안심11,37.462097,127.050318
서초구,서초안심11,37.462097,127.050318
서초구,서초안심11,37.462148,127.050497
서초구,서초안심11,37.462186,127.051095
서초구,서초안심11,37.462153,127.05132
서초구,서초안심11,37.462227,127.051537
서초구,서초안심11,37.462395,127.051712
서초구,서초안심11,37.462394,127.051738
서초구,서초안심11,37.462394,127.051738
서초구,서초안심11,37.462432,127.051712
서초구,서초안심11,37.462692,127.052107
서초구,서초안심11,37.462661,127.052362
서초구,서초안심11,37.462654,127.052437
서초구,서초안심11,37.462827,127.052701
서초구,서초안심11,37.462975,127.05281
서초구,서초안심11,37.462954,127.052832
서초구,서초안심11,37.462973,127.05278
서초구,서초안심11,37.462969,127.052881
서초구,서초안심11,37.462969,127.052881
서초구,서초안심11,37.462969,127.052881
서초구,서초안심12,37.480425,126.985305
서초구,서초안심12,37.480165,126.985309
서초구,서초안심12,37.480053,126.98533
서초구,서초안심12,37.479904,126.985365
서초구,서초안심12,37.479904,126.985365
서초구,서초안심12,37.47983,126.985345
서초구,서초안심12,37.47983,126.985345
서초구,서초안심12,37.479767,126.985271
서초구,서초안심12,37.479723,126.985369
서초구,서초안심12,37.479723,126.985369
서초구,서초안심12,37.47969,126.985311
서초구,서초안심12,37.479281,126.985149
서초구,서초안심12,37.479265,126.984808
서초구,서초안심12,37.479265,126.984808
서초구,서초안심12,37.479318,126.984496
서초구,서초안심12,37.479318,126.984496
서초구,서초안심12,37.47933,126.984405
서초구,서초안심12,37.47933,126.984405
서초구,서초안심12,37.479308,126.984371
서초구,서초안심12,37.47933,126.983946
서초구,서초안심12,37.479349,126.98397
서초구,서초안심12,37.479359,126.983906
서초구,서초안심12,37.479305,126.983906
서초구,서초안심12,37.47937,126.983577
서초구,서초안심12,37.47937,126.983577
서초구,서초안심12,37.479341,126.983556
서초구,서초안심12,37.479351,126.983247
서초구,서초안심12,37.479397,126.98277
서초구,서초안심12,37.479409,126.982711
서초구,서초안심12,37.479409,126.982711
서초구,서초안심12,37.479409,126.982711
서초구,서초안심12,37.479373,126.982647
서초구,서초안심13,37.476442,126.986546
서초구,서초안심13,37.476337,126.986853
서초구,서초안심13,37.476337,126.986853
서초구,서초안심13,37.476337,126.986853
서초구,서초안심13,37.476277,126.987055
서초구,서초안심13,37.474782,126.992418
서초구,서초안심13,37.476161,126.987568
서초구,서초안심13,37.476145,126.987506
서초구,서초안심13,37.476145,126.987506
서초구,서초안심13,37.476125,126.987698
서초구,서초안심13,37.4761,126.987702
서초구,서초안심13,37.4761,126.987702
서초구,서초안심13,37.476058,126.98804
서초구,서초안심13,37.475941,126.988437
서초구,서초안심13,37.475872,126.988774
서초구,서초안심13,37.475853,126.988754
서초구,서초안심13,37.475821,126.988781
서초구,서초안심13,37.475757,126.98891
서초구,서초안심13,37.475671,126.989201
서초구,서초안심13,37.475671,126.989201
서초구,서초안심13,37.475694,126.989222
서초구,서초안심13,37.475517,126.989756
서초구,서초안심13,37.475515,126.990065
서초구,서초안심13,37.475375,126.990289
서초구,서초안심13,37.475293,126.990587
서초구,서초안심13,37.47523,126.990797
서초구,서초안심13,37.47523,126.990797
서초구,서초안심13,37.475152,126.991245
서초구,서초안심13,37.475098,126.991283
서초구,서초안심13,37.475117,126.99136
서초구,서초안심13,37.475066,126.991362
서초구,서초안심13,37.47504,126.991489
서초구,서초안심13,37.474931,126.991865
서초구,서초안심13,37.47485,126.992181
서초구,서초안심13,37.474891,126.992218
서초구,서초안심13,37.474782,126.992418
서초구,서초안심13,37.474728,126.992577
서초구,서초안심13,37.474674,126.992971
서초구,서초안심13,37.474658,126.992864
서초구,서초안심13,37.474658,126.992864
서초구,서초안심14,37.478952,127.003797
서초구,서초안심14,37.478979,127.003749
서초구,서초안심14,37.478897,127.003811
서초구,서초안심14,37.478491,127.002803
서초구,서초안심14,37.478529,127.002807
서초구,서초안심14,37.478448,127.002608
서초구,서초안심14,37.478741,127.002437
서초구,서초안심14,37.478843,127.00237
서초구,서초안심14,37.478812,127.002335
서초구,서초안심14,37.478812,127.002335
서초구,서초안심14,37.478812,127.002335
서초구,서초안심14,37.479039,127.002193
서초구,서초안심14,37.479203,127.00208
서초구,서초안심14,37.479318,127.001996
서초구,서초안심14,37.479453,127.001916
서초구,서초안심14,37.479551,127.001899
서초구,서초안심14,37.479536,127.001844
서초구,서초안심14,37.479679,127.001754
서초구,서초안심14,37.480098,127.00145
서초구,서초안심14,37.480098,127.00145
서초구,서초안심14,37.480049,127.001347
서초구,서초안심14,37.480049,127.001347
서초구,서초안심14,37.480073,127.001327
서초구,서초안심14,37.479893,127.000933
서초구,서초안심14,37.480117,127.000812
서초구,서초안심14,37.480255,127.000625
서초구,서초안심14,37.480255,127.000625
서초구,서초안심14,37.480248,127.000675
서초구,서초안심14,37.480724,127.000357
서초구,서초안심14,37.480724,127.000357
서초구,서초안심14,37.480836,127.000287
서초구,서초안심14,37.480891,127.00031
서초구,서초안심14,37.480891,127.00031
서초구,서초안심14,37.480677,126.99998
서초구,서초안심14,37.480677,126.99998
서초구,서초안심14,37.480707,126.999976
서초구,서초안심14,37.480606,126.99968
서초구,서초안심14,37.480695,126.999673
서초구,서초안심14,37.480695,126.999673
서초구,서초안심14,37.480664,126.999648
서초구,서초안심14,37.481025,126.999446
서초구,서초안심14,37.481025,126.999446
서초구,서초안심14,37.481127,126.999381
서초구,서초안심14,37.48128,126.999232
서초구,서초안심14,37.481278,126.999199
서초구,서초안심14,37.481278,126.999199
서초구,서초안심14,37.481304,126.999258
서초구,서초안심14,37.481304,126.999258
서초구,서초안심14,37.481304,126.999258
서초구,서초안심14,37.481312,126.999215
서초구,서초안심14,37.481519,126.999052
서초구,서초안심14,37.481514,126.998987
서초구,서초안심15,37.491293,126.986753
서초구,서초안심15,37.491293,126.986753
서초구,서초안심15,37.491026,126.986685
서초구,서초안심15,37.491026,126.986685
서초구,서초안심15,37.491033,126.986651
서초구,서초안심15,37.490965,126.986683
서초구,서초안심15,37.49074,126.986657
서초구,서초안심15,37.490486,126.986556
서초구,서초안심15,37.490507,126.986619
서초구,서초안심15,37.490507,126.986619
서초구,서초안심15,37.490286,126.986567
서초구,서초안심15,37.48956,126.986422
서초구,서초안심15,37.489266,126.986295
서초구,서초안심15,37.48916,126.986282
서초구,서초안심15,37.489082,126.986303
서초구,서초안심15,37.489082,126.986303
서초구,서초안심15,37.48902,126.986254
서초구,서초안심15,37.48898,126.986125
서초구,서초안심15,37.488896,126.986192
서초구,서초안심15,37.4889,126.986067
서초구,서초안심15,37.488805,126.986127
서초구,서초안심15,37.488762,126.985999
서초구,서초안심15,37.488762,126.985999
서초구,서초안심15,37.488587,126.985966
서초구,서초안심15,37.488414,126.985758
서초구,서초안심15,37.488279,126.985749
서초구,서초안심15,37.488221,126.985579
서초구,서초안심15,37.488061,126.985518
서초구,서초안심15,37.48802,126.985417
서초구,서초안심15,37.48792,126.985404
서초구,서초안심15,37.487902,126.985318
서초구,서초안심15,37.487821,126.985309
서초구,서초안심15,37.487787,126.985212
서초구,서초안심15,37.487787,126.985212
서초구,서초안심15,37.487684,126.985104
서초구,서초안심15,37.487595,126.985063
서초구,서초안심15,37.487542,126.985056
서초구,서초안심15,37.487567,126.984997
서초구,서초안심15,37.487509,126.984953
서초구,서초안심15,37.487305,126.984745
서초구,서초안심15,37.487305,126.984745
서초구,서초안심15,37.487138,126.98457
서초구,서초안심15,37.486959,126.984353
서초구,서초안심15,37.486959,126.984353
서초구,서초안심15,37.486942,126.984402
서초구,서초안심15,37.486777,126.984068
서초구,서초안심15,37.486777,126.984068
서초구,서초안심15,37.486616,126.98389
서초구,서초안심15,37.486609,126.983834
서초구,서초안심16,37.486382,126.993615
서초구,서초안심16,37.486382,126.993615
서초구,서초안심16,37.48634,126.993579
서초구,서초안심16,37.48634,126.993579
서초구,서초안심16,37.486382,126.993615
서초구,서초안심16,37.486321,126.993647
서초구,서초안심16,37.486212,126.993358
서초구,서초안심16,37.486143,126.992992
서초구,서초안심16,37.486143,126.992992
서초구,서초안심16,37.486089,126.992992
서초구,서초안심16,37.486093,126.992917
서초구,서초안심16,37.486038,126.992966
서초구,서초안심16,37.485976,126.992765
서초구,서초안심16,37.485942,126.992528
서초구,서초안심16,37.485942,126.992528
서초구,서초안심16,37.485913,126.99253
서초구,서초안심16,37.485872,126.99251
서초구,서초안심16,37.485872,126.99251
서초구,서초안심16,37.485735,126.991968
서초구,서초안심16,37.485608,126.991771
서초구,서초안심16,37.485617,126.991699
서초구,서초안심16,37.485617,126.991699
서초구,서초안심16,37.485617,126.991699
서초구,서초안심16,37.485617,126.991699
서초구,서초안심16,37.485545,126.991514
서초구,서초안심16,37.485408,126.991188
서초구,서초안심16,37.485348,126.99113
서초구,서초안심16,37.485324,126.991155
서초구,서초안심16,37.485349,126.991036
서초구,서초안심16,37.485174,126.990615
서초구,서초안심16,37.485076,126.99053
서초구,서초안심16,37.485076,126.99053
서초구,서초안심17,37.481237,126.996881
서초구,서초안심17,37.481469,126.996751
서초구,서초안심17,37.481469,126.996751
서초구,서초안심17,37.481468,126.996694
서초구,서초안심17,37.481542,126.996711
서초구,서초안심17,37.481469,126.996751
서초구,서초안심17,37.481502,126.996712
서초구,서초안심17,37.481828,126.99648
서초구,서초안심17,37.481841,126.996507
서초구,서초안심17,37.481768,126.996354
서초구,서초안심17,37.481768,126.996354
서초구,서초안심17,37.481768,126.996354
서초구,서초안심17,37.481782,126.995767
서초구,서초안심17,37.481782,126.995767
서초구,서초안심17,37.481903,126.995684
서초구,서초안심17,37.482058,126.995585
서초구,서초안심17,37.482542,126.995264
서초구,서초안심17,37.482542,126.995264
서초구,서초안심17,37.482542,126.995264
서초구,서초안심18,37.497915,126.994972
서초구,서초안심18,37.497915,126.994972
서초구,서초안심18,37.497868,126.995225
서초구,서초안심18,37.497877,126.995434
서초구,서초안심18,37.497877,126.995434
서초구,서초안심18,37.497915,126.995476
서초구,서초안심18,37.497879,126.995525
서초구,서초안심18,37.497947,126.99577
서초구,서초안심18,37.497945,126.996045
서초구,서초안심18,37.497945,126.996045
서초구,서초안심18,37.497945,126.996045
서초구,서초안심18,37.497945,126.996045
서초구,서초안심18,37.497904,126.996321
서초구,서초안심18,37.497907,126.996349
서초구,서초안심18,37.497903,126.996586
서초구,서초안심18,37.497888,126.996955
서초구,서초안심18,37.497903,126.996922
서초구,서초안심18,37.497903,126.996922
서초구,서초안심18,37.497912,126.997057
서초구,서초안심18,37.497892,126.997076
서초구,서초안심18,37.497922,126.997448
서초구,서초안심18,37.497922,126.997448
서초구,서초안심18,37.497893,126.997619
서초구,서초안심18,37.497879,126.997998
서초구,서초안심18,37.497879,126.997998
서초구,서초안심18,37.497821,126.998084
서초구,서초안심18,37.497871,126.998247
서초구,서초안심19,37.50003,126.99873
서초구,서초안심19,37.499638,126.999001
서초구,서초안심19,37.499382,126.99909
서초구,서초안심19,37.499365,126.999117
서초구,서초안심19,37.499139,126.999108
서초구,서초안심19,37.49898,126.999099
서초구,서초안심19,37.49898,126.999099
서초구,서초안심19,37.498932,126.999067
서초구,서초안심19,37.498621,126.99906
서초구,서초안심19,37.498647,126.999081
서초구,서초안심19,37.498647,126.999081
서초구,서초안심19,37.498359,126.999077
서초구,서초안심19,37.498021,126.999022
서초구,서초안심19,37.498018,126.999037
서초구,서초안심19,37.498018,126.999037
서초구,서초안심19,37.497773,126.999043
서초구,서초안심19,37.497747,126.999005
서초구,서초안심19,37.497723,126.999034
서초구,서초안심19,37.497431,126.998979
서초구,서초안심19,37.497164,126.998958
서초구,서초안심19,37.497173,126.998919
서초구,서초안심19,37.497173,126.998919
서초구,서초안심19,37.496913,126.99893
서초구,서초안심19,37.496886,126.998904
서초구,서초안심19,37.496796,126.998949
서초구,서초안심19,37.496529,126.99886
서초구,서초안심19,37.496529,126.99886
서초구,서초안심19,37.496523,126.998893
서초구,서초안심19,37.496204,126.998902
서초구,서초안심19,37.496047,126.998824
서초구,서초안심19,37.496047,126.998824
성동구,성동안심03,37.546103,127.04452
성동구,성동안심03,37.54621189,127.0440954
성동구,성동안심03,37.54630231,127.0436714
성동구,성동안심03,37.54636041,127.0433174
성동구,성동안심03,37.546446,127.042943
성동구,성동안심03,37.546519,127.042612
성동구,성동안심03,37.54664713,127.0422432
성동구,성동안심03,37.546751,127.041804
성동구,성동안심03,37.54683862,127.0415756
성동구,성동안심03,37.547059,127.041501
성동구,성동안심03,37.546929,127.041162
성동구,성동안심03,37.547023,127.040855
성동구,성동안심03,37.54709848,127.0406322
성동구,성동안심03,37.54716,127.040354
성동구,성동안심03,37.54729563,127.0399152
성동구,성동안심03,37.54742864,127.0396369
성동구,성동안심03,37.54609764,127.0445435
성동구,성동안심03,37.54609764,127.0445435
성동구,성동안심03,37.54624189,127.0440914
성동구,성동안심03,37.54629873,127.0436511
성동구,성동안심03,37.54629873,127.0436511
성동구,성동안심03,37.54639933,127.0433293
성동구,성동안심03,37.54636941,127.0433164
성동구,성동안심03,37.54666513,127.0422712
성동구,성동안심03,37.54687062,127.0416196
성동구,성동안심03,37.54687062,127.0416196
성동구,성동안심03,37.54685562,127.0416146
성동구,성동안심03,37.54683862,127.0415766
성동구,성동안심03,37.546927,127.041222
성동구,성동안심03,37.54702,127.040896
성동구,성동안심03,37.54702,127.040896
성동구,성동안심03,37.54711948,127.0406472
성동구,성동안심03,37.547162,127.040352
성동구,성동안심03,37.54727612,127.040181
성동구,성동안심03,37.54742664,127.0396359
성동구,성동안심03,37.546927,127.041222
성동구,성동안심03,37.546446,127.042943
성동구,성동안심08,37.56356138,127.0302307
성동구,성동안심08,37.56356138,127.0302307
성동구,성동안심08,37.56355238,127.0302277
성동구,성동안심08,37.56339611,127.0303788
성동구,성동안심08,37.563112,127.030467
성동구,성동안심08,37.56309,127.030495
성동구,성동안심08,37.563012,127.03062
성동구,성동안심08,37.563204,127.0307201
성동구,성동안심08,37.56309028,127.0307169
성동구,성동안심08,37.56311428,127.0307299
성동구,성동안심08,37.56309028,127.0307169
성동구,성동안심08,37.56309028,127.0307169
성동구,성동안심08,37.563011,127.030695
성동구,성동안심08,37.562958,127.030676
성동구,성동안심08,37.56280352,127.0307841
성동구,성동안심08,37.56269,127.030708
성동구,성동안심08,37.56269,127.030708
성동구,성동안심08,37.562618,127.03069
성동구,성동안심08,37.562345,127.030617
성동구,성동안심08,37.562345,127.030617
성동구,성동안심08,37.562345,127.030617
성동구,성동안심08,37.56235332,127.0307963
성동구,성동안심08,37.562325,127.030724
성동구,성동안심08,37.562325,127.030724
성동구,성동안심08,37.56216174,127.0307335
성동구,성동안심08,37.56193326,127.0308286
성동구,성동안심08,37.561919,127.030757
성동구,성동안심08,37.561652,127.031177
성동구,성동안심08,37.561579,127.030891
성동구,성동안심08,37.561579,127.030891
성동구,성동안심08,37.561579,127.030891
성동구,성동안심08,37.561551,127.030899
성동구,성동안심08,37.561507,127.030983
성동구,성동안심08,37.561454,127.031037
성동구,성동안심08,37.561445,127.031283
성동구,성동안심08,37.5612574,127.0312584
성동구,성동안심08,37.5612764,127.0312934
성동구,성동안심08,37.5612764,127.0312934
성동구,성동안심08,37.5612504,127.0313304
성동구,성동안심08,37.56125958,127.0314393
성동구,성동안심08,37.561081,127.031523
성동구,성동안심08,37.56107779,127.0316712
성동구,성동안심08,37.56103879,127.0317012
성동구,성동안심08,37.56083837,127.031972
성동구,성동안심08,37.56060811,127.0322622
성동구,성동안심08,37.56060811,127.0322622
성동구,성동안심08,37.56061411,127.0322402
성동구,성동안심08,37.561725,127.030878
성동구,성동안심09,37.56459215,127.028154
성동구,성동안심09,37.56459215,127.028154
성동구,성동안심09,37.56454526,127.0282172
성동구,성동안심09,37.56442633,127.0280884
성동구,성동안심09,37.564362,127.028039
성동구,성동안심09,37.564198,127.027963
성동구,성동안심09,37.564131,127.028012
성동구,성동안심09,37.564131,127.028012
성동구,성동안심09,37.564147,127.028035
성동구,성동안심09,37.563973,127.027954
성동구,성동안심09,37.56381217,127.0278503
성동구,성동안심09,37.56381217,127.0278503
성동구,성동안심09,37.56378917,127.0278343
성동구,성동안심09,37.563576,127.027569
성동구,성동안심09,37.563336,127.027404
성동구,성동안심09,37.563336,127.027404
성동구,성동안심09,37.563176,127.027361
성동구,성동안심09,37.562946,127.027246
성동구,성동안심09,37.56317912,127.0276476
성동구,성동안심09,37.563259,127.027707
성동구,성동안심09,37.56321512,127.0277256
성동구,성동안심09,37.56329365,127.0278897
성동구,성동안심09,37.56313491,127.0281251
성동구,성동안심09,37.56313491,127.0281251
성동구,성동안심09,37.56299,127.028445
성동구,성동안심09,37.56299,127.028445
성동구,성동안심09,37.56307229,127.0284916
성동구,성동안심09,37.563315,127.028564
성동구,성동안심09,37.5633322,127.0287618
성동구,성동안심09,37.5633322,127.0287618
성동구,성동안심09,37.5633502,127.0287708
성동구,성동안심09,37.56363247,127.0289529
성동구,성동안심09,37.563766,127.028918
성동구,성동안심09,37.56402552,127.0291216
성동구,성동안심09,37.56402552,127.0291216
성동구,성동안심09,37.56402552,127.0291216
성동구,성동안심09,37.56404152,127.0290646
성동구,성동안심09,37.564011,127.029207
성동구,성동안심14,37.56258662,127.0513041
성동구,성동안심14,37.56263162,127.0512651
성동구,성동안심14,37.56284894,127.0511285
성동구,성동안심14,37.56284894,127.0511285
성동구,성동안심14,37.562976,127.051052
성동구,성동안심14,37.56305848,127.0510319
성동구,성동안심14,37.563076,127.051003
성동구,성동안심14,37.563076,127.051003
성동구,성동안심14,37.56339806,127.0508227
성동구,성동안심14,37.56353544,127.0507953
성동구,성동안심14,37.56353544,127.0507953
성동구,성동안심14,37.56353544,127.0507953
성동구,성동안심14,37.56366533,127.0506934
성동구,성동안심14,37.56366233,127.0506784
성동구,성동안심14,37.56366233,127.0506784
성동구,성동안심14,37.563898,127.050542
성동구,성동안심14,37.563959,127.050516
성동구,성동안심14,37.564062,127.050452
성동구,성동안심14,37.56436528,127.0503193
성동구,성동안심14,37.56436228,127.0502963
성동구,성동안심14,37.56436228,127.0502963
성동구,성동안심14,37.56439628,127.0502733
성동구,성동안심14,37.564718,127.050101
성동구,성동안심14,37.564718,127.050101
성동구,성동안심14,37.56474433,127.0501067
성동구,성동안심14,37.564747,127.050084
성동구,성동안심14,37.56489782,127.0500122
성동구,성동안심15,37.56014711,127.0531908
성동구,성동안심15,37.56030284,127.0530919
성동구,성동안심15,37.56030084,127.0530689
성동구,성동안심15,37.560501,127.052882
성동구,성동안심15,37.560501,127.052882
성동구,성동안심15,37.56051,127.052843
성동구,성동안심15,37.56079295,127.0526322
성동구,성동안심15,37.56079295,127.0526322
성동구,성동안심15,37.56080595,127.0526412
성동구,성동안심15,37.560896,127.052504
성동구,성동안심15,37.5610592,127.0523734
성동구,성동안심15,37.5610592,127.0523734
성동구,성동안심15,37.56128958,127.0522178
성동구,성동안심15,37.56135848,127.0521192
성동구,성동안심15,37.56135848,127.0521192
성동구,성동안심15,37.56138448,127.0521112
성동구,성동안심15,37.56139048,127.0520902
성동구,성동안심15,37.56139048,127.0520902
성동구,성동안심15,37.5616106,127.0518633
성동구,성동안심15,37.5616106,127.0518633
성동구,성동안심15,37.561826,127.051733
성동구,성동안심15,37.561977,127.051637
성동구,성동안심15,37.562004,127.051629
성동구,성동안심15,37.562092,127.051574
성동구,성동안심15,37.562092,127.051574
성동구,성동안심15,37.562127,127.051555
성동구,성동안심15,37.56245,127.051382
성동구,성동안심15,37.562457,127.051365
성동구,성동안심15,37.562457,127.051365
성동구,성동안심15,37.562457,127.051365
성동구,성동안심15,37.562457,127.051365
성동구,성동안심16,37.56087521,127.0485568
성동구,성동안심16,37.560948,127.048477
성동구,성동안심16,37.560948,127.048477
성동구,성동안심16,37.56087521,127.0485568
성동구,성동안심16,37.56075295,127.0486508
성동구,성동안심16,37.56075295,127.0486508
성동구,성동안심16,37.56075295,127.0486508
성동구,성동안심16,37.56069815,127.0488081
성동구,성동안심16,37.56069815,127.0488081
성동구,성동안심16,37.56052848,127.0491351
성동구,성동안심16,37.56052848,127.0491351
성동구,성동안심16,37.56052848,127.0491351
성동구,성동안심16,37.56049148,127.0491561
성동구,성동안심16,37.56049148,127.0491561
성동구,성동안심16,37.56049148,127.0491561
성동구,성동안심16,37.56036627,127.0492359
성동구,성동안심16,37.56036627,127.0492359
성동구,성동안심16,37.56008899,127.0493133
성동구,성동안심16,37.56008899,127.0493133
성북구,성북안심01,37.58947643,127.0195837
성북구,성북안심01,37.58949415,127.0192068
성북구,성북안심01,37.58952613,127.0191661
성북구,성북안심01,37.58952613,127.0191661
성북구,성북안심01,37.58956787,127.019132
성북구,성북안심01,37.58956787,127.019132
성북구,성북안심01,37.58953829,127.0190972
성북구,성북안심01,37.589909,127.0189941
성북구,성북안심01,37.58992002,127.0189512
성북구,성북안심01,37.58992002,127.0189512
성북구,성북안심01,37.58992002,127.0189512
성북구,성북안심01,37.58992002,127.0189512
성북구,성북안심01,37.589925,127.0189082
성북구,성북안심01,37.59024315,127.0186838
성북구,성북안심01,37.59026529,127.0187814
성북구,성북안심01,37.59026529,127.0187814
성북구,성북안심01,37.59026529,127.0187291
성북구,성북안심01,37.59057929,127.0186431
성북구,성북안심01,37.59057929,127.0186431
성북구,성북안심01,37.59060487,127.0185741
성북구,성북안심02,37.593943,127.0174993
성북구,성북안심02,37.593943,127.0174993
성북구,성북안심02,37.59404516,127.0176036
성북구,성북안심02,37.59404516,127.0176036
성북구,성북안심02,37.59425187,127.0178111
성북구,성북안심02,37.594286,127.01781
성북구,성북안심02,37.594286,127.01781
성북구,성북안심02,37.594286,127.01781
성북구,성북안심02,37.59455418,127.0179928
성북구,성북안심02,37.59455418,127.0179928
성북구,성북안심02,37.5945456,127.0180275
성북구,성북안심02,37.59480044,127.0182765
성북구,성북안심02,37.59491258,127.0183979
성북구,성북안심02,37.59491258,127.0183979
성북구,성북안심02,37.59490344,127.0182595
성북구,성북안심02,37.59514658,127.0186496
성북구,성북안심02,37.59518758,127.0186371
성북구,성북안심02,37.59518758,127.0186371
성북구,성북안심02,37.59547944,127.0190289
성북구,성북안심02,37.59550287,127.0191338
성북구,성북안심02,37.59550287,127.0191338
성북구,성북안심02,37.59548773,127.0191671
성북구,성북안심02,37.59548773,127.0191671
성북구,성북안심02,37.59548773,127.0191671
성북구,성북안심02,37.59561,127.0192126
성북구,성북안심02,37.595857,127.01956
성북구,성북안심03,37.58916216,127.0063972
성북구,성북안심03,37.58916216,127.0063972
성북구,성북안심03,37.58916216,127.0063972
성북구,성북안심03,37.58915744,127.006471
성북구,성북안심03,37.58938844,127.0070011
성북구,성북안심03,37.58938844,127.0070011
성북구,성북안심03,37.58941631,127.0071716
성북구,성북안심03,37.58948558,127.0073064
성북구,성북안심03,37.58950389,127.0072661
성북구,성북안심03,37.58954931,127.0075214
성북구,성북안심03,37.58961757,127.0077515
성북구,성북안심03,37.58965429,127.0077398
성북구,성북안심03,37.58968404,127.0077254
성북구,성북안심03,37.58968404,127.0077254
성북구,성북안심03,37.589845,127.008142
성북구,성북안심03,37.58983471,127.0081996
성북구,성북안심03,37.59006819,127.0085885
성북구,성북안심03,37.59006819,127.0085885
성북구,성북안심03,37.59003346,127.0085767
성북구,성북안심03,37.59023517,127.0090385
성북구,성북안심03,37.59023517,127.0090385
성북구,성북안심04,37.58744385,127.0069715
성북구,성북안심04,37.587332,127.0069135
성북구,성북안심04,37.58734075,127.0068683
성북구,성북안심04,37.58734075,127.0068683
성북구,성북안심04,37.58734075,127.0068683
성북구,성북안심04,37.58702513,127.0068549
성북구,성북안심04,37.58702513,127.0068549
성북구,성북안심04,37.58677961,127.0069138
성북구,성북안심04,37.58677646,127.0068563
성북구,성북안심04,37.58677646,127.0068563
성북구,성북안심04,37.58646825,127.0069237
성북구,성북안심04,37.58646825,127.0069237
성북구,성북안심04,37.58614144,127.0070881
성북구,성북안심04,37.58610958,127.0070453
성북구,성북안심04,37.58600544,127.0070726
성북구,성북안심04,37.58597142,127.0071803
성북구,성북안심04,37.58597142,127.0071803
성북구,성북안심04,37.58597142,127.0071803
성북구,성북안심04,37.58569329,127.0071545
성북구,성북안심04,37.58571544,127.0072431
성북구,성북안심04,37.58548886,127.0072228
성북구,성북안심04,37.58546442,127.007193
성북구,성북안심04,37.58546442,127.007193
성북구,성북안심04,37.585257,127.0072013
성북구,성북안심04,37.585257,127.0072013
성북구,성북안심04,37.58503814,127.0072124
성북구,성북안심04,37.58503814,127.0072124
성북구,성북안심04,37.58503814,127.0072124
성북구,성북안심05,37.58881144,127.0165176
성북구,성북안심05,37.58870187,127.0163421
성북구,성북안심05,37.588681,127.01623
성북구,성북안심05,37.58856944,127.0162183
성북구,성북안심05,37.58850147,127.0159867
성북구,성북안심05,37.58850147,127.0159867
성북구,성북안심05,37.58845215,127.01583
성북구,성북안심05,37.58846629,127.0157414
성북구,성북안심05,37.58846629,127.0157414
성북구,성북안심05,37.58846629,127.0157414
성북구,성북안심05,37.58843858,127.0156262
성북구,성북안심05,37.58829471,127.0153617
성북구,성북안심05,37.58831742,127.0153071
성북구,성북안심05,37.58831742,127.0153071
성북구,성북안심05,37.58817073,127.0151141
성북구,성북안심05,37.5880266,127.0149934
성북구,성북안심05,37.5880266,127.0149934
성북구,성북안심05,37.58807044,127.0148146
성북구,성북안심05,37.58798358,127.0147516
성북구,성북안심05,37.58774344,127.0145705
성북구,성북안심05,37.58780544,127.0144695
성북구,성북안심07,37.60235631,127.0186195
성북구,성북안심07,37.60237475,127.0184651
성북구,성북안심07,37.60230338,127.0182202
성북구,성북안심07,37.60230338,127.0182202
성북구,성북안심07,37.60236117,127.0176539
성북구,성북안심07,37.60232644,127.0176396
성북구,성북안심07,37.60231815,127.0171402
성북구,성북안심07,37.60235175,127.0171119
성북구,성북안심07,37.60231186,127.0166976
성북구,성북안심07,37.60235046,127.016689
성북구,성북안심07,37.60234446,127.0163744
성북구,성북안심07,37.60234446,127.0163744
성북구,성북안심07,37.60230673,127.0159633
성북구,성북안심07,37.60227771,127.0159806
성북구,성북안심07,37.60234333,127.0159553
성북구,성북안심07,37.60226671,127.0158801
성북구,성북안심07,37.60234333,127.0155197
성북구,성북안심07,37.60234333,127.0155197
성북구,성북안심07,37.602329,127.0149471
성북구,성북안심07,37.602329,127.0149471
성북구,성북안심07,37.602329,127.0149471
성북구,성북안심07,37.60239874,127.0143712
성북구,성북안심07,37.60242017,127.0141059
성북구,성북안심07,37.60241917,127.0140019
성북구,성북안심07,37.60939769,127.0079587
성북구,성북안심07,37.60236954,127.0138102
성북구,성북안심08,37.60235357,127.0189438
성북구,성북안심08,37.60235357,127.0189438
성북구,성북안심08,37.60200173,127.0188407
성북구,성북안심08,37.60184158,127.0187081
성북구,성북안심08,37.601787,127.018774
성북구,성북안심08,37.60158629,127.0187845
성북구,성북안심08,37.60169088,127.0185951
성북구,성북안심08,37.60164521,127.0187163
성북구,성북안심08,37.60164521,127.0187163
성북구,성북안심08,37.60164521,127.0187163
성북구,성북안심08,37.60138158,127.0186409
성북구,성북안심08,37.60128886,127.0186493
성북구,성북안심08,37.60126644,127.018801
성북구,성북안심08,37.60129258,127.0188562
성북구,성북안심08,37.60104044,127.0185585
성북구,성북안심08,37.60098957,127.0186
성북구,성북안심08,37.60098186,127.0183954
성북구,성북안심08,37.60095671,127.0186379
성북구,성북안심08,37.60095671,127.0186379
성북구,성북안심08,37.60078671,127.0185503
성북구,성북안심08,37.600591,127.018527
성북구,성북안심08,37.60067974,127.0185421
성북구,성북안심09,37.61125638,127.0092019
성북구,성북안심09,37.61125638,127.0092019
성북구,성북안심09,37.61125638,127.0092019
성북구,성북안심09,37.61125638,127.0092019
성북구,성북안심09,37.61133533,127.0091906
성북구,성북안심09,37.61129929,127.0095019
성북구,성북안심09,37.61134815,127.0098091
성북구,성북안심09,37.61137231,127.009841
성북구,성북안심09,37.61139889,127.0098636
성북구,성북안심09,37.61128071,127.0102441
성북구,성북안심09,37.61120499,127.0103236
성북구,성북안심09,37.61120499,127.0103236
성북구,성북안심09,37.61120499,127.0103236
성북구,성북안심09,37.61123246,127.010399
성북구,성북안심09,37.61113927,127.0105104
성북구,성북안심09,37.611083,127.0105958
성북구,성북안심09,37.61112888,127.0106776
성북구,성북안심09,37.61115829,127.0108056
성북구,성북안심09,37.61128503,127.010941
성북구,성북안심09,37.61133329,127.011093
성북구,성북안심09,37.61133329,127.011093
성북구,성북안심09,37.61133329,127.011093
성북구,성북안심09,37.61133329,127.011093
성북구,성북안심09,37.61144446,127.0111588
성북구,성북안심09,37.61177734,127.0112302
성북구,성북안심09,37.61166969,127.011258
성북구,성북안심09,37.61178843,127.0116081
성북구,성북안심10,37.60977988,127.0052454
성북구,성북안심10,37.60970815,127.0054371
성북구,성북안심10,37.60969757,127.0057809
성북구,성북안심10,37.60969757,127.0058199
성북구,성북안심10,37.60969757,127.0058199
성북구,성북안심10,37.60950815,127.0059465
성북구,성북안심10,37.60950815,127.0059465
성북구,성북안심10,37.60950815,127.0059465
성북구,성북안심10,37.60949142,127.0060313
성북구,성북안심10,37.60948944,127.0062536
성북구,성북안심10,37.60948944,127.0062536
성북구,성북안심10,37.60948115,127.0064949
성북구,성북안심10,37.60947244,127.0067142
성북구,성북안심10,37.60948402,127.006882
성북구,성북안심10,37.60946102,127.0068919
성북구,성북안심10,37.60946102,127.0068919
성북구,성북안심10,37.60946102,127.0068919
성북구,성북안심10,37.60948473,127.007263
성북구,성북안심10,37.60944173,127.007622
성북구,성북안심10,37.60942501,127.0079243
성북구,성북안심10,37.6094167,127.0079598
성북구,성북안심10,37.6094167,127.0079598
성북구,성북안심10,37.6094167,127.0079598
성북구,성북안심10,37.609145,127.0079059
성북구,성북안심10,37.60885929,127.0079045
성북구,성북안심11,37.60382574,127.0130834
성북구,성북안심11,37.60382574,127.0130834
성북구,성북안심11,37.60385661,127.0130815
성북구,성북안심11,37.60405971,127.0131524
성북구,성북안심11,37.60424842,127.0131806
성북구,성북안심11,37.604255,127.0132048
성북구,성북안심11,37.604387,127.0132265
성북구,성북안심11,37.604595,127.0133334
성북구,성북안심11,37.60463274,127.0133443
성북구,성북안심11,37.60463274,127.0133443
성북구,성북안심11,37.60489472,127.0133591
성북구,성북안심11,37.60489472,127.0133591
성북구,성북안심11,37.60490372,127.0133651
성북구,성북안심11,37.60496389,127.013317
성북구,성북안심11,37.60531844,127.0133364
성북구,성북안심11,37.60531757,127.0133724
성북구,성북안심11,37.60548588,127.0134152
성북구,성북안심11,37.60572232,127.0135343
성북구,성북안심11,37.60572144,127.0136305
성북구,성북안심11,37.605793,127.01364
성북구,성북안심11,37.605793,127.01364
성북구,성북안심11,37.605793,127.01364
성북구,성북안심11,37.60581129,127.0135474
성북구,성북안심11,37.60582644,127.0135738
성북구,성북안심11,37.60599,127.013566
성북구,성북안심11,37.606025,127.013556
성북구,성북안심11,37.60607257,127.013479
성북구,성북안심11,37.606135,127.0134331
성북구,성북안심11,37.6061693,127.0134574
성북구,성북안심11,37.60643186,127.0133691
성북구,성북안심11,37.60660102,127.0132758
성북구,성북안심11,37.6065933,127.0133175
성북구,성북안심11,37.60681786,127.0132011
성북구,성북안심11,37.60693044,127.0131464
성북구,성북안심11,37.60694819,127.0130763
성북구,성북안심11,37.60694819,127.0130763
성북구,성북안심11,37.60696219,127.0130693
성북구,성북안심11,37.60696219,127.0130693
성북구,성북안심12,37.60264831,127.0131031
성북구,성북안심12,37.60264831,127.0131031
성북구,성북안심12,37.60261889,127.0130445
성북구,성북안심12,37.60264262,127.0130106
성북구,성북안심12,37.60264262,127.0130106
성북구,성북안심12,37.60255682,127.0127924
성북구,성북안심12,37.60252813,127.0126138
성북구,성북안심12,37.60252813,127.0126138
성북구,성북안심12,37.60252813,127.0126138
성북구,성북안심12,37.60256331,127.012591
성북구,성북안심12,37.60256733,127.0124159
성북구,성북안심12,37.60250517,127.0122201
성북구,성북안심12,37.60253291,127.0122035
성북구,성북안심12,37.60253291,127.0122035
성북구,성북안심12,37.602466,127.011667
성북구,성북안심12,37.602466,127.011667
성북구,성북안심12,37.60249702,127.0116973
성북구,성북안심12,37.60252704,127.0117093
성북구,성북안심12,37.60249971,127.0114955
성북구,성북안심12,37.60249971,127.0114955
성북구,성북안심12,37.60249971,127.0114955
성북구,성북안심12,37.60254627,127.0113514
성북구,성북안심12,37.60263492,127.0109817
성북구,성북안심12,37.60264492,127.0109797
성북구,성북안심12,37.60264492,127.0109797
성북구,성북안심12,37.60264492,127.0109797
성북구,성북안심12,37.60241687,127.0106622
성북구,성북안심12,37.60221906,127.0103228
성북구,성북안심12,37.60214743,127.0102209
성북구,성북안심12,37.60193144,127.0100459
성북구,성북안심12,37.60183244,127.0099489
성북구,성북안심12,37.60166544,127.0097897
성북구,성북안심12,37.60157631,127.0097055
성북구,성북안심12,37.60153273,127.0096507
성북구,성북안심12,37.60153273,127.0096507
성북구,성북안심13,37.58812731,127.0045723
성북구,성북안심13,37.58809873,127.0045296
성북구,성북안심13,37.58811588,127.0045405
성북구,성북안심13,37.58828115,127.0045173
성북구,성북안심13,37.58847758,127.0043969
성북구,성북안심13,37.58846958,127.0043644
성북구,성북안심13,37.58846958,127.0043644
성북구,성북안심13,37.58881886,127.0041711
성북구,성북안심13,37.5889372,127.004165
성북구,성북안심13,37.588864,127.0041525
성북구,성북안심13,37.58911229,127.0040785
성북구,성북안심13,37.58913773,127.0040194
성북구,성북안심13,37.58913773,127.0040194
성북구,성북안심13,37.58933915,127.003988
성북구,성북안심13,37.58941086,127.0039256
성북구,성북안심13,37.58946986,127.0038581
성북구,성북안심13,37.58946986,127.0038581
성북구,성북안심13,37.589698,127.00372
성북구,성북안심13,37.589698,127.00372
성북구,성북안심13,37.589698,127.00372
성북구,성북안심14,37.59059808,127.004152
성북구,성북안심14,37.59065929,127.0041336
성북구,성북안심14,37.59079813,127.0043178
성북구,성북안심14,37.59089829,127.0043749
성북구,성북안심14,37.59089829,127.0043749
성북구,성북안심14,37.59120517,127.0045496
성북구,성북안심14,37.59120517,127.0045496
성북구,성북안심14,37.59120517,127.0045496
성북구,성북안심14,37.5911873,127.004565
성북구,성북안심14,37.59121787,127.0046279
성북구,성북안심14,37.59125887,127.004631
성북구,성북안심14,37.59143529,127.0049501
성북구,성북안심14,37.591429,127.0050385
성북구,성북안심14,37.591429,127.0050385
성북구,성북안심14,37.591429,127.0050385
성북구,성북안심14,37.59156644,127.0054874
성북구,성북안심14,37.59157687,127.0055772
성북구,성북안심14,37.59169969,127.0058962
성북구,성북안심14,37.591793,127.006038
성북구,성북안심14,37.591793,127.006038
성북구,성북안심14,37.591793,127.006038
성북구,성북안심14,37.591895,127.006167
성북구,성북안심14,37.591963,127.006233
성북구,성북안심14,37.5920105,127.0062611
성북구,성북안심14,37.59216685,127.0064554
성북구,성북안심14,37.59243087,127.0066924
성북구,성북안심14,37.59264344,127.006944
성북구,성북안심14,37.59264344,127.006944
성북구,성북안심14,37.59264344,127.006944
성북구,종암안심01,37.609746,127.057682
성북구,종암안심01,37.60967369,127.0574572
성북구,종암안심01,37.60962345,127.0573464
성북구,종암안심01,37.60962345,127.0573464
성북구,종암안심01,37.60962345,127.0573464
성북구,종암안심01,37.60953745,127.0571303
성북구,종암안심01,37.60953745,127.0571303
성북구,종암안심01,37.60953745,127.0571303
성북구,종암안심01,37.60951728,127.0571246
성북구,종암안심01,37.60940286,127.0572695
성북구,종암안심01,37.60915944,127.0574946
성북구,종암안심01,37.60915944,127.0574946
성북구,종암안심01,37.60889314,127.0577439
성북구,종암안심01,37.60889314,127.0577439
성북구,종암안심01,37.60889314,127.0577439
성북구,종암안심01,37.60891614,127.0577149
성북구,종암안심01,37.6087267,127.0578994
성북구,종암안심01,37.6086804,127.057935
성북구,종암안심01,37.6086804,127.057935
성북구,종암안심01,37.6086804,127.057935
성북구,종암안심01,37.60855544,127.0580579
성북구,종암안심01,37.60846444,127.0581496
성북구,종암안심01,37.60846444,127.0581496
성북구,종암안심01,37.60829172,127.0583403
성북구,종암안심01,37.60819414,127.0584339
성북구,종암안심01,37.60819414,127.0584339
성북구,종암안심01,37.60793386,127.0586529
성북구,종암안심01,37.60793386,127.0586529
성북구,종암안심01,37.60793386,127.0586529
성북구,종암안심01,37.60793644,127.0587276
성북구,종암안심01,37.60793644,127.0587276
성북구,종암안심01,37.60767886,127.0589633
성북구,종암안심01,37.60767886,127.0589633
성북구,종암안심01,37.60767886,127.0589633
성북구,종암안심01,37.60766187,127.0589518
성북구,종암안심01,37.60757186,127.0589896
성북구,종암안심01,37.60736441,127.0591471
성북구,종암안심01,37.60736441,127.0591471
성북구,종암안심01,37.60717786,127.0592986
성북구,종암안심01,37.60697239,127.0594953
성북구,종암안심01,37.60696115,127.0594585
성북구,종암안심01,37.60696115,127.0594585
성북구,종암안심01,37.60696115,127.0594585
성북구,종암안심01,37.60699974,127.0595158
성북구,종암안심01,37.60699974,127.0595158
성북구,종암안심01,37.60685615,127.0595383
성북구,종암안심01,37.6065303,127.0597516
성북구,종암안심01,37.60645444,127.0598262
성북구,종암안심01,37.60645444,127.0598262
성북구,종암안심01,37.60645444,127.0598262
성북구,종암안심02,37.61321165,127.0627875
성북구,종암안심02,37.61321165,127.0627875
성북구,종암안심02,37.61321165,127.0627875
성북구,종암안심02,37.61303071,127.0628645
성북구,종암안심02,37.6127447,127.062976
성북구,종암안심02,37.61251744,127.0630556
성북구,종암안심02,37.61239889,127.0630829
성북구,종암안심02,37.61239889,127.0630829
성북구,종암안심02,37.61239889,127.0630829
성북구,종암안심02,37.61218043,127.0633742
성북구,종암안심02,37.61198915,127.063675
성북구,종암안심02,37.61197463,127.0636184
성북구,종암안심02,37.611922,127.063534
성북구,종암안심02,37.61181602,127.063377
성북구,종암안심02,37.61181602,127.063377
성북구,종암안심02,37.61175158,127.063361
성북구,종암안심02,37.611653,127.063156
성북구,종암안심02,37.61151444,127.0629995
성북구,종암안심02,37.61151444,127.0629995
성북구,종암안심02,37.611369,127.062716
성북구,종암안심02,37.611369,127.062716
성북구,종암안심03,37.60738681,127.0507454
성북구,종암안심03,37.60732579,127.0508982
성북구,종암안심03,37.60728287,127.0508912
성북구,종암안심03,37.60728287,127.0508912
성북구,종암안심03,37.60728287,127.0508912
성북구,종암안심03,37.60727287,127.0508962
성북구,종암안심03,37.60727287,127.0508962
성북구,종암안심03,37.60744572,127.0513284
성북구,종암안심03,37.60751272,127.051444
성북구,종암안심03,37.60750258,127.0516306
성북구,종암안심03,37.60750258,127.0516306
성북구,종암안심03,37.60750258,127.0516306
성북구,종암안심03,37.60746716,127.0517758
성북구,종암안심03,37.60744816,127.0517608
성북구,종암안심03,37.60732487,127.0519822
성북구,종암안심03,37.60721688,127.05211
성북구,종암안심03,37.60709599,127.0523164
성북구,종암안심03,37.60710799,127.0523294
성북구,종암안심03,37.60710799,127.0523294
성북구,종암안심03,37.60710799,127.0523294
성북구,종암안심03,37.60714591,127.0523284
성북구,종암안심03,37.60715944,127.0523668
성북구,종암안심03,37.607372,127.052566
성북구,종암안심03,37.607352,127.05262
성북구,종암안심03,37.607357,127.052666
성북구,종암안심03,37.607357,127.052666
성북구,종암안심03,37.60743,127.052914
성북구,종암안심03,37.60760257,127.0528798
성북구,종암안심04,37.61071,127.055895
성북구,종암안심04,37.61074219,127.055892
성북구,종암안심04,37.610848,127.055767
성북구,종암안심04,37.61115545,127.05558
성북구,종암안심04,37.61115545,127.05558
성북구,종암안심04,37.61115545,127.05558
성북구,종암안심04,37.61105247,127.0554048
성북구,종암안심04,37.61100602,127.0552693
성북구,종암안심04,37.61094658,127.0550175
성북구,종암안심04,37.61083502,127.0548575
성북구,종암안심04,37.61085945,127.0547492
성북구,종암안심04,37.61073386,127.0545961
성북구,종암안심04,37.610619,127.054317
성북구,종암안심04,37.610402,127.053923
성북구,종암안심04,37.61035512,127.053754
성북구,종암안심04,37.610291,127.053708
성북구,종암안심04,37.610101,127.053439
성북구,종암안심04,37.610101,127.053439
성북구,종암안심04,37.610101,127.053439
성북구,종암안심04,37.61034501,127.053107
성북구,종암안심04,37.610458,127.053023
성북구,종암안심04,37.610458,127.053023
성북구,종암안심04,37.61056602,127.0528818
성북구,종암안심04,37.61069272,127.052673
성북구,종암안심04,37.610718,127.052696
성북구,종암안심04,37.610718,127.052696
성북구,종암안심04,37.61097756,127.0526114
성북구,종암안심04,37.61098228,127.0526404
성북구,종암안심04,37.61138332,127.0525231
성북구,종암안심06,37.61483541,127.0460176
성북구,종암안심06,37.61487085,127.045992
성북구,종암안심06,37.61408469,127.0433664
성북구,종암안심06,37.6142093,127.043649
성북구,종암안심06,37.6142093,127.043649
성북구,종암안심06,37.61426013,127.0436344
성북구,종암안심06,37.61435042,127.0437962
성북구,종암안심06,37.61445542,127.0440376
성북구,종암안심06,37.61451071,127.0440552
성북구,종암안심06,37.61451071,127.0440552
성북구,종암안심06,37.61450771,127.0440682
성북구,종암안심06,37.61451071,127.0440832
성북구,종암안심06,37.61444686,127.044552
성북구,종암안심06,37.61450585,127.044875
성북구,종암안심06,37.61451471,127.0450332
성북구,종암안심06,37.61451471,127.0450332
성북구,종암안심06,37.614563,127.04522
성북구,종암안심06,37.61459543,127.0455156
성북구,종암안심06,37.614615,127.045591
성북구,종암안심06,37.61470475,127.045924
성북구,종암안심06,37.61471444,127.0459988
성북구,종암안심06,37.61471444,127.0459988
성북구,종암안심06,37.61471644,127.0460258
성북구,종암안심06,37.614695,127.045731
성북구,종암안심06,37.614695,127.045731
성북구,종암안심06,37.61487085,127.045992
성북구,종암안심06,37.61489785,127.046018
성북구,종암안심06,37.61489885,127.0460866
성북구,종암안심06,37.61489885,127.0460866
성북구,종암안심06,37.61491985,127.0460996
성북구,종암안심06,37.61491985,127.0460996
성북구,종암안심06,37.61525027,127.0461698
성북구,종암안심06,37.615293,127.046248
성북구,종암안심06,37.61553258,127.0465364
성북구,종암안심06,37.61553258,127.0465364
성북구,종암안심06,37.61556858,127.046514
성북구,종암안심06,37.61561917,127.0466612
성북구,종암안심06,37.61575172,127.0467588
성북구,종암안심06,37.61573171,127.046827
성북구,종암안심06,37.61573171,127.046827
성북구,종암안심06,37.61572457,127.0468504
성북구,종암안심06,37.61581587,127.046912
성북구,종암안심06,37.61588031,127.0469534
성북구,종암안심06,37.61600041,127.0469938
성북구,종암안심06,37.616262,127.047275
성북구,종암안심06,37.616262,127.047275
성북구,종암안심06,37.61661174,127.0475462
성북구,종암안심06,37.61663374,127.0475532
성북구,종암안심06,37.61663374,127.0475532
성북구,종암안심06,37.61682688,127.0476024
성북구,종암안심06,37.616896,127.04774
성북구,종암안심06,37.61695,127.047689
성북구,종암안심06,37.617112,127.0478282
성북구,종암안심06,37.617108,127.04786
성북구,종암안심06,37.617108,127.04786
성북구,종암안심06,37.617438,127.048092
성북구,종암안심07,37.6027492,127.0390045
성북구,종암안심07,37.60274993,127.0389596
성북구,종암안심07,37.60274993,127.0389596
성북구,종암안심07,37.60309163,127.0389739
성북구,종암안심07,37.60332099,127.0390422
성북구,종암안심07,37.60359641,127.0390582
성북구,종암안심07,37.60374572,127.0390772
성북구,종암안심07,37.60374572,127.0390772
성북구,종암안심07,37.60374572,127.0390772
성북구,종암안심07,37.60374572,127.0390772
성북구,종암안심07,37.60383012,127.0391074
성북구,종암안심07,37.604113,127.0392194
성북구,종암안심07,37.60421628,127.0392566
성북구,종암안심07,37.60430473,127.0394125
성북구,종암안심07,37.60430473,127.0394125
성북구,종암안심07,37.60430473,127.0394125
성북구,종암안심07,37.60430473,127.0394125
성북구,종암안심07,37.60435816,127.0393801
성북구,종암안심07,37.60450028,127.0392946
성북구,종암안심07,37.604522,127.039349
성북구,종암안심07,37.60470389,127.0394556
성북구,종암안심07,37.60470389,127.0394556
성북구,종암안심07,37.60471786,127.0396926
성북구,종암안심07,37.60489272,127.0397798
성북구,종암안심07,37.60495132,127.0400527
성북구,종암안심07,37.605062,127.039997
성북구,종암안심07,37.60523472,127.0400384
성북구,종암안심07,37.60556328,127.0400888
성북구,종암안심07,37.60556328,127.0400888
성북구,종암안심07,37.60569313,127.0402238
성북구,종암안심07,37.60574959,127.0401844
성북구,종암안심08,37.6056,127.031947
성북구,종암안심08,37.6056,127.031947
성북구,종암안심08,37.605601,127.032014
성북구,종암안심08,37.60565671,127.0321745
성북구,종암안심08,37.60568398,127.0323857
성북구,종암안심08,37.605645,127.0324338
성북구,종암안심08,37.60579559,127.0327875
성북구,종암안심08,37.60579559,127.0327875
성북구,종암안심08,37.60577773,127.0328095
성북구,종암안심08,37.60560857,127.0329216
성북구,종암안심08,37.60536529,127.0330042
성북구,종암안심08,37.60505569,127.0330126
성북구,종암안심08,37.60505569,127.0330126
성북구,종암안심08,37.60504469,127.0330366
성북구,종암안심08,37.604923,127.033324
성북구,종암안심08,37.604859,127.033082
성북구,종암안심08,37.604784,127.033189
성북구,종암안심08,37.604587,127.033168
성북구,종암안심08,37.604575,127.03317
성북구,종암안심08,37.604575,127.03317
성북구,종암안심08,37.6043668,127.0332372
성북구,종암안심08,37.60431957,127.0333481
성북구,종암안심08,37.60416057,127.0334101
성북구,종암안심08,37.60391499,127.0334925
성북구,종암안심08,37.60390329,127.0337146
성북구,종암안심08,37.60395888,127.0338359
성북구,종암안심08,37.60392444,127.0343621
성북구,종암안심08,37.60388274,127.0343419
성북구,종암안심08,37.60388,127.0344116
성북구,종암안심08,37.60387257,127.0346305
성북구,종암안심08,37.60388157,127.0346405
성북구,종암안심08,37.60388157,127.0346405
성북구,종암안심08,37.60387344,127.0349205
성북구,종암안심08,37.603857,127.03531
성북구,종암안심08,37.60394189,127.0357324
성북구,종암안심08,37.60394189,127.0357324
성북구,종암안심08,37.60394089,127.0357634
성북구,종암안심08,37.60393959,127.0362051
성북구,종암안심08,37.60397602,127.0362591
성북구,종암안심08,37.60397602,127.0362591
성북구,종암안심09,37.60437507,127.0427494
성북구,종암안심09,37.6043733,127.0427054
성북구,종암안심09,37.6043733,127.0427054
성북구,종암안심09,37.6043733,127.0427054
성북구,종암안심09,37.6043783,127.0427024
성북구,종암안심09,37.6043783,127.0427024
성북구,종암안심09,37.60468685,127.0428436
성북구,종암안심09,37.60468685,127.0428436
성북구,종암안심09,37.60468685,127.0428436
성북구,종암안심09,37.604932,127.042819
성북구,종암안심09,37.604951,127.0429026
성북구,종암안심09,37.605039,127.042884
성북구,종암안심09,37.605039,127.042884
성북구,종암안심09,37.605039,127.042884
성북구,종암안심09,37.605315,127.043064
성북구,종암안심09,37.60555099,127.0430504
성북구,종암안심09,37.60564517,127.0429578
성북구,종암안심09,37.60564517,127.0429578
성북구,종암안심09,37.60565117,127.0429618
성북구,종암안심09,37.60565117,127.0429618
성북구,종암안심09,37.60566,127.042996
성북구,종암안심09,37.60566,127.042996
성북구,종암안심09,37.60566,127.042996
성북구,종암안심09,37.60566884,127.0430851
성북구,종암안심09,37.605748,127.042973
성북구,종암안심09,37.60590503,127.0429088
성북구,종암안심09,37.60590503,127.0429088
성북구,종암안심09,37.60583539,127.0429326
성북구,종암안심09,37.60583539,127.0429326
성북구,종암안심09,37.60601285,127.042917
성북구,종암안심09,37.60601285,127.042917
성북구,종암안심09,37.60601285,127.042917
성북구,종암안심09,37.60629514,127.0429538
성북구,종암안심09,37.60629514,127.0429538
성북구,종암안심09,37.606375,127.04298
성북구,종암안심09,37.60642399,127.0429898
성북구,종암안심09,37.60642399,127.0429898
성북구,종암안심09,37.60642399,127.0429898
성북구,종암안심09,37.60643999,127.0429868
성북구,종암안심09,37.60643999,127.0429868
성북구,종암안심09,37.606492,127.043313
성북구,종암안심09,37.606477,127.043366
성북구,종암안심09,37.606477,127.043366
성북구,종암안심09,37.606548,127.043462
성북구,종암안심09,37.606548,127.043462
성북구,종암안심09,37.606548,127.043462
성북구,종암안심09,37.606592,127.0435292
성북구,종암안심09,37.606626,127.043626
성북구,종암안심09,37.606772,127.043644
성북구,종암안심10,37.592329,127.035075
성북구,종암안심10,37.592586,127.034993
성북구,종암안심10,37.592612,127.03509
성북구,종암안심10,37.592686,127.034961
성북구,종암안심10,37.592815,127.034981
성북구,종암안심10,37.59279,127.034923
성북구,종암안심10,37.592857,127.035
성북구,종암안심10,37.592903,127.034947
성북구,종암안심10,37.592954,127.034857
성북구,종암안심10,37.593178,127.034888
성북구,종암안심10,37.593178,127.034888
성북구,종암안심10,37.593178,127.034888
성북구,종암안심10,37.593256,127.034754
성북구,종암안심10,37.5931694,127.0347995
성북구,종암안심10,37.59308655,127.0343405
성북구,종암안심10,37.593084,127.0343493
성북구,종암안심10,37.59311118,127.0343364
성북구,종암안심10,37.59305087,127.0341866
성북구,종암안심10,37.592982,127.034069
성북구,종암안심10,37.593028,127.033898
성북구,종암안심10,37.593028,127.033898
성북구,종암안심10,37.592981,127.033916
성북구,종암안심10,37.593028,127.033795
성북구,종암안심10,37.592991,127.033657
성북구,종암안심10,37.592895,127.033553
성북구,종암안심10,37.592895,127.033553
성북구,종암안심10,37.592873,127.033503
성북구,종암안심10,37.59279586,127.0330526
성북구,종암안심10,37.592757,127.033137
성북구,종암안심10,37.59282286,127.0330406
성북구,종암안심10,37.59282286,127.0330406
성북구,종암안심11,37.59158,127.038435
성북구,종암안심11,37.59166658,127.0383509
성북구,종암안심11,37.59166658,127.0383509
성북구,종암안심11,37.59168344,127.0382796
성북구,종암안심11,37.5916923,127.0381973
성북구,종암안심11,37.59175315,127.0379395
성북구,종암안심11,37.59178814,127.0379735
성북구,종암안심11,37.59178814,127.0379735
성북구,종암안심11,37.59181002,127.0379114
성북구,종암안심11,37.59180231,127.0378641
성북구,종암안심11,37.59185017,127.0376093
성북구,종암안심11,37.59194673,127.0374495
성북구,종암안심11,37.59188286,127.0374026
성북구,종암안심11,37.59188286,127.0374026
성북구,종암안심11,37.59194275,127.0373726
성북구,종암안심11,37.59193973,127.0373867
성북구,종암안심11,37.59207173,127.0373099
성북구,종암안심11,37.59207273,127.0372669
성북구,종암안심11,37.59210302,127.037118
성북구,종암안심11,37.59208043,127.0370779
성북구,종암안심11,37.59208043,127.0370779
성북구,종암안심11,37.59208843,127.0370599
성북구,종암안심11,37.59208843,127.0370599
성북구,종암안심11,37.59232615,127.036683
성북구,종암안심12,37.59779757,127.0378206
성북구,종암안심12,37.59779757,127.0378206
성북구,종암안심12,37.59779757,127.0378206
성북구,종암안심12,37.59768058,127.0376344
성북구,종암안심12,37.59768058,127.0376344
성북구,종암안심12,37.59770058,127.0376341
성북구,종암안심12,37.59748886,127.0372844
성북구,종암안심12,37.59721615,127.0374431
성북구,종암안심12,37.59693386,127.037565
성북구,종암안심12,37.59693386,127.037565
성북구,종암안심12,37.59691515,127.037629
성북구,종암안심12,37.59691515,127.037629
성북구,종암안심12,37.59689328,127.0376155
성북구,종암안심12,37.59657415,127.037798
성북구,종암안심12,37.59636644,127.0379019
성북구,종암안심12,37.59611273,127.0375313
성북구,종암안심12,37.59608746,127.0373467
성북구,종암안심12,37.596053,127.037342
성북구,종암안심12,37.596053,127.037342
성북구,종암안심12,37.59608786,127.0370894
성북구,종암안심12,37.59608786,127.0370894
성북구,종암안심12,37.59603474,127.0369222
성북구,종암안심12,37.5960023,127.0367
성북구,종암안심12,37.595965,127.036522
성북구,종암안심12,37.59592187,127.0360934
성북구,종암안심12,37.5959,127.036098
성북구,종암안심12,37.5959,127.036098
성북구,종암안심12,37.5959,127.036098
성북구,종암안심12,37.5959,127.036098
성북구,종암안심12,37.595894,127.036046
송파구,송파안심01,37.50923103,127.1258804
송파구,송파안심01,37.50939057,127.1254036
송파구,송파안심01,37.5095463,127.1250258
송파구,송파안심01,37.5095463,127.1250258
송파구,송파안심01,37.509619,127.1249291
송파구,송파안심01,37.50960015,127.1248799
송파구,송파안심01,37.50960015,127.1248799
송파구,송파안심01,37.50960015,127.1248799
송파구,송파안심01,37.50991214,127.1251742
송파구,송파안심01,37.50991214,127.1251742
송파구,송파안심01,37.50991214,127.1251742
송파구,송파안심01,37.50991214,127.1251742
송파구,송파안심01,37.50995605,127.1251423
송파구,송파안심01,37.51033871,127.1253977
송파구,송파안심01,37.51053183,127.1254905
송파구,송파안심01,37.51071004,127.1250399
송파구,송파안심01,37.51088242,127.1247974
송파구,송파안심01,37.51088242,127.1247974
송파구,송파안심01,37.51090156,127.1246035
송파구,송파안심01,37.51097954,127.1243586
송파구,송파안심01,37.51116333,127.1239702
송파구,송파안심01,37.51116873,127.123853
송파구,송파안심01,37.511328,127.123467
송파구,송파안심01,37.511328,127.123467
송파구,송파안심01,37.511328,127.123467
송파구,송파안심01,37.51136431,127.1234699
송파구,송파안심01,37.51138043,127.1235135
송파구,송파안심01,37.51138043,127.1235135
송파구,송파안심01,37.51148385,127.1232724
송파구,송파안심01,37.511784,127.1225133
송파구,송파안심01,37.511784,127.1225133
송파구,송파안심01,37.511784,127.1225133
송파구,송파안심01,37.511784,127.1225133
송파구,송파안심01,37.51173653,127.122474
송파구,송파안심01,37.51183171,127.1222313
송파구,송파안심01,37.51191067,127.1221116
송파구,송파안심01,37.51189704,127.1220519
송파구,송파안심01,37.51189704,127.1220519
송파구,송파안심01,37.50991214,127.1251742
송파구,송파안심01,37.51097954,127.1243586
송파구,송파안심01,37.51138043,127.1235135
송파구,송파안심02,37.49987673,127.1127655
송파구,송파안심02,37.49987673,127.1127655
송파구,송파안심02,37.49987673,127.1127655
송파구,송파안심02,37.50006096,127.1129117
송파구,송파안심02,37.50007793,127.1128697
송파구,송파안심02,37.50007793,127.1128697
송파구,송파안심02,37.50025687,127.1130784
송파구,송파안심02,37.50051915,127.1134788
송파구,송파안심02,37.50046457,127.1135069
송파구,송파안심02,37.50046457,127.1135069
송파구,송파안심02,37.50046457,127.1135069
송파구,송파안심02,37.50071045,127.1137405
송파구,송파안심02,37.50078116,127.1139561
송파구,송파안심02,37.50094415,127.114097
송파구,송파안심02,37.50108558,127.114373
송파구,송파안심02,37.50108558,127.114373
송파구,송파안심02,37.50108558,127.114373
송파구,송파안심02,37.50105845,127.1144851
송파구,송파안심02,37.50105845,127.1144851
송파구,송파안심02,37.50105814,127.1143781
송파구,송파안심02,37.50119115,127.1146829
송파구,송파안심02,37.50130299,127.115013
송파구,송파안심02,37.50139094,127.1152205
송파구,송파안심02,37.50139094,127.1152205
송파구,송파안심02,37.50128102,127.1152232
송파구,송파안심02,37.50115262,127.1153623
송파구,송파안심02,37.50111371,127.1153687
송파구,송파안심02,37.50098983,127.1155745
송파구,송파안심02,37.50071669,127.1158184
송파구,송파안심02,37.50071669,127.1158184
송파구,송파안심02,37.50071669,127.1158184
송파구,송파안심02,37.50071669,127.1158184
송파구,송파안심02,37.50095787,127.1162033
송파구,송파안심02,37.50095787,127.1162033
송파구,송파안심02,37.50051915,127.1134788
송파구,송파안심02,37.50139094,127.1152205
송파구,송파안심02,37.50105845,127.1144851
송파구,송파안심03,37.504496,127.108405
송파구,송파안심03,37.50451585,127.1084201
송파구,송파안심03,37.50469571,127.108739
송파구,송파안심03,37.50472199,127.1087265
송파구,송파안심03,37.50472199,127.1087265
송파구,송파안심03,37.504931,127.109042
송파구,송파안심03,37.50519729,127.1094441
송파구,송파안심03,37.50523629,127.109471
송파구,송파안심03,37.50523629,127.109471
송파구,송파안심03,37.50551273,127.1098161
송파구,송파안심03,37.50546242,127.109867
송파구,송파안심03,37.5055842,127.1098844
송파구,송파안심03,37.50585816,127.1102044
송파구,송파안심03,37.50612342,127.1104957
송파구,송파안심03,37.50612342,127.1104957
송파구,송파안심03,37.50617841,127.1105616
송파구,송파안심03,37.506418,127.110841
송파구,송파안심03,37.50648029,127.1110073
송파구,송파안심03,37.5065983,127.1110264
송파구,송파안심03,37.50674201,127.1111904
송파구,송파안심03,37.50674201,127.1111904
송파구,송파안심03,37.50674201,127.1111904
송파구,송파안심03,37.50681345,127.1112683
송파구,송파안심03,37.50681345,127.1112683
송파구,송파안심03,37.507034,127.111504
송파구,송파안심03,37.50724507,127.1116496
송파구,송파안심03,37.50724507,127.1116496
송파구,송파안심03,37.50727647,127.1116434
송파구,송파안심03,37.507277,127.111754
송파구,송파안심03,37.507467,127.111956
송파구,송파안심03,37.50747467,127.1119388
송파구,송파안심03,37.50747467,127.1119388
송파구,송파안심03,37.50774387,127.1122173
송파구,송파안심04,37.505257,127.0865667
송파구,송파안심04,37.50534162,127.086597
송파구,송파안심04,37.50534162,127.086597
송파구,송파안심04,37.50534162,127.086597
송파구,송파안심04,37.50549541,127.0867485
송파구,송파안심04,37.50559128,127.0867287
송파구,송파안심04,37.50561615,127.0867155
송파구,송파안심04,37.50561615,127.0867155
송파구,송파안심04,37.50561615,127.0867155
송파구,송파안심04,37.50556194,127.0868467
송파구,송파안심04,37.50593817,127.086883
송파구,송파안심04,37.50591554,127.0869758
송파구,송파안심04,37.50601418,127.0869023
송파구,송파안심04,37.5062607,127.0870964
송파구,송파안심04,37.50629586,127.0870478
송파구,송파안심04,37.50629586,127.0870478
송파구,송파안심04,37.50634772,127.0871641
송파구,송파안심04,37.50666277,127.0871732
송파구,송파안심04,37.50674386,127.0871291
송파구,송파안심04,37.50672338,127.0871951
송파구,송파안심04,37.50672338,127.0871951
송파구,송파안심04,37.50672338,127.0871951
송파구,송파안심04,37.507011,127.087376
송파구,송파안심04,37.50731484,127.0875596
송파구,송파안심04,37.50736,127.087528
송파구,송파안심04,37.5076923,127.0876599
송파구,송파안심04,37.5077267,127.08779
송파구,송파안심04,37.5077267,127.08779
송파구,송파안심04,37.50793084,127.0878246
송파구,송파안심04,37.50796359,127.087778
송파구,송파안심04,37.50808825,127.0878366
송파구,송파안심04,37.50808825,127.0878366
송파구,송파안심06,37.51113688,127.0828808
송파구,송파안심06,37.51113688,127.0828808
송파구,송파안심06,37.51108769,127.0829487
송파구,송파안심06,37.51080578,127.0830213
송파구,송파안심06,37.510807,127.082876
송파구,송파안심06,37.510807,127.082876
송파구,송파안심06,37.510786,127.082902
송파구,송파안심06,37.510786,127.082902
송파구,송파안심06,37.510786,127.082902
송파구,송파안심06,37.51071126,127.0830202
송파구,송파안심06,37.51053555,127.0830645
송파구,송파안심06,37.51033944,127.0830251
송파구,송파안심06,37.51033944,127.0830251
송파구,송파안심06,37.51030899,127.0830732
송파구,송파안심06,37.50984305,127.0831357
송파구,송파안심06,37.50960172,127.0831993
송파구,송파안심06,37.50920129,127.083297
송파구,송파안심06,37.50898579,127.0833919
송파구,송파안심06,37.50893987,127.083361
송파구,송파안심06,37.50893987,127.083361
송파구,송파안심06,37.50875131,127.083405
송파구,송파안심06,37.50842263,127.0834737
송파구,송파안심06,37.50833613,127.083499
송파구,송파안심06,37.50833613,127.083499
송파구,송파안심06,37.50833613,127.083499
송파구,송파안심06,37.50803313,127.0835887
송파구,송파안심06,37.50803313,127.0835887
송파구,송파안심06,37.50786257,127.0836645
송파구,송파안심06,37.50766,127.08368
송파구,송파안심06,37.50766798,127.0837577
송파구,송파안심06,37.50743433,127.083733
송파구,송파안심06,37.507414,127.083681
송파구,송파안심06,37.50707802,127.0835198
송파구,송파안심06,37.50707802,127.0835198
송파구,송파안심06,37.50707802,127.0835198
송파구,송파안심06,37.5068747,127.083436
송파구,송파안심06,37.50702448,127.0833609
송파구,송파안심06,37.50702448,127.0833609
송파구,송파안심06,37.50675299,127.0833851
송파구,송파안심06,37.50661401,127.0832151
송파구,송파안심06,37.50660182,127.0833153
송파구,송파안심06,37.50653707,127.0832973
송파구,송파안심06,37.50653707,127.0832973
송파구,송파안심06,37.50640941,127.083232
송파구,송파안심06,37.50625468,127.0831622
송파구,송파안심07,37.50190115,127.10437
송파구,송파안심07,37.50190115,127.10437
송파구,송파안심07,37.50189002,127.104393
송파구,송파안심07,37.50189002,127.104393
송파구,송파안심07,37.5018946,127.1044412
송파구,송파안심07,37.5018946,127.1044412
송파구,송파안심07,37.5018946,127.1044412
송파구,송파안심07,37.50183617,127.1042617
송파구,송파안심07,37.50174874,127.1039913
송파구,송파안심07,37.50174874,127.1039913
송파구,송파안심07,37.50172416,127.1039774
송파구,송파안심07,37.50166102,127.1037111
송파구,송파안심07,37.50157031,127.1034169
송파구,송파안심07,37.50157031,127.1034169
송파구,송파안심07,37.50154158,127.1034131
송파구,송파안심07,37.50151702,127.1032399
송파구,송파안심07,37.50151702,127.1032399
송파구,송파안심07,37.50151702,127.1032399
송파구,송파안심07,37.50129685,127.1033382
송파구,송파안심07,37.50111386,127.1034286
송파구,송파안심07,37.50097072,127.1034916
송파구,송파안심07,37.50097072,127.1034916
송파구,송파안심07,37.50095372,127.1034883
송파구,송파안심07,37.5007494,127.1035699
송파구,송파안심07,37.50041513,127.103717
송파구,송파안심07,37.50041513,127.103717
송파구,송파안심07,37.50041513,127.103717
송파구,송파안심07,37.50043586,127.1037276
송파구,송파안심07,37.50013858,127.1039324
송파구,송파안심07,37.50011189,127.1039883
송파구,송파안심08,37.50073873,127.0934841
송파구,송파안심08,37.50073873,127.0934841
송파구,송파안심08,37.50073873,127.0934841
송파구,송파안심08,37.50073873,127.0934841
송파구,송파안심08,37.50073873,127.0934841
송파구,송파안심08,37.50064201,127.0938655
송파구,송파안심08,37.50060654,127.0943006
송파구,송파안심08,37.50060654,127.0943006
송파구,송파안심08,37.50057996,127.0943072
송파구,송파안심08,37.50055459,127.0946305
송파구,송파안심08,37.500454,127.094885
송파구,송파안심08,37.500454,127.094885
송파구,송파안심08,37.50052147,127.0948827
송파구,송파안심08,37.50044226,127.0949726
송파구,송파안심08,37.500419,127.095505
송파구,송파안심08,37.50042102,127.0958663
송파구,송파안심08,37.50042102,127.0958663
송파구,송파안심08,37.5004363,127.0958978
송파구,송파안심08,37.50041001,127.0961274
송파구,송파안심08,37.50041001,127.0961274
송파구,송파안심08,37.50041001,127.0961274
송파구,송파안심08,37.50042315,127.0962698
송파구,송파안심08,37.50042315,127.0962698
송파구,송파안심08,37.50036658,127.0964301
송파구,송파안심08,37.50036658,127.0964301
송파구,송파안심08,37.50038315,127.0964568
송파구,송파안심09,37.50645057,127.1057057
송파구,송파안심09,37.50647932,127.1056543
송파구,송파안심09,37.5063326,127.105356
송파구,송파안심09,37.50631474,127.1052454
송파구,송파안심09,37.50627416,127.1051913
송파구,송파안심09,37.50627416,127.1051913
송파구,송파안심09,37.50627416,127.1051913
송파구,송파안심09,37.50628659,127.1051299
송파구,송파안심09,37.50625774,127.1050544
송파구,송파안심09,37.50613416,127.1047485
송파구,송파안심09,37.50607244,127.1046619
송파구,송파안심09,37.50601057,127.1044846
송파구,송파안심09,37.50603343,127.1043933
송파구,송파안심09,37.50593286,127.1043126
송파구,송파안심09,37.50581796,127.1040738
송파구,송파안심09,37.50581316,127.1040223
송파구,송파안심09,37.50581316,127.1040223
송파구,송파안심09,37.50562075,127.1035668
송파구,송파안심09,37.50556153,127.1034542
송파구,송파안심09,37.50553144,127.1033299
송파구,송파안심09,37.50553144,127.1033299
송파구,송파안심09,37.50553144,127.1033299
송파구,송파안심09,37.50542527,127.103221
송파구,송파안심09,37.50542527,127.103221
송파구,송파안심11,37.49784445,127.134924
송파구,송파안심11,37.49764601,127.1347214
송파구,송파안심11,37.49764601,127.1347214
송파구,송파안심11,37.49761801,127.1347492
송파구,송파안심11,37.49757116,127.1346154
송파구,송파안심11,37.4974006,127.1350283
송파구,송파안심11,37.49732203,127.1350973
송파구,송파안심11,37.49732203,127.1350973
송파구,송파안심11,37.49711085,127.1354874
송파구,송파안심11,37.49716499,127.1355428
송파구,송파안심11,37.49716499,127.1355428
송파구,송파안심11,37.49706443,127.1356535
송파구,송파안심11,37.49695643,127.1357816
송파구,송파안심11,37.49695643,127.1357816
송파구,송파안심11,37.49692235,127.1357853
송파구,송파안심11,37.49655844,127.1353718
송파구,송파안심11,37.49641101,127.1352373
송파구,송파안심11,37.49641417,127.1351867
송파구,송파안심11,37.49641417,127.1351867
송파구,송파안심11,37.4962827,127.1351286
송파구,송파안심11,37.49625845,127.1349984
송파구,송파안심11,37.496086,127.134871
송파구,송파안심11,37.49606143,127.1347128
송파구,송파안심11,37.4958676,127.134508
송파구,송파안심11,37.4958676,127.134508
송파구,송파안심11,37.4958676,127.134508
송파구,송파안심11,37.49582544,127.1345188
송파구,송파안심11,37.49575817,127.1342807
송파구,송파안심11,37.495705,127.1343444
송파구,송파안심11,37.49571443,127.1343325
송파구,송파안심11,37.49571443,127.1343325
송파구,송파안심11,37.49568505,127.1341823
송파구,송파안심11,37.49558488,127.1340625
송파구,송파안심11,37.49551958,127.134036
송파구,송파안심11,37.49550072,127.1339505
송파구,송파안심11,37.49550072,127.1339505
송파구,송파안심11,37.49521529,127.1337519
송파구,송파안심11,37.49521529,127.1337519
송파구,송파안심11,37.49521529,127.1337519
송파구,송파안심11,37.49505557,127.1335488
송파구,송파안심11,37.494996,127.133472
송파구,송파안심11,37.49489257,127.1333588
송파구,송파안심11,37.49489257,127.1333588
송파구,송파안심11,37.49484042,127.1333417
송파구,송파안심11,37.494777,127.133214
송파구,송파안심11,37.49463,127.133032
송파구,송파안심11,37.494521,127.132895
송파구,송파안심11,37.494461,127.1328699
송파구,송파안심11,37.494391,127.132735
송파구,송파안심11,37.494391,127.132735
송파구,송파안심11-1,37.49421745,127.1178104
송파구,송파안심11-1,37.49421745,127.1178104
송파구,송파안심11-1,37.49415441,127.1178924
송파구,송파안심11-1,37.49419042,127.1179929
송파구,송파안심11-1,37.49430197,127.1182203
송파구,송파안심11-1,37.49442,127.11835
송파구,송파안심11-1,37.49454577,127.1183961
송파구,송파안심11-1,37.49449463,127.1185863
송파구,송파안심11-1,37.49488614,127.1194014
송파구,송파안심11-1,37.49488614,127.1194014
송파구,송파안심11-1,37.4949372,127.1194163
송파구,송파안심11-1,37.49503513,127.1193205
송파구,송파안심11-1,37.49506496,127.1195507
송파구,송파안심11-1,37.49512342,127.1196901
송파구,송파안심11-1,37.49529899,127.1200324
송파구,송파안심11-1,37.49529899,127.1200324
송파구,송파안심11-1,37.49551654,127.1204271
송파구,송파안심11-1,37.49555442,127.1204459
송파구,송파안심11-1,37.49562952,127.1207127
송파구,송파안심11-1,37.49562952,127.1207127
송파구,송파안심11-1,37.49562952,127.1207127
송파구,송파안심11-1,37.49576541,127.1206276
송파구,송파안심11-1,37.49576541,127.1206276
송파구,송파안심11-1,37.49576541,127.1206276
송파구,송파안심11-1,37.4950457,127.1192081
송파구,송파안심11-1,37.4950567,127.1191771
송파구,송파안심11-1,37.49607086,127.1186343
송파구,송파안심11-1,37.49607086,127.1186343
송파구,송파안심11-1,37.49607086,127.1186343
송파구,송파안심11-1,37.49633567,127.1185221
송파구,송파안심11-1,37.49640432,127.1183845
송파구,송파안심11-1,37.49640432,127.1183845
송파구,송파안심14,37.49453538,127.1522045
송파구,송파안심14,37.49454238,127.1522245
송파구,송파안심14,37.49454238,127.1522245
송파구,송파안심14,37.49461778,127.1521332
송파구,송파안심14,37.49473101,127.1521632
송파구,송파안심14,37.49473101,127.1521632
송파구,송파안심14,37.49488554,127.1520213
송파구,송파안심14,37.49488554,127.1520213
송파구,송파안심14,37.49498004,127.1519287
송파구,송파안심14,37.49498004,127.1519287
송파구,송파안심14,37.49502911,127.1518858
송파구,송파안심14,37.49512411,127.1518079
송파구,송파안심14,37.49517698,127.15176
송파구,송파안심14,37.49534097,127.1516084
송파구,송파안심14,37.49548381,127.1514302
송파구,송파안심14,37.49549742,127.1513683
송파구,송파안심14,37.49561756,127.1512588
송파구,송파안심14,37.49561756,127.1512588
송파구,송파안심14,37.49584041,127.150976
송파구,송파안심14,37.49587368,127.1510264
송파구,송파안심14,37.49587368,127.1510264
송파구,송파안심14,37.49587368,127.1510264
송파구,송파안심14,37.49588512,127.1510295
송파구,송파안심14,37.49602399,127.1508231
송파구,송파안심14,37.49608523,127.1506808
송파구,송파안심14,37.49610972,127.1505758
송파구,송파안심14,37.49610972,127.1505758
송파구,송파안심14,37.49627973,127.1504926
송파구,송파안심14,37.49619604,127.1503158
송파구,송파안심14,37.49636215,127.1502283
송파구,송파안심14,37.49659629,127.1499424
송파구,송파안심14,37.49657072,127.1499175
송파구,송파안심14,37.49657072,127.1499175
송파구,송파안심14,37.4967903,127.1495977
송파구,송파안심14,37.49684386,127.1496602
송파구,송파안심14,37.49684386,127.1496602
송파구,송파안심14,37.49683531,127.1495392
송파구,송파안심14,37.49696143,127.1494328
송파구,송파안심14,37.49695572,127.1493789
송파구,송파안심14,37.49701172,127.1493059
송파구,송파안심14,37.49701172,127.1493059
송파구,송파안심14,37.49701172,127.1493059
송파구,송파안심14,37.4970934,127.1488633
송파구,송파안심14,37.4970934,127.1488633
송파구,송파안심14,37.49722918,127.1489418
송파구,송파안심14,37.49741887,127.1486815
송파구,송파안심14,37.49741887,127.1486815
송파구,송파안심14,37.49741887,127.1486815
송파구,송파안심14,37.49751159,127.1487082
송파구,송파안심14,37.49767184,127.1483401
송파구,송파안심14,37.4977074,127.1483674
송파구,송파안심14,37.49772494,127.1484244
송파구,송파안심14,37.49772494,127.1484244
송파구,송파안심14,37.49791232,127.1480041
송파구,송파안심14,37.49791632,127.1479791
송파구,송파안심14,37.49791632,127.1479791
송파구,송파안심14,37.49791632,127.1479791
송파구,송파안심14,37.49791632,127.1479791
송파구,송파안심14,37.49794343,127.148074
송파구,송파안심14,37.49815258,127.1477653
송파구,송파안심14,37.49817145,127.1476235
송파구,송파안심14,37.49823317,127.147544
송파구,송파안심14,37.49835655,127.1473644
송파구,송파안심14,37.49853467,127.1472221
송파구,송파안심14,37.49853467,127.1472221
송파구,송파안심14,37.49852868,127.1471714
송파구,송파안심14,37.49864251,127.1470417
송파구,송파안심15,37.49536986,127.1534403
송파구,송파안심15,37.49536986,127.1534403
송파구,송파안심15,37.49543492,127.1533447
송파구,송파안심15,37.49543492,127.1533447
송파구,송파안심15,37.49541005,127.1533452
송파구,송파안심15,37.49541005,127.1533452
송파구,송파안심15,37.49546152,127.1533759
송파구,송파안심15,37.495546,127.1533224
송파구,송파안심15,37.495717,127.1531068
송파구,송파안심15,37.49600528,127.1528211
송파구,송파안심15,37.49600528,127.1528211
송파구,송파안심15,37.49600528,127.1528211
송파구,송파안심15,37.496029,127.1528597
송파구,송파안심15,37.49619858,127.1527315
송파구,송파안심15,37.49625239,127.1526111
송파구,송파안심15,37.49635699,127.1525851
송파구,송파안심15,37.49651367,127.1524375
송파구,송파안심15,37.49656574,127.1523587
송파구,송파안심15,37.49654169,127.1523368
송파구,송파안심15,37.49654169,127.1523368
송파구,송파안심15,37.49671438,127.1521842
송파구,송파안심15,37.49671438,127.1521842
송파구,송파안심15,37.49671438,127.1521842
송파구,송파안심15,37.49671625,127.1521469
송파구,송파안심15,37.49687179,127.1521326
송파구,송파안심15,37.49698786,127.1524424
송파구,송파안심15,37.49698786,127.1524424
송파구,송파안심15,37.49705115,127.1526438
송파구,송파안심15,37.49697624,127.1528307
송파구,송파안심15,37.49698874,127.1529166
송파구,송파안심15,37.49698874,127.1529166
송파구,송파안심15,37.49690851,127.1529834
송파구,송파안심15,37.49690851,127.1529834
송파구,송파안심15,37.49690851,127.1529834
송파구,송파안심15,37.49690851,127.1529834
송파구,송파안심15,37.49707902,127.153301
송파구,송파안심15,37.49719715,127.1536512
송파구,송파안심15,37.49724303,127.1537913
송파구,송파안심15,37.49724303,127.1537913
송파구,송파안심15,37.49723375,127.1538387
송파구,송파안심15,37.49731117,127.1539183
송파구,송파안심15,37.49731903,127.1540294
송파구,송파안심15,37.49718028,127.1540053
송파구,송파안심19,37.53166173,127.120597
송파구,송파안심19,37.53170144,127.1204239
송파구,송파안심19,37.53170144,127.1204239
송파구,송파안심19,37.53164873,127.1203998
송파구,송파안심19,37.53170975,127.1203199
송파구,송파안심19,37.53171975,127.1202199
송파구,송파안심19,37.53171913,127.119868
송파구,송파안심19,37.53174887,127.1198423
송파구,송파안심19,37.53174887,127.1198423
송파구,송파안심19,37.53175046,127.11979
송파구,송파안심19,37.53175046,127.11979
송파구,송파안심19,37.53168071,127.1198363
송파구,송파안심19,37.5317663,127.1194807
송파구,송파안심19,37.53181266,127.119097
송파구,송파안심19,37.53188435,127.1190698
송파구,송파안심19,37.53190535,127.1190598
송파구,송파안심19,37.53190535,127.1190598
송파구,송파안심19,37.53194663,127.1191071
송파구,송파안심19,37.53224028,127.1192358
송파구,송파안심19,37.53225398,127.1192791
송파구,송파안심19,37.53225398,127.1192791
송파구,송파안심19,37.53241811,127.119361
송파구,송파안심19,37.53271098,127.1195021
송파구,송파안심19,37.53288971,127.1195557
송파구,송파안심19,37.5329297,127.1196035
송파구,송파안심19,37.5329297,127.1196035
송파구,송파안심19,37.5329297,127.1196035
송파구,송파안심19,37.53313,127.119706
송파구,송파안심19,37.5334325,127.1198933
송파구,송파안심19,37.53347759,127.1197604
송파구,송파안심19,37.53347759,127.1197604
송파구,송파안심19,37.53369367,127.1199901
송파구,송파안심19,37.53379667,127.1200321
송파구,송파안심19,37.5339064,127.1200794
송파구,송파안심19,37.53418638,127.1202171
송파구,송파안심19,37.53418638,127.1202171
송파구,송파안심19,37.53424157,127.1201996
송파구,송파안심19,37.53435173,127.1202181
송파구,송파안심19,37.53448939,127.1204019
송파구,송파안심19,37.53463181,127.1204807
송파구,송파안심19,37.53479291,127.1204394
송파구,송파안심19,37.53504844,127.120532
송파구,송파안심19,37.53504844,127.120532
송파구,송파안심19,37.53504844,127.120532
송파구,송파안심19,37.53510944,127.120534
송파구,송파안심19,37.53510944,127.120534
송파구,송파안심19,37.53510944,127.120534
송파구,송파안심19,37.53514748,127.1207218
송파구,송파안심19,37.53514748,127.1207218
송파구,송파안심22,37.50855001,127.1270183
송파구,송파안심22,37.50868001,127.1271053
송파구,송파안심22,37.50868001,127.1271053
송파구,송파안심22,37.50870158,127.127059
송파구,송파안심22,37.50891782,127.1272371
송파구,송파안심22,37.50915585,127.127344
송파구,송파안심22,37.50915658,127.1273901
송파구,송파안심22,37.50915658,127.1273901
송파구,송파안심22,37.50955773,127.1275388
송파구,송파안심22,37.50962862,127.1275861
송파구,송파안심22,37.50962862,127.1275861
송파구,송파안심22,37.50962862,127.1275861
송파구,송파안심22,37.50985889,127.1277894
송파구,송파안심22,37.50981929,127.1277953
송파구,송파안심22,37.50981929,127.1277953
송파구,송파안심22,37.51010988,127.1279914
송파구,송파안심22,37.51044615,127.1282048
송파구,송파안심22,37.51044615,127.1282048
송파구,송파안심22,37.51047727,127.1281844
송파구,송파안심22,37.51084302,127.1283732
송파구,송파안심22,37.5111443,127.1285675
송파구,송파안심22,37.51117,127.1286161
송파구,송파안심22,37.51117099,127.1286496
송파구,송파안심22,37.51117099,127.1286496
송파구,송파안심23,37.50068044,127.1374353
송파구,송파안심23,37.50068044,127.1374353
송파구,송파안심23,37.50061102,127.137554
송파구,송파안심23,37.50048502,127.1376593
송파구,송파안심23,37.50043358,127.1376713
송파구,송파안심23,37.50043358,127.1376713
송파구,송파안심23,37.50022886,127.1379961
송파구,송파안심23,37.50017264,127.1382335
송파구,송파안심23,37.50003343,127.1383908
송파구,송파안심23,37.49999043,127.1383715
송파구,송파안심23,37.49999043,127.1383715
송파구,송파안심23,37.49969371,127.1388483
송파구,송파안심23,37.49969371,127.1388483
송파구,송파안심23,37.49969371,127.1388483
송파구,송파안심23,37.49968671,127.1388713
송파구,송파안심23,37.49959855,127.1391931
송파구,송파안심23,37.49955884,127.1391329
송파구,송파안심23,37.49951123,127.1391297
송파구,송파안심23,37.49951123,127.1391297
송파구,송파안심23,37.49941643,127.1394378
송파구,송파안심23,37.49931614,127.1394675
송파구,송파안심23,37.49921413,127.1396233
송파구,송파안심23,37.499096,127.139939
송파구,송파안심23,37.49907416,127.1399197
송파구,송파안심23,37.499036,127.139892
송파구,송파안심23,37.499036,127.139892
송파구,송파안심23,37.49899643,127.1398779
송파구,송파안심23,37.49899643,127.1398779
송파구,송파안심23,37.49884101,127.1402158
송파구,송파안심23,37.49868287,127.1404734
송파구,송파안심23,37.49861788,127.1406582
송파구,송파안심23,37.49858301,127.1406328
송파구,송파안심23,37.49858301,127.1406328
송파구,송파안심23,37.49844374,127.1408445
송파구,송파안심23,37.49844374,127.1408445
송파구,송파안심23,37.49843274,127.1408735
송파구,송파안심23,37.49843274,127.1408735
송파구,송파안심23,37.49843274,127.1408735
양천구,양천안심01,37.5253165,126.8576014
양천구,양천안심01,37.5254973,126.8576326
양천구,양천안심01,37.5255316,126.857601
양천구,양천안심01,37.5255934,126.8575807
양천구,양천안심01,37.5257878,126.8575143
양천구,양천안심01,37.5257878,126.8575143
양천구,양천안심01,37.5257878,126.8575143
양천구,양천안심01,37.5258908,126.8575256
양천구,양천안심01,37.5259915,126.8575455
양천구,양천안심01,37.5261746,126.8575193
양천구,양천안심01,37.5261746,126.8575193
양천구,양천안심01,37.5261746,126.8575193
양천구,양천안심01,37.5261746,126.8575193
양천구,양천안심01,37.526202,126.8574761
양천구,양천안심01,37.5262202,126.8574244
양천구,양천안심01,37.5262132,126.8572606
양천구,양천안심01,37.5262132,126.8572606
양천구,양천안심01,37.5261625,126.8570164
양천구,양천안심01,37.5261371,126.8567809
양천구,양천안심01,37.5261371,126.8567809
양천구,양천안심01,37.5259882,126.8567036
양천구,양천안심01,37.5261667,126.8567147
양천구,양천안심01,37.5261667,126.8567147
양천구,양천안심01,37.5260612,126.8565052
양천구,양천안심01,37.5260749,126.8564678
양천구,양천안심01,37.5260771,126.8563615
양천구,양천안심01,37.5260266,126.8562638
양천구,양천안심01,37.5260632,126.856235
양천구,양천안심01,37.5260632,126.856235
양천구,양천안심01,37.5259602,126.8562338
양천구,양천안심01,37.5259825,126.8557999
양천구,양천안심01,37.5259893,126.8557452
양천구,양천안심01,37.5259893,126.8557452
양천구,양천안심01,37.5259297,126.8556649
양천구,양천안심01,37.5259297,126.8556649
양천구,양천안심01,37.5259297,126.8556649
양천구,양천안심01,37.525884,126.8557081
양천구,양천안심01,37.5259411,126.8556017
양천구,양천안심01,37.5259476,126.8553517
양천구,양천안심01,37.5258513,126.8551363
양천구,양천안심01,37.5258763,126.8550645
양천구,양천안심01,37.5258602,126.8549294
양천구,양천안심01,37.5259033,126.8546707
양천구,양천안심01,37.5258186,126.8546594
양천구,양천안심01,37.5258186,126.8546594
양천구,양천안심01,37.5257771,126.8543635
양천구,양천안심01,37.5257676,126.8540992
양천구,양천안심01,37.5257516,126.8541366
양천구,양천안심01,37.5257516,126.8541366
양천구,양천안심01,37.5257516,126.8541366
양천구,양천안심01,37.5257516,126.8541366
양천구,양천안심01,37.52585,126.854099
양천구,양천안심01,37.5257285,126.8539326
양천구,양천안심01,37.5256666,126.8538207
양천구,양천안심01,37.5256823,126.8536224
양천구,양천안심01,37.5256823,126.8536224
양천구,양천안심01,37.5257257,126.8534987
양천구,양천안심01,37.5257257,126.8534987
양천구,양천안심01,37.5256775,126.8534011
양천구,양천안심01,37.5256636,126.8533063
양천구,양천안심01,37.5256589,126.8532057
양천구,양천안심01,37.5256589,126.8532057
양천구,양천안심01,37.5256589,126.8532057
양천구,양천안심01,37.5257641,126.8531567
양천구,양천안심01,37.5257641,126.8531567
양천구,양천안심02,37.5238319,126.848961
양천구,양천안심02,37.5238319,126.848961
양천구,양천안심02,37.5239257,126.8489637
양천구,양천안심02,37.5239806,126.8489119
양천구,양천안심02,37.524214,126.848897
양천구,양천안심02,37.524214,126.848897
양천구,양천안심02,37.5242505,126.8488136
양천구,양천안심02,37.5242505,126.8488136
양천구,양천안심02,37.5244633,126.8487672
양천구,양천안심02,37.5245113,126.8487183
양천구,양천안심02,37.5246783,126.8486547
양천구,양천안심02,37.5246942,126.8485857
양천구,양천안심02,37.5246344,126.8483387
양천구,양천안심02,37.5245863,126.8483044
양천구,양천안심02,37.5245863,126.8483044
양천구,양천안심02,37.5245541,126.8482182
양천구,양천안심02,37.5245472,126.8481809
양천구,양천안심02,37.5245906,126.8481003
양천구,양천안심02,37.5246135,126.8481204
양천구,양천안심02,37.5245906,126.8481003
양천구,양천안심02,37.5244735,126.8478161
양천구,양천안심02,37.5244527,126.8476696
양천구,양천안심02,37.5244481,126.8476323
양천구,양천안심02,37.5244663,126.847569
양천구,양천안심02,37.5247615,126.8475253
양천구,양천안심02,37.5247615,126.8475253
양천구,양천안심02,37.5249812,126.8475047
양천구,양천안심02,37.5250406,126.8474874
양천구,양천안심02,37.5250704,126.847473
양천구,양천안심02,37.5252305,126.8473922
양천구,양천안심02,37.5252305,126.8473922
양천구,양천안심02,37.5253952,126.8473545
양천구,양천안심02,37.5254478,126.8473601
양천구,양천안심02,37.5255393,126.8473197
양천구,양천안심02,37.5255393,126.8473197
양천구,양천안심02,37.5255781,126.8472047
양천구,양천안심02,37.5255965,126.8472535
양천구,양천안심02,37.5256194,126.8472736
양천구,양천안심02,37.5256194,126.8472736
양천구,양천안심02,37.5255965,126.8472535
양천구,양천안심02,37.52564,126.8473281
양천구,양천안심02,37.5258939,126.8472414
양천구,양천안심02,37.5259786,126.8471953
양천구,양천안심02,37.5259786,126.8471953
양천구,양천안심02,37.5263949,126.8470881
양천구,양천안심02,37.5264682,126.8470879
양천구,양천안심02,37.5264772,126.8469988
양천구,양천안심02,37.5264772,126.8469988
양천구,양천안심02,37.5264242,126.8466742
양천구,양천안심02,37.5263873,126.8464617
양천구,양천안심02,37.5263641,126.8462175
양천구,양천안심02,37.5265349,126.847355
양천구,양천안심02,37.526542,126.8475332
양천구,양천안심02,37.526581,126.8476222
양천구,양천안심02,37.5265239,126.8476884
양천구,양천안심02,37.5265239,126.8476884
양천구,양천안심02,37.5265239,126.8476884
양천구,양천안심02,37.5265239,126.8476884
양천구,양천안심03,37.5319016,126.8306163
양천구,양천안심03,37.5315536,126.8305223
양천구,양천안심03,37.5315949,126.8306113
양천구,양천안심03,37.5314508,126.8306547
양천구,양천안심03,37.5314508,126.8306547
양천구,양천안심03,37.5312883,126.8306579
양천구,양천안심03,37.5311694,126.8307329
양천구,양천안심03,37.5311694,126.8307329
양천구,양천안심03,37.5309178,126.8307996
양천구,양천안심03,37.5308903,126.8308111
양천구,양천안심03,37.5309178,126.8307996
양천구,양천안심03,37.5308903,126.8308111
양천구,양천안심03,37.530769,126.8308143
양천구,양천안심03,37.5307302,126.8308575
양천구,양천안심03,37.5308417,126.8304492
양천구,양천안심03,37.5308417,126.8304492
양천구,양천안심03,37.53086,126.8304233
양천구,양천안심03,37.53083,126.8302308
양천구,양천안심03,37.5308798,126.8298801
양천구,양천안심03,37.530802,126.8298745
양천구,양천안심03,37.5307997,126.8298372
양천구,양천안심03,37.530802,126.8298745
양천구,양천안심03,37.5308085,126.8295871
양천구,양천안심03,37.5307854,126.8294751
양천구,양천안심03,37.5307648,126.8294493
양천구,양천안심03,37.5307648,126.8294493
양천구,양천안심03,37.5307874,126.829228
양천구,양천안심03,37.5307368,126.8290528
양천구,양천안심03,37.5307318,126.8287971
양천구,양천안심03,37.5307592,126.8287596
양천구,양천안심03,37.5307592,126.8287596
양천구,양천안심03,37.5307681,126.8285441
양천구,양천안심03,37.5307151,126.8282942
양천구,양천안심03,37.5306804,126.8280414
양천구,양천안심03,37.5306963,126.8280098
양천구,양천안심03,37.5307169,126.8279867
양천구,양천안심03,37.5306963,126.8280098
양천구,양천안심03,37.5307169,126.8279867
양천구,양천안심03,37.5306597,126.8280012
양천구,양천안심04,37.5375292,126.827494
양천구,양천안심04,37.5375338,126.8275515
양천구,양천안심04,37.5375338,126.8275515
양천구,양천안심04,37.537667,126.8278874
양천구,양천안심04,37.5377723,126.8278814
양천구,양천안심04,37.5377997,126.8278641
양천구,양천안심04,37.5376466,126.8279651
양천구,양천안심04,37.5377086,126.828123
양천구,양천안심04,37.5377887,126.8281314
양천구,양천안심04,37.5377887,126.8281314
양천구,양천안심04,37.5378461,126.8282319
양천구,양천안심04,37.5378691,126.8283123
양천구,양천안심04,37.5379655,126.8285219
양천구,양천안심04,37.5379633,126.8285707
양천구,양천안심04,37.5379633,126.8285707
양천구,양천안심04,37.5379633,126.8285707
양천구,양천안심04,37.5379565,126.8286167
양천구,양천안심04,37.5380715,126.8290418
양천구,양천안심04,37.5380715,126.8290418
양천구,양천안심04,37.538253,126.82953
양천구,양천안심04,37.5381409,126.8295647
양천구,양천안심04,37.5381776,126.8296106
양천구,양천안심04,37.5382467,126.8299208
양천구,양천안심04,37.5382401,126.8300732
양천구,양천안심04,37.5382769,126.8302197
양천구,양천안심04,37.5382952,126.8302455
양천구,양천안심04,37.5382404,126.8303404
양천구,양천안심04,37.5382634,126.8303663
양천구,양천안심04,37.538337,126.8306449
양천구,양천안심04,37.5383325,126.830711
양천구,양천안심04,37.5383325,126.830711
양천구,양천안심04,37.5383556,126.8308632
양천구,양천안심04,37.5384635,126.8310527
양천구,양천안심04,37.538404,126.8310902
양천구,양천안심04,37.5383859,126.8312023
양천구,양천안심04,37.5383835,126.8311592
양천구,양천안심04,37.538393,126.831369
양천구,양천안심04,37.5383977,126.8315069
양천구,양천안심04,37.53840248,126.8315989
양천구,양천안심04,37.53836828,126.831688
양천구,양천안심04,37.53836828,126.831688
양천구,양천안심04,37.53833626,126.8316996
영등포구,영등포안심02,37.525582,126.903817
영등포구,영등포안심02,37.525582,126.903817
영등포구,영등포안심02,37.525582,126.903817
영등포구,영등포안심02,37.525567,126.903837
영등포구,영등포안심02,37.525294,126.903733
영등포구,영등포안심02,37.525295,126.903699
영등포구,영등포안심02,37.525295,126.903699
영등포구,영등포안심02,37.525016,126.903597
영등포구,영등포안심02,37.524905,126.903541
영등포구,영등포안심02,37.524589,126.903411
영등포구,영등포안심02,37.524589,126.903411
영등포구,영등포안심02,37.52449,126.903429
영등포구,영등포안심02,37.52448,126.903374
영등포구,영등포안심02,37.524372,126.903389
영등포구,영등포안심02,37.524325,126.903431
영등포구,영등포안심02,37.524325,126.903431
영등포구,영등포안심02,37.52429,126.903398
영등포구,영등포안심02,37.524225,126.903323
영등포구,영등포안심02,37.524006,126.903272
영등포구,영등포안심02,37.524006,126.903272
영등포구,영등포안심02,37.524006,126.903272
영등포구,영등포안심02,37.523883,126.903231
영등포구,영등포안심02,37.523874,126.903264
영등포구,영등포안심02,37.523725,126.903179
영등포구,영등포안심02,37.52357,126.903129
영등포구,영등포안심02,37.523463,126.903108
영등포구,영등포안심02,37.523084,126.903074
영등포구,영등포안심02,37.523046,126.903175
영등포구,영등포안심02,37.523055,126.903023
영등포구,영등포안심02,37.523055,126.903023
영등포구,영등포안심02,37.523055,126.903023
영등포구,영등포안심02,37.523055,126.903023
영등포구,영등포안심02,37.523011,126.903058
영등포구,영등포안심09,37.506067,126.898725
영등포구,영등포안심09,37.506091,126.898735
영등포구,영등포안심09,37.506091,126.898735
영등포구,영등포안심09,37.506125,126.898699
영등포구,영등포안심09,37.506446,126.898307
영등포구,영등포안심09,37.506468,126.898319
영등포구,영등포안심09,37.506468,126.898319
영등포구,영등포안심09,37.506473,126.898313
영등포구,영등포안심09,37.506755,126.898019
영등포구,영등포안심09,37.506757,126.898026
영등포구,영등포안심09,37.506822,126.897941
영등포구,영등포안심09,37.507045,126.897677
영등포구,영등포안심09,37.507045,126.897677
영등포구,영등포안심09,37.507051,126.89763
영등포구,영등포안심09,37.507148,126.897585
영등포구,영등포안심09,37.507487,126.897222
영등포구,영등포안심09,37.507737,126.896938
영등포구,영등포안심09,37.507792,126.896859
영등포구,영등포안심09,37.507816,126.896878
영등포구,영등포안심09,37.507822,126.896819
영등포구,영등포안심09,37.507822,126.896819
영등포구,영등포안심09,37.508059,126.896726
영등포구,영등포안심09,37.508227,126.896597
영등포구,영등포안심09,37.508393,126.896486
영등포구,영등포안심09,37.508507,126.896389
영등포구,영등포안심09,37.508507,126.896389
영등포구,영등포안심09,37.508509,126.896349
영등포구,영등포안심11,37.501487,126.918638
영등포구,영등포안심11,37.500167,126.918507
영등포구,영등포안심11,37.500167,126.918507
영등포구,영등포안심11,37.500167,126.918507
영등포구,영등포안심11,37.500167,126.918507
영등포구,영등포안심11,37.500289,126.918559
영등포구,영등포안심11,37.500491,126.918515
영등포구,영등포안심11,37.500491,126.918515
영등포구,영등포안심11,37.500668,126.918617
영등포구,영등포안심11,37.500818,126.91851
영등포구,영등포안심11,37.500818,126.91851
영등포구,영등포안심11,37.500818,126.91851
영등포구,영등포안심11,37.500818,126.91851
영등포구,영등포안심11,37.500881,126.918605
영등포구,영등포안심11,37.500857,126.918578
영등포구,영등포안심11,37.50089,126.918577
영등포구,영등포안심11,37.500902,126.918615
영등포구,영등포안심11,37.501075,126.918629
영등포구,영등포안심11,37.501212,126.918625
영등포구,영등포안심11,37.501301,126.918569
영등포구,영등포안심11,37.501301,126.918569
영등포구,영등포안심11,37.501385,126.918583
영등포구,영등포안심11,37.501547,126.918624
영등포구,영등포안심13,37.515595,126.91586
영등포구,영등포안심13,37.515631,126.915889
영등포구,영등포안심13,37.515647,126.91587
영등포구,영등포안심13,37.515647,126.91587
영등포구,영등포안심13,37.515962,126.916143
영등포구,영등포안심13,37.516115,126.91632
영등포구,영등포안심13,37.516224,126.916347
영등포구,영등포안심13,37.516242,126.916326
영등포구,영등포안심13,37.516242,126.916326
영등포구,영등포안심13,37.516242,126.916326
영등포구,영등포안심13,37.516242,126.916326
영등포구,영등포안심13,37.516242,126.916326
영등포구,영등포안심13,37.516393,126.916151
영등포구,영등포안심13,37.5166,126.916056
영등포구,영등포안심13,37.5166,126.916056
영등포구,영등포안심13,37.5166,126.916056
영등포구,영등포안심13,37.516632,126.916058
영등포구,영등포안심13,37.516886,126.916066
영등포구,영등포안심13,37.51683,126.916537
영등포구,영등포안심13,37.516831,126.916568
영등포구,영등포안심13,37.516831,126.916568
영등포구,영등포안심13,37.516818,126.916582
영등포구,영등포안심13,37.516818,126.916582
영등포구,영등포안심13,37.516792,126.916568
영등포구,영등포안심13,37.516831,126.916568
영등포구,영등포안심13,37.516892,126.915703
영등포구,영등포안심13,37.516961,126.91556
영등포구,영등포안심13,37.516961,126.91556
영등포구,영등포안심13,37.516961,126.91556
영등포구,영등포안심13,37.516908,126.915442
영등포구,영등포안심13,37.51688,126.915235
영등포구,영등포안심13,37.516914,126.915033
영등포구,영등포안심13,37.516858,126.914877
영등포구,영등포안심13,37.516897,126.91482
영등포구,영등포안심13,37.516897,126.91482
영등포구,영등포안심13,37.516897,126.91482
영등포구,영등포안심13,37.516891,126.914483
영등포구,영등포안심13,37.516616,126.91447
영등포구,영등포안심13,37.516616,126.91447
영등포구,영등포안심13,37.516863,126.914243
영등포구,영등포안심13,37.516863,126.914243
영등포구,영등포안심13,37.516863,126.914243
영등포구,영등포안심14,37.51268,126.923495
영등포구,영등포안심14,37.512651,126.923513
영등포구,영등포안심14,37.512651,126.923513
영등포구,영등포안심14,37.512651,126.923513
영등포구,영등포안심14,37.512416,126.923419
영등포구,영등포안심14,37.512381,126.923397
영등포구,영등포안심14,37.512381,126.923397
영등포구,영등포안심14,37.512381,126.923397
영등포구,영등포안심14,37.512322,126.923348
영등포구,영등포안심14,37.512307,126.923366
영등포구,영등포안심14,37.512307,126.923366
영등포구,영등포안심14,37.512307,126.923366
영등포구,영등포안심14,37.512048,126.923261
영등포구,영등포안심14,37.511752,126.923136
영등포구,영등포안심14,37.511649,126.923093
영등포구,영등포안심14,37.511649,126.923093
영등포구,영등포안심14,37.511649,126.923093
영등포구,영등포안심14,37.511482,126.923002
영등포구,영등포안심14,37.511463,126.923019
영등포구,영등포안심14,37.511463,126.923019
영등포구,영등포안심14,37.511463,126.923019
영등포구,영등포안심14,37.511231,126.922932
영등포구,영등포안심14,37.511199,126.922865
영등포구,영등포안심14,37.511199,126.922865
영등포구,영등포안심14,37.511082,126.922861
영등포구,영등포안심14,37.510826,126.922748
영등포구,영등포안심14,37.510478,126.922591
영등포구,영등포안심14,37.510455,126.922612
영등포구,영등포안심14,37.510455,126.922612
영등포구,영등포안심14,37.510455,126.922612
영등포구,영등포안심14,37.510087,126.92246
영등포구,영등포안심14,37.510067,126.922369
영등포구,영등포안심14,37.510067,126.922369
영등포구,영등포안심14,37.510067,126.922369
영등포구,영등포안심14,37.510053,126.92243
영등포구,영등포안심14,37.509933,126.92211
영등포구,영등포안심14,37.509933,126.92211
영등포구,영등포안심14,37.509933,126.92211
영등포구,영등포안심14,37.509901,126.922113
영등포구,영등포안심14,37.509901,126.922113
영등포구,영등포안심14,37.509873,126.922111
영등포구,영등포안심14,37.509629,126.922127
영등포구,영등포안심14,37.509372,126.922108
영등포구,영등포안심14,37.509372,126.922108
영등포구,영등포안심14,37.509372,126.922108
영등포구,영등포안심14,37.50937,126.922097
영등포구,영등포안심14,37.508874,126.922073
영등포구,영등포안심14,37.508874,126.922073
영등포구,영등포안심15,37.511756,126.915814
영등포구,영등포안심15,37.511756,126.915814
영등포구,영등포안심15,37.511756,126.915814
영등포구,영등포안심15,37.511756,126.915833
영등포구,영등포안심15,37.511285,126.915972
영등포구,영등포안심15,37.511285,126.915972
영등포구,영등포안심15,37.511285,126.915972
영등포구,영등포안심15,37.510907,126.916073
영등포구,영등포안심15,37.510907,126.916073
영등포구,영등포안심15,37.510907,126.916073
영등포구,영등포안심15,37.510857,126.916099
영등포구,영등포안심15,37.510823,126.916117
영등포구,영등포안심15,37.510497,126.916017
영등포구,영등포안심15,37.510442,126.916153
영등포구,영등포안심15,37.510365,126.91595
영등포구,영등포안심15,37.510213,126.915967
영등포구,영등포안심15,37.510213,126.915967
영등포구,영등포안심15,37.510213,126.915967
영등포구,영등포안심15,37.510195,126.915916
영등포구,영등포안심15,37.510195,126.915916
영등포구,영등포안심15,37.510195,126.915937
영등포구,영등포안심15,37.509853,126.915849
영등포구,영등포안심15,37.509438,126.915857
영등포구,영등포안심15,37.509426,126.915799
영등포구,영등포안심15,37.509426,126.915799
영등포구,영등포안심15,37.509426,126.915799
영등포구,영등포안심15,37.509422,126.915823
영등포구,영등포안심15,37.509297,126.915909
영등포구,영등포안심15,37.509054,126.915892
영등포구,영등포안심15,37.508975,126.915798
영등포구,영등포안심15,37.508975,126.915798
영등포구,영등포안심15,37.508936,126.91578
영등포구,영등포안심15,37.509003,126.91544
영등포구,영등포안심15,37.509035,126.915172
영등포구,영등포안심15,37.509035,126.915172
영등포구,영등포안심15,37.509035,126.915172
영등포구,영등포안심15,37.509015,126.915168
영등포구,영등포안심15,37.50902,126.915123
영등포구,영등포안심15,37.509074,126.914777
영등포구,영등포안심15,37.509035,126.914488
영등포구,영등포안심15,37.509035,126.914488
영등포구,영등포안심15,37.509035,126.914488
영등포구,영등포안심15,37.509,126.914283
영등포구,영등포안심15,37.508934,126.913981
영등포구,영등포안심15,37.508952,126.91395
영등포구,영등포안심15,37.508952,126.91395
영등포구,영등포안심15,37.508952,126.91395
영등포구,영등포안심15,37.508885,126.913804
영등포구,영등포안심15,37.508887,126.913508
영등포구,영등포안심15,37.508829,126.913439
영등포구,영등포안심15,37.508829,126.913439
영등포구,영등포안심15,37.508829,126.913439
영등포구,영등포안심16,37.524668,126.883469
영등포구,영등포안심16,37.524646,126.883491
영등포구,영등포안심16,37.524612,126.883732
영등포구,영등포안심16,37.524617,126.88382
영등포구,영등포안심16,37.524639,126.883861
영등포구,영등포안심16,37.524639,126.883861
영등포구,영등포안심16,37.524592,126.883849
영등포구,영등포안심16,37.524592,126.883849
영등포구,영등포안심16,37.524592,126.883849
영등포구,영등포안심16,37.524564,126.884093
영등포구,영등포안심16,37.524589,126.88418
영등포구,영등포안심16,37.524589,126.88418
영등포구,영등포안심16,37.524589,126.88418
영등포구,영등포안심16,37.524505,126.884415
영등포구,영등포안심16,37.524496,126.884661
영등포구,영등포안심16,37.52446,126.884793
영등포구,영등포안심16,37.524459,126.885115
영등포구,영등포안심16,37.52441,126.88511
영등포구,영등포안심16,37.52441,126.88511
영등포구,영등포안심16,37.524345,126.885501
영등포구,영등포안심16,37.524345,126.885501
영등포구,영등포안심16,37.524345,126.885501
영등포구,영등포안심16,37.524345,126.885501
영등포구,영등포안심16,37.524359,126.885563
영등포구,영등포안심16,37.524526,126.884717
영등포구,영등포안심16,37.524526,126.884717
영등포구,영등포안심16,37.524526,126.884717
영등포구,영등포안심16,37.524543,126.884684
영등포구,영등포안심16,37.524715,126.884762
영등포구,영등포안심16,37.525168,126.884861
영등포구,영등포안심16,37.525168,126.884861
영등포구,영등포안심16,37.525168,126.884861
영등포구,영등포안심16,37.525259,126.884851
영등포구,영등포안심16,37.525346,126.884827
영등포구,영등포안심16,37.525474,126.88494
영등포구,영등포안심16,37.525701,126.884984
영등포구,영등포안심16,37.525701,126.884984
영등포구,영등포안심16,37.525701,126.884984
영등포구,영등포안심16,37.525758,126.884987
영등포구,영등포안심16,37.525788,126.884982
영등포구,영등포안심18,37.523521,126.898336
영등포구,영등포안심18,37.523493,126.898386
영등포구,영등포안심18,37.523493,126.898386
영등포구,영등포안심18,37.523493,126.898386
영등포구,영등포안심18,37.523297,126.898243
영등포구,영등포안심18,37.523266,126.898266
영등포구,영등포안심18,37.523238,126.898296
영등포구,영등포안심18,37.523066,126.898247
영등포구,영등포안심18,37.523,126.898325
영등포구,영등포안심18,37.522809,126.898354
영등포구,영등포안심18,37.522809,126.898354
영등포구,영등포안심18,37.522809,126.898354
영등포구,영등포안심18,37.522801,126.898317
영등포구,영등포안심18,37.52246,126.898262
영등포구,영등포안심18,37.522426,126.898282
영등포구,영등포안심18,37.522426,126.898282
영등포구,영등포안심18,37.522439,126.898219
영등포구,영등포안심18,37.522439,126.898219
영등포구,영등포안심18,37.522323,126.898176
영등포구,영등포안심18,37.522323,126.898176
영등포구,영등포안심18,37.522323,126.898176
영등포구,영등포안심18,37.522301,126.89819
영등포구,영등포안심18,37.522111,126.89806
영등포구,영등포안심18,37.522111,126.89806
영등포구,영등포안심18,37.521921,126.897949
영등포구,영등포안심18,37.521691,126.897874
영등포구,영등포안심18,37.52168,126.897899
영등포구,영등포안심18,37.521682,126.897844
영등포구,영등포안심18,37.521682,126.897844
영등포구,영등포안심18,37.521682,126.897844
영등포구,영등포안심18,37.521666,126.89786
영등포구,영등포안심18,37.521519,126.897622
영등포구,영등포안심18,37.521181,126.897384
영등포구,영등포안심18,37.521181,126.897384
영등포구,영등포안심19,37.533558,126.904705
영등포구,영등포안심19,37.53506,126.903089
영등포구,영등포안심19,37.53506,126.903089
영등포구,영등포안심19,37.534937,126.903228
영등포구,영등포안심19,37.534945,126.903278
영등포구,영등포안심19,37.534945,126.903278
영등포구,영등포안심19,37.534945,126.903278
영등포구,영등포안심19,37.53479,126.903579
영등포구,영등포안심19,37.53479,126.903579
영등포구,영등포안심19,37.534729,126.90358
영등포구,영등포안심19,37.534569,126.903881
영등포구,영등포안심19,37.534547,126.903945
영등포구,영등포안심19,37.534547,126.903945
영등포구,영등포안심19,37.534547,126.903945
영등포구,영등포안심19,37.534491,126.903985
영등포구,영등포안심19,37.534196,126.904295
영등포구,영등포안심19,37.534196,126.904295
영등포구,영등포안심19,37.534089,126.904362
영등포구,영등포안심19,37.534067,126.904433
영등포구,영등포안심19,37.534067,126.904433
영등포구,영등포안심19,37.534067,126.904433
영등포구,영등포안심19,37.534067,126.904433
영등포구,영등포안심19,37.533814,126.904635
영등포구,영등포안심19,37.533519,126.904672
영등포구,영등포안심19,37.533519,126.904672
영등포구,영등포안심19,37.533519,126.904672
영등포구,영등포안심19,37.53334,126.904834
영등포구,영등포안심19,37.533178,126.904948
영등포구,영등포안심19,37.533148,126.904997
영등포구,영등포안심19,37.532973,126.904949
영등포구,영등포안심19,37.532846,126.905042
영등포구,영등포안심19,37.532846,126.905042
영등포구,영등포안심19,37.532846,126.905042
영등포구,영등포안심19,37.532787,126.905019
영등포구,영등포안심19,37.532719,126.905067
영등포구,영등포안심19,37.532719,126.905067
영등포구,영등포안심19,37.532719,126.905067
영등포구,영등포안심20,37.538563,126.894631
영등포구,영등포안심20,37.538584,126.894667
영등포구,영등포안심20,37.538584,126.894667
영등포구,영등포안심20,37.538584,126.894667
영등포구,영등포안심20,37.538449,126.894994
영등포구,영등포안심20,37.538417,126.895076
영등포구,영등포안심20,37.538379,126.895177
영등포구,영등포안심20,37.538379,126.895177
영등포구,영등포안심20,37.538379,126.895177
영등포구,영등포안심20,37.538342,126.895164
영등포구,영등포안심20,37.538285,126.895485
영등포구,영등포안심20,37.53819,126.895586
영등포구,영등포안심20,37.537967,126.895766
영등포구,영등포안심20,37.537967,126.895766
영등포구,영등포안심20,37.537967,126.895766
영등포구,영등포안심20,37.537984,126.895839
영등포구,영등포안심20,37.53785,126.896084
영등포구,영등포안심20,37.537831,126.896055
영등포구,영등포안심20,37.537831,126.896055
영등포구,영등포안심20,37.537807,126.89626
영등포구,영등포안심20,37.537762,126.89628
영등포구,영등포안심20,37.537734,126.896276
영등포구,영등포안심20,37.537734,126.896276
영등포구,영등포안심20,37.537734,126.896276
영등포구,영등포안심20,37.537643,126.896594
영등포구,영등포안심20,37.537575,126.896624
영등포구,영등포안심20,37.537355,126.897012
영등포구,영등포안심20,37.537359,126.897067
영등포구,영등포안심20,37.537359,126.897067
영등포구,영등포안심20,37.537328,126.897071
영등포구,영등포안심20,37.537328,126.897071
영등포구,영등포안심20,37.537328,126.897071
영등포구,영등포안심20,37.537328,126.897071
영등포구,영등포안심20,37.537271,126.897179
영등포구,영등포안심20,37.537142,126.897442
영등포구,영등포안심20,37.537102,126.897575
영등포구,영등포안심20,37.537068,126.897607
영등포구,영등포안심20,37.537068,126.897607
영등포구,영등포안심20,37.537068,126.897607
영등포구,영등포안심20,37.536946,126.897829
영등포구,영등포안심21,37.529151,126.898698
영등포구,영등포안심21,37.529151,126.898698
영등포구,영등포안심21,37.529151,126.898698
영등포구,영등포안심21,37.5291,126.898733
영등포구,영등포안심21,37.529015,126.898954
영등포구,영등포안심21,37.528917,126.899472
영등포구,영등포안심21,37.529159,126.899684
영등포구,영등포안심21,37.529432,126.89983
영등포구,영등포안심21,37.529454,126.899907
영등포구,영등포안심21,37.529454,126.899907
영등포구,영등포안심21,37.529454,126.899907
영등포구,영등포안심21,37.529553,126.899937
영등포구,영등포안심21,37.529553,126.899937
영등포구,영등포안심21,37.528775,126.899375
영등포구,영등포안심21,37.528748,126.89951
영등포구,영등포안심21,37.528639,126.899666
영등포구,영등포안심21,37.528607,126.899673
영등포구,영등포안심21,37.528643,126.899714
영등포구,영등포안심21,37.528531,126.899975
영등포구,영등포안심21,37.528381,126.900195
영등포구,영등포안심21,37.52836,126.900169
영등포구,영등포안심21,37.52836,126.900169
영등포구,영등포안심21,37.52836,126.900169
영등포구,영등포안심21,37.528743,126.89933
영등포구,영등포안심21,37.528743,126.89933
영등포구,영등포안심21,37.528743,126.89933
영등포구,영등포안심21,37.528523,126.899134
영등포구,영등포안심21,37.528504,126.899082
영등포구,영등포안심21,37.528498,126.899025
영등포구,영등포안심21,37.528498,126.899025
영등포구,영등포안심21,37.528498,126.899025
영등포구,영등포안심21,37.528466,126.899049
영등포구,영등포안심21,37.528326,126.898992
영등포구,영등포안심22,37.492955,126.897061
영등포구,영등포안심22,37.492955,126.897061
영등포구,영등포안심22,37.492955,126.897061
영등포구,영등포안심22,37.492925,126.897123
영등포구,영등포안심22,37.492718,126.897276
영등포구,영등포안심22,37.49255,126.89739
영등포구,영등포안심22,37.492451,126.897445
영등포구,영등포안심22,37.492437,126.897433
영등포구,영등포안심22,37.492059,126.897629
영등포구,영등포안심22,37.49182,126.897789
영등포구,영등포안심22,37.491563,126.897868
영등포구,영등포안심22,37.491563,126.897868
영등포구,영등포안심22,37.491563,126.897868
영등포구,영등포안심22,37.491563,126.897868
영등포구,영등포안심22,37.49153,126.897856
영등포구,영등포안심22,37.491459,126.897902
영등포구,영등포안심22,37.491231,126.897975
영등포구,영등포안심22,37.491199,126.897972
영등포구,영등포안심22,37.491047,126.89803
영등포구,영등포안심22,37.490668,126.898159
영등포구,영등포안심22,37.49044,126.898231
영등포구,영등포안심22,37.490278,126.898212
영등포구,영등포안심22,37.490278,126.898212
영등포구,영등포안심22,37.490265,126.898294
영등포구,영등포안심22,37.490265,126.898294
영등포구,영등포안심22,37.490265,126.898294
영등포구,영등포안심22,37.490265,126.898294
영등포구,영등포안심22,37.490218,126.898287
영등포구,영등포안심22,37.490204,126.898316
영등포구,영등포안심22,37.489888,126.898469
영등포구,영등포안심22,37.489578,126.898609
영등포구,영등포안심22,37.489353,126.898707
영등포구,영등포안심22,37.489342,126.8987
영등포구,영등포안심22,37.489342,126.8987
영등포구,영등포안심22,37.489342,126.8987
영등포구,영등포안심22,37.489342,126.8987
영등포구,영등포안심22,37.489194,126.898841
영등포구,영등포안심22,37.489012,126.898919
영등포구,영등포안심23,37.488599,126.89942
영등포구,영등포안심23,37.488599,126.89942
영등포구,영등포안심23,37.488599,126.89942
영등포구,영등포안심23,37.488573,126.899542
영등포구,영등포안심23,37.488573,126.899542
영등포구,영등포안심23,37.488526,126.899569
영등포구,영등포안심23,37.488474,126.899623
영등포구,영등포안심23,37.488325,126.899815
영등포구,영등포안심23,37.488294,126.899844
영등포구,영등포안심23,37.488294,126.899844
영등포구,영등포안심23,37.488298,126.899868
영등포구,영등포안심23,37.48815,126.900005
영등포구,영등포안심23,37.487969,126.900276
영등포구,영등포안심23,37.487969,126.900276
영등포구,영등포안심23,37.487965,126.900262
영등포구,영등포안심23,37.487927,126.900247
영등포구,영등포안심23,37.487927,126.900247
영등포구,영등포안심23,37.487927,126.900247
영등포구,영등포안심23,37.487902,126.900347
영등포구,영등포안심23,37.487875,126.900484
영등포구,영등포안심23,37.487875,126.900484
영등포구,영등포안심23,37.487875,126.900484
영등포구,영등포안심23,37.487842,126.900817
영등포구,영등포안심23,37.487842,126.900817
영등포구,영등포안심23,37.487842,126.900817
영등포구,영등포안심23,37.487825,126.900825
영등포구,영등포안심23,37.487776,126.901083
영등포구,영등포안심23,37.48767,126.901235
영등포구,영등포안심23,37.487612,126.901355
영등포구,영등포안심23,37.487583,126.901466
영등포구,영등포안심23,37.487583,126.901466
영등포구,영등포안심23,37.487517,126.901523
영등포구,영등포안심23,37.487517,126.901523
영등포구,영등포안심23,37.487517,126.901523
영등포구,영등포안심23,37.487517,126.901523
영등포구,영등포안심23,37.487474,126.901564
영등포구,영등포안심23,37.487398,126.901679
영등포구,영등포안심23,37.487202,126.901939
영등포구,영등포안심23,37.487116,126.902073
영등포구,영등포안심23,37.487116,126.902073
영등포구,영등포안심23,37.487116,126.902073
영등포구,영등포안심23,37.487066,126.902053
영등포구,영등포안심26,37.498256,126.898857
영등포구,영등포안심26,37.498417,126.899116
영등포구,영등포안심26,37.498417,126.899116
영등포구,영등포안심26,37.498421,126.899122
영등포구,영등포안심26,37.498421,126.899122
영등포구,영등포안심26,37.498421,126.899122
영등포구,영등포안심26,37.498461,126.899148
영등포구,영등포안심26,37.498695,126.899467
영등포구,영등포안심26,37.498695,126.899467
영등포구,영등포안심26,37.498657,126.899511
영등포구,영등포안심26,37.498701,126.899512
영등포구,영등포안심26,37.49872,126.899583
영등포구,영등포안심26,37.498878,126.899839
영등포구,영등포안심26,37.498878,126.899839
영등포구,영등포안심26,37.498878,126.899839
영등포구,영등포안심26,37.499003,126.900005
영등포구,영등포안심26,37.499127,126.900186
영등포구,영등포안심26,37.499282,126.900301
영등포구,영등포안심26,37.49932,126.900428
영등포구,영등포안심26,37.499422,126.900606
영등포구,영등포안심26,37.499422,126.900606
영등포구,영등포안심26,37.499422,126.900606
영등포구,영등포안심26,37.499423,126.900609
영등포구,영등포안심26,37.499423,126.900609
영등포구,영등포안심26,37.4996,126.900876
영등포구,영등포안심26,37.4996,126.900876
영등포구,영등포안심26,37.4996,126.900876
영등포구,영등포안심26,37.499641,126.900883
영등포구,영등포안심26,37.499721,126.901044
영등포구,영등포안심26,37.49974,126.90105
영등포구,영등포안심26,37.49974,126.90105
영등포구,영등포안심26,37.499808,126.901114
영등포구,영등포안심29,37.515118,126.908304
영등포구,영등포안심29,37.515118,126.908304
영등포구,영등포안심29,37.515091,126.908402
영등포구,영등포안심29,37.515254,126.908651
영등포구,영등포안심29,37.515236,126.9087
영등포구,영등포안심29,37.515236,126.9087
영등포구,영등포안심29,37.515236,126.9087
영등포구,영등포안심29,37.515409,126.909022
영등포구,영등포안심29,37.515575,126.909285
영등포구,영등포안심29,37.515575,126.909285
영등포구,영등포안심29,37.515575,126.909285
영등포구,영등포안심29,37.515402,126.909548
영등포구,영등포안심29,37.515402,126.909548
영등포구,영등포안심29,37.514794,126.909502
영등포구,영등포안심29,37.514646,126.909534
영등포구,영등포안심29,37.514489,126.909641
영등포구,영등포안심29,37.514399,126.909904
영등포구,영등포안심29,37.514399,126.909904
영등포구,영등포안심29,37.514399,126.909904
영등포구,영등포안심29,37.514298,126.910097
영등포구,영등포안심29,37.514084,126.910468
영등포구,영등포안심29,37.514084,126.910468
영등포구,영등포안심29,37.514084,126.910468
영등포구,영등포안심29,37.514102,126.910509
영등포구,영등포안심29,37.513912,126.910852
용산구,용산안심01,37.544982,126.966913
용산구,용산안심01,37.544999,126.966887
용산구,용산안심01,37.544999,126.966887
용산구,용산안심01,37.545198,126.96696
용산구,용산안심01,37.545289,126.966946
용산구,용산안심01,37.545299,126.966976
용산구,용산안심01,37.545299,126.966976
용산구,용산안심01,37.545658,126.967008
용산구,용산안심01,37.545648,126.967019
용산구,용산안심01,37.545648,126.967019
용산구,용산안심01,37.545801,126.967148
용산구,용산안심01,37.546077,126.967321
용산구,용산안심01,37.546144,126.967343
용산구,용산안심01,37.546183,126.967388
용산구,용산안심01,37.546183,126.967388
용산구,용산안심01,37.546336,126.967492
용산구,용산안심01,37.546387,126.96727
용산구,용산안심01,37.546373,126.967261
용산구,용산안심01,37.546373,126.967261
용산구,용산안심01,37.546458,126.967132
용산구,용산안심01,37.546458,126.967132
용산구,용산안심01,37.546458,126.967132
용산구,용산안심01,37.546529,126.966819
용산구,용산안심01,37.546529,126.966819
용산구,용산안심01,37.546544,126.966495
용산구,용산안심01,37.546544,126.966495
용산구,용산안심01,37.54653,126.966463
용산구,용산안심01,37.54652,126.966224
용산구,용산안심01,37.546476,126.966043
용산구,용산안심01,37.546427,126.96582
용산구,용산안심01,37.546427,126.96582
용산구,용산안심01,37.546427,126.96582
용산구,용산안심01,37.546429,126.965715
용산구,용산안심01,37.546526,126.965534
용산구,용산안심01,37.54663,126.96534
용산구,용산안심01,37.546778,126.965097
용산구,용산안심01,37.546813,126.964985
용산구,용산안심01,37.546887,126.96491
용산구,용산안심01,37.546723,126.965187
용산구,용산안심02,37.54409,126.966869
용산구,용산안심02,37.544074,126.966845
용산구,용산안심02,37.54409,126.966869
용산구,용산안심02,37.544061,126.967022
용산구,용산안심02,37.543991,126.967227
용산구,용산안심02,37.54399,126.967447
용산구,용산안심02,37.543938,126.967621
용산구,용산안심02,37.54399,126.967447
용산구,용산안심02,37.543966,126.967474
용산구,용산안심02,37.543935,126.967695
용산구,용산안심02,37.543941,126.967776
용산구,용산안심02,37.543941,126.967776
용산구,용산안심02,37.543941,126.967776
용산구,용산안심02,37.543941,126.967776
용산구,용산안심02,37.543935,126.967695
용산구,용산안심02,37.543902,126.967957
용산구,용산안심02,37.54385,126.968101
용산구,용산안심02,37.543786,126.968275
용산구,용산안심02,37.543786,126.968275
용산구,용산안심02,37.543719,126.968407
용산구,용산안심02,37.543693,126.968417
용산구,용산안심02,37.543693,126.968535
용산구,용산안심02,37.543693,126.968535
용산구,용산안심02,37.543681,126.968575
용산구,용산안심02,37.543681,126.968575
용산구,용산안심02,37.54366,126.96876
용산구,용산안심02,37.543614,126.96889
용산구,용산안심02,37.543631,126.96898
용산구,용산안심02,37.543593,126.969018
용산구,용산안심02,37.543583,126.969123
용산구,용산안심02,37.543584,126.969136
용산구,용산안심02,37.543584,126.969136
용산구,용산안심02,37.543583,126.969123
용산구,용산안심02,37.543577,126.969182
용산구,용산안심02,37.543559,126.969309
용산구,용산안심02,37.54357,126.969477
용산구,용산안심02,37.5436,126.969793
용산구,용산안심02,37.5436,126.969793
용산구,용산안심02,37.5436,126.969793
용산구,용산안심02,37.5436,126.969793
용산구,용산안심02,37.543653,126.96979
용산구,용산안심02,37.543638,126.969848
용산구,용산안심02,37.543628,126.970034
용산구,용산안심02,37.543553,126.970413
용산구,용산안심02,37.543492,126.970495
용산구,용산안심02,37.543518,126.970563
용산구,용산안심02,37.543518,126.970563
용산구,용산안심02,37.543464,126.970633
용산구,용산안심02,37.543464,126.970633
용산구,용산안심03,37.550042,126.977622
용산구,용산안심03,37.550013,126.977624
용산구,용산안심03,37.550013,126.977624
용산구,용산안심03,37.549933,126.977902
용산구,용산안심03,37.54989,126.978054
용산구,용산안심03,37.549924,126.978036
용산구,용산안심03,37.549852,126.978162
용산구,용산안심03,37.549808,126.978107
용산구,용산안심03,37.549808,126.978107
용산구,용산안심03,37.549696,126.978677
용산구,용산안심03,37.549648,126.978647
용산구,용산안심03,37.549648,126.978647
용산구,용산안심03,37.549584,126.978852
용산구,용산안심03,37.549528,126.979062
용산구,용산안심03,37.549528,126.979062
용산구,용산안심03,37.549546,126.979094
용산구,용산안심03,37.549464,126.97933
용산구,용산안심03,37.549483,126.979335
용산구,용산안심03,37.549483,126.979335
용산구,용산안심03,37.549374,126.979606
용산구,용산안심03,37.549346,126.979594
용산구,용산안심03,37.549346,126.979594
용산구,용산안심03,37.549251,126.979985
용산구,용산안심03,37.549214,126.979985
용산구,용산안심03,37.549214,126.979985
용산구,용산안심03,37.549198,126.980054
용산구,용산안심03,37.54919,126.980273
용산구,용산안심03,37.54919,126.980273
용산구,용산안심03,37.549158,126.980284
용산구,용산안심03,37.549026,126.980668
용산구,용산안심03,37.548982,126.980873
용산구,용산안심03,37.548916,126.981101
용산구,용산안심03,37.548889,126.981434
용산구,용산안심03,37.548889,126.981434
용산구,용산안심03,37.548853,126.98146
용산구,용산안심03,37.54879,126.981616
용산구,용산안심03,37.548711,126.98196
용산구,용산안심03,37.548683,126.982158
용산구,용산안심04,37.544249,126.984466
용산구,용산안심04,37.544201,126.984452
용산구,용산안심04,37.545732,126.98537
용산구,용산안심04,37.545733,126.985285
용산구,용산안심04,37.545419,126.985282
용산구,용산안심04,37.545419,126.985282
용산구,용산안심04,37.545319,126.985296
용산구,용산안심04,37.545189,126.985305
용산구,용산안심04,37.544896,126.985267
용산구,용산안심04,37.544703,126.985155
용산구,용산안심04,37.544661,126.985146
용산구,용산안심04,37.544661,126.985146
용산구,용산안심04,37.544659,126.985091
용산구,용산안심04,37.544586,126.984923
용산구,용산안심04,37.544534,126.984968
용산구,용산안심04,37.544439,126.984796
용산구,용산안심04,37.544439,126.984796
용산구,용산안심04,37.544435,126.984747
용산구,용산안심04,37.544111,126.984377
용산구,용산안심04,37.544111,126.984377
용산구,용산안심04,37.543971,126.984312
용산구,용산안심04,37.54384,126.984261
용산구,용산안심04,37.543631,126.984196
용산구,용산안심04,37.54357,126.984138
용산구,용산안심04,37.54357,126.984138
용산구,용산안심04,37.543592,126.984167
용산구,용산안심05,37.545231,126.972584
용산구,용산안심05,37.545332,126.972643
용산구,용산안심05,37.545458,126.972793
용산구,용산안심05,37.545458,126.972793
용산구,용산안심05,37.545543,126.973136
용산구,용산안심05,37.545543,126.973136
용산구,용산안심05,37.545566,126.973284
용산구,용산안심05,37.545577,126.973208
용산구,용산안심05,37.545586,126.973282
용산구,용산안심05,37.545552,126.973368
용산구,용산안심05,37.545552,126.973368
용산구,용산안심05,37.545552,126.973368
용산구,용산안심05,37.5456,126.973334
용산구,용산안심05,37.545587,126.973313
용산구,용산안심05,37.545587,126.973313
용산구,용산안심05,37.545826,126.97324
용산구,용산안심05,37.546075,126.973189
용산구,용산안심05,37.546131,126.973196
용산구,용산안심05,37.546131,126.973196
용산구,용산안심05,37.546131,126.973196
용산구,용산안심05,37.546306,126.97314
용산구,용산안심05,37.546457,126.973098
용산구,용산안심05,37.546501,126.973064
용산구,용산안심05,37.54652,126.973031
용산구,용산안심05,37.54652,126.973031
용산구,용산안심05,37.546691,126.97297
용산구,용산안심05,37.546773,126.972991
용산구,용산안심05,37.546773,126.972991
용산구,용산안심05,37.546773,126.972991
용산구,용산안심05,37.546829,126.972839
용산구,용산안심05,37.546827,126.972716
용산구,용산안심05,37.546803,126.972756
용산구,용산안심05,37.546828,126.972577
용산구,용산안심05,37.546828,126.972577
용산구,용산안심05,37.546842,126.972379
용산구,용산안심05,37.546842,126.972266
용산구,용산안심05,37.546846,126.972239
용산구,용산안심05,37.546833,126.972092
용산구,용산안심06,37.534125,126.990147
용산구,용산안심06,37.534125,126.990147
용산구,용산안심06,37.533952,126.990232
용산구,용산안심06,37.533653,126.990542
용산구,용산안심06,37.533641,126.990588
용산구,용산안심06,37.533641,126.990588
용산구,용산안심06,37.533641,126.990588
용산구,용산안심06,37.533641,126.990588
용산구,용산안심06,37.53346,126.990699
용산구,용산안심06,37.533469,126.990723
용산구,용산안심06,37.533469,126.990723
용산구,용산안심06,37.533342,126.990834
용산구,용산안심06,37.533206,126.991002
용산구,용산안심06,37.533223,126.99102
용산구,용산안심06,37.533223,126.99102
용산구,용산안심06,37.533163,126.991105
용산구,용산안심06,37.532956,126.991204
용산구,용산안심06,37.532956,126.991204
용산구,용산안심06,37.532956,126.991204
용산구,용산안심06,37.532956,126.991221
용산구,용산안심06,37.532868,126.991251
용산구,용산안심06,37.532675,126.991254
용산구,용산안심06,37.53268,126.991292
용산구,용산안심06,37.53268,126.991292
용산구,용산안심06,37.532505,126.991283
용산구,용산안심06,37.532505,126.991283
용산구,용산안심06,37.532505,126.991283
용산구,용산안심06,37.532308,126.991507
용산구,용산안심06,37.532237,126.991582
용산구,용산안심06,37.532114,126.991722
용산구,용산안심06,37.532114,126.991722
용산구,용산안심06,37.531949,126.991858
용산구,용산안심06,37.531933,126.991846
용산구,용산안심06,37.531933,126.991846
용산구,용산안심06,37.531881,126.992046
용산구,용산안심07,37.545412,127.002955
용산구,용산안심07,37.545317,127.002999
용산구,용산안심07,37.545317,127.002999
용산구,용산안심07,37.54514,127.003011
용산구,용산안심07,37.545027,127.003156
용산구,용산안심07,37.544925,127.003228
용산구,용산안심07,37.544925,127.003228
용산구,용산안심07,37.544765,127.003206
용산구,용산안심07,37.544563,127.003217
용산구,용산안심07,37.544563,127.003217
용산구,용산안심07,37.544522,127.003178
용산구,용산안심07,37.544348,127.00312
용산구,용산안심07,37.544135,127.003152
용산구,용산안심07,37.543832,127.003101
용산구,용산안심07,37.543832,127.003101
용산구,용산안심07,37.543798,127.003062
용산구,용산안심07,37.543631,127.003059
용산구,용산안심07,37.543377,127.003021
용산구,용산안심07,37.543209,127.002968
용산구,용산안심07,37.543156,127.002983
용산구,용산안심07,37.543023,127.002961
용산구,용산안심07,37.543023,127.002961
용산구,용산안심07,37.543023,127.002961
용산구,용산안심07,37.542845,127.002931
용산구,용산안심07,37.542598,127.002838
용산구,용산안심07,37.542516,127.002869
용산구,용산안심07,37.542471,127.002864
용산구,용산안심07,37.542444,127.002836
용산구,용산안심08,37.537995,127.001794
용산구,용산안심08,37.537909,127.001842
용산구,용산안심08,37.537909,127.001842
용산구,용산안심08,37.537909,127.001842
용산구,용산안심08,37.537883,127.001897
용산구,용산안심08,37.537783,127.001944
용산구,용산안심08,37.537673,127.002089
용산구,용산안심08,37.537572,127.002164
용산구,용산안심08,37.537572,127.002164
용산구,용산안심08,37.537502,127.002183
용산구,용산안심08,37.537507,127.002149
용산구,용산안심08,37.537507,127.002149
용산구,용산안심08,37.537316,127.0021
용산구,용산안심08,37.537155,127.001932
용산구,용산안심08,37.536976,127.001868
용산구,용산안심08,37.536907,127.00182
용산구,용산안심08,37.536819,127.001705
용산구,용산안심08,37.536678,127.00166
용산구,용산안심08,37.536591,127.00155
용산구,용산안심08,37.536493,127.001537
용산구,용산안심08,37.536362,127.001444
용산구,용산안심08,37.536362,127.001444
용산구,용산안심08,37.536367,127.001393
용산구,용산안심08,37.536367,127.001393
용산구,용산안심08,37.536216,127.001312
용산구,용산안심08,37.536122,127.001273
용산구,용산안심08,37.535917,127.001123
용산구,용산안심08,37.535917,127.001123
용산구,용산안심08,37.535901,127.001108
용산구,용산안심08,37.535901,127.001108
용산구,용산안심08,37.53591,127.001083
용산구,용산안심08,37.535985,127.001474
용산구,용산안심08,37.535826,127.001532
용산구,용산안심08,37.535742,127.001825
용산구,용산안심08,37.535659,127.001842
용산구,용산안심08,37.535478,127.001861
용산구,용산안심08,37.535481,127.001815
용산구,용산안심08,37.535295,127.001835
용산구,용산안심08,37.535151,127.00179
용산구,용산안심08,37.535045,127.0018
용산구,용산안심08,37.535045,127.0018
용산구,용산안심08,37.535045,127.0018
용산구,용산안심08,37.535045,127.0018
용산구,용산안심08,37.534833,127.001719
용산구,용산안심08,37.534631,127.001757
용산구,용산안심08,37.534567,127.001715
용산구,용산안심08,37.534381,127.001717
용산구,용산안심08,37.534172,127.001694
용산구,용산안심08,37.534172,127.001694
용산구,용산안심09,37.531643,127.001129
용산구,용산안심09,37.531719,127.001404
용산구,용산안심09,37.531843,127.001583
용산구,용산안심09,37.531817,127.001691
용산구,용산안심09,37.531839,127.001957
용산구,용산안심09,37.531839,127.001957
용산구,용산안심09,37.531839,127.001957
용산구,용산안심09,37.531839,127.001957
용산구,용산안심09,37.531859,127.002125
용산구,용산안심09,37.531897,127.002135
용산구,용산안심09,37.531867,127.002226
용산구,용산안심09,37.531842,127.002451
용산구,용산안심09,37.531912,127.002749
용산구,용산안심09,37.531902,127.002887
용산구,용산안심09,37.531902,127.002887
용산구,용산안심09,37.531917,127.002952
용산구,용산안심09,37.53171,127.003262
용산구,용산안심09,37.531603,127.003324
용산구,용산안심09,37.531522,127.00342
용산구,용산안심09,37.531522,127.00342
용산구,용산안심09,37.531534,127.003443
용산구,용산안심09,37.531542,127.00347
용산구,용산안심09,37.531542,127.00347
용산구,용산안심09,37.531569,127.003639
용산구,용산안심09,37.53162,127.003643
용산구,용산안심09,37.531797,127.004014
용산구,용산안심09,37.531894,127.004186
용산구,용산안심09,37.531894,127.004186
용산구,용산안심09,37.531894,127.004186
용산구,용산안심09,37.531933,127.004209
용산구,용산안심09,37.531875,127.00432
용산구,용산안심09,37.531844,127.004314
용산구,용산안심09,37.531902,127.004549
용산구,용산안심09,37.532007,127.004695
용산구,용산안심09,37.532086,127.004707
용산구,용산안심09,37.532115,127.004791
용산구,용산안심09,37.532115,127.004791
용산구,용산안심09,37.532115,127.004791
용산구,용산안심09,37.532199,127.004981
용산구,용산안심09,37.532178,127.005012
용산구,용산안심09,37.532157,127.005137
용산구,용산안심09,37.532152,127.005159
용산구,용산안심10,37.530356,126.998133
용산구,용산안심10,37.530356,126.998133
용산구,용산안심10,37.530356,126.998133
용산구,용산안심10,37.53038,126.998176
용산구,용산안심10,37.530288,126.998325
용산구,용산안심10,37.530267,126.998315
용산구,용산안심10,37.530225,126.998516
용산구,용산안심10,37.530117,126.998668
용산구,용산안심10,37.530117,126.998668
용산구,용산안심10,37.53004,126.998863
용산구,용산안심10,37.53004,126.998863
용산구,용산안심10,37.530024,126.998851
용산구,용산안심10,37.529875,126.999005
용산구,용산안심10,37.529807,126.999095
용산구,용산안심10,37.529785,126.999198
용산구,용산안심10,37.529796,126.999241
용산구,용산안심10,37.52975,126.999267
용산구,용산안심10,37.529629,126.999485
용산구,용산안심10,37.529629,126.999485
용산구,용산안심10,37.52955,126.999739
용산구,용산안심10,37.529571,126.999753
용산구,용산안심10,37.529491,126.999854
용산구,용산안심10,37.529491,126.999854
용산구,용산안심10,37.529376,127.000185
용산구,용산안심10,37.529376,127.000185
용산구,용산안심10,37.529358,127.000165
용산구,용산안심10,37.529344,127.000161
용산구,용산안심10,37.529161,127.000082
용산구,용산안심10,37.52911,127.00004
용산구,용산안심10,37.529078,126.999996
용산구,용산안심10,37.529078,126.999996
용산구,용산안심10,37.528859,126.999965
용산구,용산안심10,37.528699,126.999947
용산구,용산안심10,37.528616,126.999877
용산구,용산안심10,37.528601,126.9999
용산구,용산안심10,37.528601,126.9999
용산구,용산안심10,37.528449,126.999644
용산구,용산안심10,37.528449,126.999644
용산구,용산안심10,37.528449,126.999644
용산구,용산안심10,37.52833,126.999561
용산구,용산안심10,37.528162,126.999352
용산구,용산안심11,37.531639,126.996665
용산구,용산안심11,37.531642,126.996703
용산구,용산안심11,37.531639,126.99673
용산구,용산안심11,37.531725,126.996759
용산구,용산안심11,37.531791,126.996935
용산구,용산안심11,37.531947,126.99702
용산구,용산안심11,37.531947,126.99702
용산구,용산안심11,37.531947,126.99702
용산구,용산안심11,37.531905,126.997064
용산구,용산안심11,37.532015,126.997216
용산구,용산안심11,37.532055,126.99734
용산구,용산안심11,37.532192,126.997911
용산구,용산안심11,37.532192,126.997911
용산구,용산안심11,37.532192,126.997911
용산구,용산안심11,37.532186,126.99794
용산구,용산안심11,37.532229,126.998012
용산구,용산안심11,37.532327,126.998126
용산구,용산안심11,37.532377,126.998222
용산구,용산안심11,37.532423,126.99822
용산구,용산안심11,37.532423,126.99822
용산구,용산안심11,37.532423,126.99822
용산구,용산안심11,37.53219,126.998585
용산구,용산안심11,37.53204,126.998943
용산구,용산안심11,37.532016,126.999059
용산구,용산안심11,37.532016,126.999059
용산구,용산안심11,37.53203,126.999084
용산구,용산안심11,37.532013,126.999107
용산구,용산안심12,37.521199,126.997001
용산구,용산안심12,37.521478,126.996851
용산구,용산안심12,37.521478,126.996851
용산구,용산안심12,37.521493,126.996807
용산구,용산안심12,37.521534,126.996833
용산구,용산안심12,37.521795,126.996855
용산구,용산안심12,37.521937,126.996816
용산구,용산안심12,37.521937,126.996816
용산구,용산안심12,37.522042,126.996859
용산구,용산안심12,37.522065,126.996836
용산구,용산안심12,37.522065,126.996836
용산구,용산안심12,37.522284,126.996904
용산구,용산안심12,37.522318,126.996975
용산구,용산안심12,37.522318,126.996975
용산구,용산안심12,37.522557,126.997027
용산구,용산안심12,37.522557,126.997027
용산구,용산안심12,37.522551,126.997053
용산구,용산안심12,37.522746,126.997078
용산구,용산안심12,37.522788,126.997219
용산구,용산안심12,37.522821,126.997337
용산구,용산안심12,37.522821,126.997337
용산구,용산안심12,37.522821,126.997337
용산구,용산안심13,37.527551,127.000233
용산구,용산안심13,37.527551,127.000233
용산구,용산안심13,37.527531,127.000271
용산구,용산안심13,37.527378,127.000336
용산구,용산안심13,37.527199,127.000443
용산구,용산안심13,37.527199,127.000443
용산구,용산안심13,37.52721,127.000464
용산구,용산안심13,37.527199,127.000443
용산구,용산안심13,37.527212,127.000641
용산구,용산안심13,37.527318,127.00103
용산구,용산안심13,37.527557,127.001021
용산구,용산안심13,37.527555,127.001053
용산구,용산안심13,37.527606,127.001392
용산구,용산안심13,37.527643,127.001441
용산구,용산안심13,37.527656,127.001526
용산구,용산안심13,37.527656,127.001526
용산구,용산안심13,37.527679,127.001707
용산구,용산안심13,37.527704,127.001775
용산구,용산안심13,37.527962,127.001802
용산구,용산안심13,37.528064,127.001825
용산구,용산안심13,37.528049,127.002001
용산구,용산안심13,37.52804,127.002143
용산구,용산안심13,37.52803,127.002192
용산구,용산안심13,37.52804,127.002143
용산구,용산안심14,37.524267,126.956446
용산구,용산안심14,37.524248,126.956423
용산구,용산안심14,37.524248,126.956423
용산구,용산안심14,37.524383,126.956236
용산구,용산안심14,37.524569,126.955996
용산구,용산안심14,37.524691,126.955847
용산구,용산안심14,37.52476,126.955753
용산구,용산안심14,37.524966,126.955463
용산구,용산안심14,37.525041,126.955388
용산구,용산안심14,37.525076,126.955443
용산구,용산안심14,37.525123,126.95532
용산구,용산안심14,37.525147,126.955255
용산구,용산안심14,37.525147,126.955255
용산구,용산안심14,37.525203,126.955175
용산구,용산안심14,37.525352,126.954986
용산구,용산안심14,37.52548,126.954827
용산구,용산안심14,37.525589,126.954684
용산구,용산안심14,37.525805,126.954487
용산구,용산안심14,37.525798,126.954467
용산구,용산안심14,37.525798,126.954467
용산구,용산안심14,37.525846,126.954473
용산구,용산안심14,37.525798,126.954467
용산구,용산안심14,37.525846,126.954432
용산구,용산안심14,37.525953,126.954357
용산구,용산안심14,37.526069,126.954281
용산구,용산안심14,37.526189,126.954243
용산구,용산안심14,37.52618,126.954209
용산구,용산안심14,37.52618,126.954209
용산구,용산안심14,37.526348,126.954129
용산구,용산안심14,37.526348,126.954129
용산구,용산안심14,37.526408,126.954104
용산구,용산안심14,37.526647,126.954066
용산구,용산안심14,37.526894,126.954062
용산구,용산안심14,37.527074,126.954078
용산구,용산안심14,37.527086,126.954043
용산구,용산안심14,37.527208,126.954037
용산구,용산안심14,37.527488,126.954036
용산구,용산안심14,37.527531,126.954005
용산구,용산안심14,37.527531,126.954005
용산구,용산안심14,37.527674,126.953994
용산구,용산안심14,37.527801,126.953976
용산구,용산안심14,37.528015,126.95397
용산구,용산안심14,37.528015,126.95397
용산구,용산안심14,37.528111,126.953959
용산구,용산안심14,37.528125,126.954032
용산구,용산안심14,37.528235,126.953945
용산구,용산안심14,37.52824,126.953978
용산구,용산안심14,37.528485,126.953987
용산구,용산안심14,37.528531,126.953922
용산구,용산안심14,37.528582,126.95391
용산구,용산안심14,37.528743,126.953915
용산구,용산안심14,37.52874,126.953882
용산구,용산안심14,37.529005,126.953808
용산구,용산안심14,37.529005,126.953808
용산구,용산안심14,37.529005,126.953808
용산구,용산안심14,37.529016,126.95384
용산구,용산안심14,37.529309,126.953695
용산구,용산안심14,37.529511,126.953592
용산구,용산안심14,37.529511,126.953592
용산구,용산안심14,37.530057,126.953157
용산구,용산안심14,37.530051,126.953124
용산구,용산안심14,37.530051,126.953124
용산구,용산안심14,37.530066,126.953121
용산구,용산안심14,37.530066,126.953121
용산구,용산안심14,37.530051,126.953124
용산구,용산안심16,37.534232,126.973724
용산구,용산안심16,37.53416,126.97377
용산구,용산안심16,37.53416,126.97377
용산구,용산안심16,37.533947,126.973686
용산구,용산안심16,37.533947,126.973686
용산구,용산안심16,37.533925,126.973643
용산구,용산안심16,37.533925,126.973643
용산구,용산안심16,37.533925,126.973643
용산구,용산안심16,37.533582,126.973639
용산구,용산안심16,37.533506,126.973639
용산구,용산안심16,37.533506,126.973639
용산구,용산안심16,37.533366,126.973597
용산구,용산안심16,37.533338,126.973562
용산구,용산안심16,37.533338,126.973562
용산구,용산안심16,37.533094,126.973561
용산구,용산안심16,37.533068,126.973593
용산구,용산안심16,37.533068,126.973593
용산구,용산안심16,37.532845,126.973491
용산구,용산안심16,37.532845,126.973491
용산구,용산안심16,37.532845,126.973491
용산구,용산안심16,37.532715,126.973645
용산구,용산안심16,37.532566,126.973913
용산구,용산안심16,37.53255,126.973889
용산구,용산안심16,37.53255,126.973889
용산구,용산안심16,37.532435,126.973992
용산구,용산안심17,37.532408,126.973127
용산구,용산안심17,37.532259,126.972991
용산구,용산안심17,37.532156,126.972902
용산구,용산안심17,37.532168,126.97287
용산구,용산안심17,37.531915,126.972653
용산구,용산안심17,37.531915,126.972653
용산구,용산안심17,37.531771,126.972443
용산구,용산안심17,37.531552,126.972312
용산구,용산안심17,37.531444,126.972179
용산구,용산안심17,37.531478,126.972172
용산구,용산안심17,37.531478,126.972172
용산구,용산안심17,37.531444,126.972179
용산구,용산안심17,37.531535,126.972032
용산구,용산안심17,37.531574,126.971981
용산구,용산안심17,37.531671,126.97181
용산구,용산안심17,37.531671,126.97181
용산구,용산안심17,37.531794,126.97157
용산구,용산안심17,37.53187,126.971453
용산구,용산안심17,37.53187,126.971453
용산구,용산안심17,37.531876,126.971504
용산구,용산안심18,37.520547,126.97525
용산구,용산안심18,37.521692,126.975376
용산구,용산안심18,37.521692,126.975376
용산구,용산안심18,37.521693,126.975346
용산구,용산안심18,37.521633,126.975388
용산구,용산안심18,37.521624,126.975341
용산구,용산안심18,37.521616,126.975386
용산구,용산안심18,37.521616,126.975386
용산구,용산안심18,37.521504,126.975349
용산구,용산안심18,37.521498,126.975294
용산구,용산안심18,37.521386,126.975296
용산구,용산안심18,37.521394,126.975236
용산구,용산안심18,37.521296,126.975252
용산구,용산안심18,37.521321,126.975238
용산구,용산안심18,37.521279,126.975186
용산구,용산안심18,37.521148,126.975177
용산구,용산안심18,37.521093,126.975082
용산구,용산안심18,37.520971,126.97503
용산구,용산안심18,37.520952,126.975092
용산구,용산안심18,37.520952,126.975092
용산구,용산안심18,37.520873,126.97532
용산구,용산안심18,37.520823,126.975382
용산구,용산안심18,37.520839,126.975419
용산구,용산안심18,37.520798,126.975345
용산구,용산안심18,37.52069,126.97535
용산구,용산안심18,37.520453,126.975227
용산구,용산안심18,37.520453,126.975227
용산구,용산안심18,37.520229,126.975128
용산구,용산안심18,37.520229,126.975128
용산구,용산안심18,37.520229,126.975128
용산구,용산안심18,37.520186,126.975069
용산구,용산안심18,37.520155,126.975092
용산구,용산안심18,37.51987,126.974951
용산구,용산안심18,37.520036,126.975027
용산구,용산안심18,37.51987,126.974951
용산구,용산안심18,37.519666,126.974788
용산구,용산안심18,37.519644,126.974856
용산구,용산안심18,37.519668,126.974821
용산구,용산안심18,37.519644,126.974856
은평구,서부안심01,37.597472,126.9208668
은평구,서부안심01,37.59738051,126.9209531
은평구,서부안심01,37.59738051,126.9209531
은평구,서부안심01,37.59738051,126.9209531
은평구,서부안심01,37.59732909,126.9210503
은평구,서부안심01,37.59718342,126.921392
은평구,서부안심01,37.59709201,126.9215862
은평구,서부안심01,37.59699494,126.9218703
은평구,서부안심01,37.59691215,126.9221257
은평구,서부안심01,37.59688939,126.9223199
은평구,서부안심01,37.5969124,126.9225104
은평구,서부안심01,37.5969124,126.9225104
은평구,서부안심01,37.59683525,126.9226363
은평구,서부안심01,37.59680393,126.9228592
은평구,서부안심01,37.59680393,126.9228592
은평구,서부안심01,37.59674102,126.9229024
은평구,서부안심01,37.59668113,126.9231865
은평구,서부안심01,37.59665251,126.9231578
은평구,서부안심01,37.59655829,126.9234383
은평구,서부안심01,37.59650983,126.9237116
은평구,서부안심01,37.59644695,126.9237908
은평구,서부안심02,37.60412162,126.9147659
은평구,서부안심02,37.60412162,126.9147659
은평구,서부안심02,37.60412162,126.9147659
은평구,서부안심02,37.60399114,126.91472
은평구,서부안심02,37.603966,126.9147603
은평구,서부안심02,37.603966,126.9147603
은평구,서부안심02,37.60378981,126.9147921
은평구,서부안심02,37.60352207,126.9148212
은평구,서부안심02,37.60326805,126.9148244
은평구,서부안심02,37.60327265,126.9148589
은평구,서부안심02,37.60327265,126.9148589
은평구,서부안심02,37.60291339,126.9149082
은평구,서부안심02,37.60259529,126.9149086
은평구,서부안심02,37.6024443,126.9149864
은평구,서부안심02,37.6024443,126.9149864
은평구,서부안심02,37.6023092,126.9148715
은평구,서부안심02,37.60224743,126.9149032
은평구,서부안심02,37.60201173,126.9149322
은평구,서부안심02,37.60187444,126.9149525
은평구,서부안심02,37.60183785,126.9149957
은평구,서부안심02,37.60169823,126.91497
은평구,서부안심02,37.60169823,126.91497
은평구,서부안심02,37.60157009,126.9149903
은평구,서부안심02,37.60147176,126.9150939
은평구,서부안심02,37.60112393,126.9151317
은평구,서부안심02,37.60112393,126.9151317
은평구,서부안심02,37.60074401,126.915089
은평구,서부안심02,37.60074401,126.915089
은평구,서부안심02,37.60058386,126.9151553
은평구,서부안심02,37.60047857,126.9151296
은평구,서부안심02,37.60026796,126.9150349
은평구,서부안심02,37.60025654,126.9150723
은평구,서부안심02,37.60025654,126.9150723
은평구,서부안심02,37.6000597,126.9150294
은평구,서부안심02,37.59984454,126.9149721
은평구,서부안심02,37.59946915,126.9148718
은평구,서부안심02,37.59946915,126.9148718
은평구,서부안심02,37.59924938,126.9147685
은평구,서부안심02,37.59909376,126.9147716
은평구,서부안심02,37.59909376,126.9147716
은평구,서부안심03,37.59091713,126.9151254
은평구,서부안심03,37.59091713,126.9151254
은평구,서부안심03,37.59088509,126.9151369
은평구,서부안심03,37.59080966,126.9152607
은평구,서부안심03,37.5906287,126.915025
은평구,서부안심03,37.59048214,126.9148987
은평구,서부안심03,37.59048214,126.9148987
은평구,서부안심03,37.59038995,126.9147902
은평구,서부안심03,37.59033323,126.9146821
은평구,서부안심03,37.59033323,126.9146821
은평구,서부안심03,37.59011887,126.9149411
은평구,서부안심03,37.58973571,126.9151752
은평구,서부안심03,37.58973002,126.915222
은평구,서부안심03,37.58973002,126.915222
은평구,서부안심03,37.58973002,126.915222
은평구,서부안심03,37.58953269,126.9152905
은평구,서부안심04,37.59853749,126.9146408
은평구,서부안심04,37.59853749,126.9146408
은평구,서부안심04,37.59851008,126.9145797
은평구,서부안심04,37.59843408,126.9146103
은평구,서부안심04,37.59807215,126.914519
은평구,서부안심04,37.59784706,126.9144199
은평구,서부안심04,37.59780147,126.9144582
은평구,서부안심04,37.59780147,126.9144582
은평구,서부안심04,37.59744255,126.9143134
은평구,서부안심04,37.59744255,126.9143134
은평구,서부안심04,37.59744255,126.9143134
은평구,서부안심04,37.59744255,126.9143134
은평구,서부안심04,37.59708365,126.9142106
은평구,서부안심04,37.59701069,126.9142336
은평구,서부안심04,37.59701069,126.9142336
은평구,서부안심04,37.59669591,126.9141652
은평구,서부안심04,37.59639176,126.91407
은평구,서부안심04,37.59620924,126.9139823
은평구,서부안심04,37.59600854,126.9139749
은평구,서부안심04,37.59600854,126.9139749
은평구,서부안심04,37.59586255,126.9139368
은평구,서부안심04,37.59586255,126.9139368
은평구,서부안심04,37.59595971,126.9137304
은평구,서부안심04,37.59603841,126.9132373
은평구,서부안심04,37.59603841,126.9132373
은평구,서부안심04,37.59602793,126.9131567
은평구,서부안심04,37.59612318,126.9127289
은평구,서부안심04,37.5961017,126.9124652
은평구,서부안심04,37.5961017,126.9124652
은평구,서부안심04,37.59619278,126.912274
은평구,서부안심04,37.59617133,126.9120562
은평구,서부안심04,37.59621379,126.9119071
은평구,서부안심04,37.59630186,126.9117503
은평구,서부안심04,37.59630186,126.9117503
은평구,서부안심04,37.59625617,126.9116434
은평구,서부안심05,37.60611792,126.9314405
은평구,서부안심05,37.60611565,126.9314721
은평구,서부안심05,37.60611565,126.9314721
은평구,서부안심05,37.605885,126.93185
은평구,서부안심05,37.60587559,126.9318865
은평구,서부안심05,37.60587559,126.9318865
은평구,서부안심05,37.60587559,126.9318865
은평구,서부안심05,37.60565158,126.9323499
은평구,서부안심05,37.60565158,126.9323499
은평구,서부안심05,37.605591,126.932334
은평구,서부안심05,37.60541054,126.93251
은평구,서부안심05,37.605218,126.932695
은평구,서부안심05,37.60519,126.932692
은평구,서부안심05,37.60519,126.932692
은평구,서부안심05,37.6052,126.932724
은평구,서부안심05,37.6052,126.932724
은평구,서부안심05,37.60519,126.932692
은평구,서부안심05,37.605274,126.932844
은평구,서부안심05,37.605415,126.933164
은평구,서부안심05,37.60545732,126.9332411
은평구,서부안심05,37.60544819,126.9332842
은평구,서부안심05,37.60544819,126.9332842
은평구,서부안심05,37.60553983,126.9334538
은평구,서부안심05,37.60544819,126.9332842
은평구,서부안심06,37.60614772,126.9226094
은평구,서부안심06,37.60625056,126.9223821
은평구,서부안심06,37.60630312,126.9222727
은평구,서부안심06,37.60630312,126.9222727
은평구,서부안심06,37.60645839,126.9217433
은평구,서부안심06,37.60641941,126.9216369
은평구,서부안심06,37.60641941,126.9216369
은평구,서부안심06,37.60651317,126.9215217
은평구,서부안심06,37.60650623,126.9214124
은평구,서부안심06,37.60650623,126.9214124
은평구,서부안심06,37.60649243,126.9213146
은평구,서부안심06,37.60653355,126.9211938
은평구,서부안심06,37.60658383,126.9210959
은평구,서부안심06,37.6067003,126.9207333
은평구,서부안심06,37.60676883,126.9205549
은평구,서부안심06,37.60675958,126.9204111
은평구,서부안심06,37.60675958,126.9204111
은평구,서부안심06,37.60675958,126.9204111
은평구,서부안심06,37.60675958,126.9204111
은평구,서부안심06,37.60680972,126.9201061
은평구,서부안심06,37.60692396,126.919827
은평구,서부안심06,37.60692383,126.9196343
은평구,서부안심06,37.6069718,126.9195076
은평구,서부안심06,37.6069718,126.9195076
은평구,서부안심06,37.60695565,126.9193063
은평구,서부안심06,37.60695565,126.9193063
은평구,은평안심01,37.618401,126.922278
은평구,은평안심01,37.61844658,126.9225044
은평구,은평안심01,37.61844658,126.9225044
은평구,은평안심01,37.618435,126.923292
은평구,은평안심01,37.618435,126.923292
은평구,은평안심01,37.61833887,126.9235454
은평구,은평안심01,37.61815292,126.9238459
은평구,은평안심01,37.61815292,126.9238459
은평구,은평안심01,37.61815292,126.9238459
은평구,은평안심01,37.618307,126.92387
은평구,은평안심01,37.6183017,126.9238889
은평구,은평안심01,37.6183017,126.9238889
은평구,은평안심01,37.61847858,126.9240275
은평구,은평안심01,37.61860909,126.9241367
은평구,은평안심01,37.618723,126.924265
은평구,은평안심01,37.618851,126.924561
은평구,은평안심01,37.61890003,126.924591
은평구,은평안심01,37.61890003,126.924591
은평구,은평안심01,37.61887952,126.9247262
은평구,은평안심01,37.61887952,126.9247262
은평구,은평안심01,37.61887952,126.9247262
은평구,은평안심01,37.618739,126.924917
은평구,은평안심01,37.6186474,126.9249919
은평구,은평안심01,37.618424,126.925072
은평구,은평안심01,37.61833223,126.9251065
은평구,은평안심01,37.61833223,126.9251065
은평구,은평안심01,37.61833223,126.9251065
은평구,은평안심01,37.61830135,126.925131
은평구,은평안심02,37.61758958,126.9214404
은평구,은평안심02,37.61758958,126.9214404
은평구,은평안심02,37.61758958,126.9214404
은평구,은평안심02,37.61758958,126.9214404
은평구,은평안심02,37.61743844,126.921291
은평구,은평안심02,37.61736051,126.9211156
은평구,은평안심02,37.61715004,126.9212194
은평구,은평안심02,37.61697363,126.920929
은평구,은평안심02,37.61690256,126.9207421
은평구,은평안심02,37.61688184,126.9205493
은평구,은평안심02,37.61688184,126.9205493
은평구,은평안심02,37.61694129,126.9204802
은평구,은평안심02,37.61694129,126.9204802
은평구,은평안심02,37.61687723,126.9205004
은평구,은평안심02,37.61676959,126.9203855
은평구,은평안심02,37.61670319,126.9203337
은평구,은평안심02,37.61646737,126.9201873
은평구,은평안심02,37.61646737,126.9201873
은평구,은평안심02,37.61646737,126.9201873
은평구,은평안심02,37.61636894,126.9201557
은평구,은평안심02,37.61633916,126.9201011
은평구,은평안심02,37.61627052,126.9201242
은평구,은평안심02,37.6160782,126.9200007
은평구,은평안심02,37.61609644,126.9198971
은평구,은평안심02,37.61609644,126.9198971
은평구,은평안심02,37.61594312,126.9199145
은평구,은평안심02,37.61596141,126.9198886
은평구,은평안심02,37.61583092,126.9198312
은평구,은평안심02,37.61571187,126.9197508
은평구,은평안심02,37.61549895,126.9196215
은평구,은평안심02,37.61526765,126.919383
은평구,은평안심02,37.61526765,126.919383
은평구,은평안심03,37.62381918,126.9168971
은평구,은평안심03,37.62409703,126.9166205
은평구,은평안심03,37.6241062,126.9166364
은평구,은평안심03,37.6241062,126.9166364
은평구,은평안심03,37.62456046,126.9160528
은평구,은평안심03,37.62453999,126.9159978
은평구,은평안심03,37.62453999,126.9159978
은평구,은평안심03,37.62494032,126.9157701
은평구,은평안심03,37.62494032,126.9157701
은평구,은평안심03,37.62519414,126.9154893
은평구,은평안심03,37.62519414,126.9154893
은평구,은평안심03,37.62519414,126.9154893
은평구,은평안심03,37.62519414,126.9154893
은평구,은평안심03,37.62527587,126.9151265
은평구,은평안심03,37.62544419,126.9149453
은평구,은평안심03,37.62544419,126.9149453
은평구,은평안심03,37.62560552,126.9147177
은평구,은평안심03,37.62560552,126.9147177
은평구,은평안심03,37.62568602,126.9145051
은평구,은평안심03,37.62569442,126.9143572
은평구,은평안심03,37.62569442,126.9143572
은평구,은평안심03,37.62576031,126.9139146
은평구,은평안심03,37.6258539,126.9135619
은평구,은평안심03,37.62600502,126.9133699
은평구,은평안심03,37.62600961,126.913378
은평구,은평안심03,37.62600961,126.913378
은평구,은평안심03,37.62607957,126.9132771
은평구,은평안심03,37.6262906,126.9131291
은평구,은평안심03,37.62640641,126.9130328
은평구,은평안심03,37.62640641,126.9130328
은평구,은평안심03,37.62640641,126.9130328
은평구,은평안심04,37.60858907,126.9132411
은평구,은평안심04,37.60858907,126.9132411
은평구,은평안심04,37.60858907,126.9132411
은평구,은평안심04,37.60876073,126.9132812
은평구,은평안심04,37.60886608,126.9133875
은평구,은평안심04,37.60886608,126.9133875
은평구,은평안심04,37.60929881,126.9136545
은평구,은평안심04,37.60929881,126.9136545
은평구,은평안심04,37.60933311,126.9136142
은평구,은평안심04,37.60955286,126.9136974
은평구,은평안심04,37.60991926,126.9140191
은평구,은평안심04,37.60996955,126.9139328
은평구,은평안심04,37.61001768,126.914042
은평구,은평안심04,37.61024657,126.9140907
은평구,은평안심04,37.61031302,126.9142028
은평구,은평안심04,37.61031302,126.9142028
은평구,은평안심04,37.61038168,126.9142056
은평구,은평안심04,37.6104687,126.9142947
은평구,은평안심04,37.6104687,126.9142947
은평구,은평안심04,37.6104687,126.9142947
은평구,은평안심04,37.61071138,126.9144267
은평구,은평안심04,37.61089677,126.9144553
은평구,은평안심04,37.61119896,126.9145959
은평구,은평안심04,37.61108229,126.9146651
은평구,은평안심04,37.61108229,126.9146651
은평구,은평안심04,37.61108229,126.9146651
은평구,은평안심04,37.61098642,126.9149989
은평구,은평안심04,37.61097049,126.9151312
은평구,은평안심04,37.6109042,126.9152349
은평구,은평안심04,37.6109042,126.9152349
은평구,은평안심04,37.61077401,126.9155917
은평구,은평안심04,37.61066666,126.915891
은평구,은평안심04,37.61066666,126.915891
은평구,은평안심04,37.61058901,126.9161126
은평구,은평안심04,37.61056624,126.9162651
은평구,은평안심04,37.61051821,126.9163141
은평구,은평안심04,37.61051821,126.9163141
은평구,은평안심04,37.61044969,126.9164983
종로구,종로안심01,37.57946424,126.987917
종로구,종로안심01,37.5794322,126.9879314
종로구,종로안심01,37.57948713,126.9879688
종로구,종로안심01,37.57958326,126.9880205
종로구,종로안심01,37.57977779,126.9880924
종로구,종로안심01,37.57986934,126.9881614
종로구,종로안심01,37.58011422,126.9882361
종로구,종로안심01,37.58026297,126.9882044
종로구,종로안심01,37.58032705,126.9882188
종로구,종로안심01,37.58032705,126.9882188
종로구,종로안심01,37.58031792,126.988515
종로구,종로안심01,37.58031792,126.988515
종로구,종로안심01,37.58031792,126.988515
종로구,종로안심01,37.58031792,126.988515
종로구,종로안심01,37.5805422,126.9885466
종로구,종로안심01,37.58078936,126.9885695
종로구,종로안심01,37.58078936,126.9885695
종로구,종로안심01,37.58111891,126.9885724
종로구,종로안심01,37.58135465,126.9888311
종로구,종로안심01,37.58135465,126.988788
종로구,종로안심01,37.58135465,126.988788
종로구,종로안심01,37.58135465,126.9888311
종로구,종로안심01,37.58151713,126.9887707
종로구,종로안심01,37.5816041,126.9887678
종로구,종로안심01,37.58175285,126.9887419
종로구,종로안심01,37.58202746,126.9886384
종로구,종로안심01,37.58214874,126.9885578
종로구,종로안심01,37.58214874,126.9885578
종로구,종로안심01,37.58217391,126.9885061
종로구,종로안심01,37.58244853,126.988483
종로구,종로안심01,37.58244853,126.988483
종로구,종로안심01,37.58244396,126.9885204
종로구,종로안심01,37.58243479,126.9883076
종로구,종로안심01,37.58222652,126.9882444
종로구,종로안심01,37.58253547,126.9881839
종로구,종로안심01,37.58253547,126.9881839
종로구,종로안심01,37.58256293,126.9881379
종로구,종로안심01,37.58263387,126.9881523
종로구,종로안심01,37.5829268,126.9881407
종로구,종로안심01,37.5829268,126.9881407
종로구,종로안심01,37.58311904,126.9881465
종로구,종로안심02,37.57259318,126.962234
종로구,종로안심02,37.57266415,126.9623058
종로구,종로안심02,37.57275572,126.9623978
종로구,종로안심02,37.57289537,126.9625587
종로구,종로안심02,37.57289537,126.9625587
종로구,종로안심02,37.57287934,126.9625415
종로구,종로안심02,37.57302585,126.9626766
종로구,종로안심02,37.57309221,126.9626621
종로구,종로안심02,37.57312424,126.9626363
종로구,종로안심02,37.57324554,126.9626333
종로구,종로안심02,37.57348812,126.9626303
종로구,종로안심02,37.57365518,126.962613
종로구,종로안심02,37.57376499,126.962518
종로구,종로안심02,37.57376499,126.962518
종로구,종로안심02,37.57376499,126.962518
종로구,종로안심02,37.57381301,126.9623886
종로구,종로안심02,37.57381068,126.9622477
종로구,종로안심02,37.57393419,126.9620378
종로구,종로안심02,37.57393419,126.9620378
종로구,종로안심02,37.57401197,126.9619544
종로구,종로안심02,37.57417441,126.9618076
종로구,종로안심02,37.57421561,126.9618335
종로구,종로안심02,37.57421561,126.9618335
종로구,종로안심02,37.57422479,126.9618881
종로구,종로안심02,37.57433694,126.9619226
종로구,종로안심02,37.57447885,126.9619973
종로구,종로안심02,37.57447885,126.9619973
종로구,종로안심02,37.57449488,126.9620289
종로구,종로안심02,37.57464362,126.9619857
종로구,종로안심02,37.57482892,126.9617872
종로구,종로안심02,37.57482892,126.9617872
종로구,종로안심02,37.57484952,126.9617843
종로구,종로안심02,37.57573317,126.9626666
종로구,종로안심02,37.57573317,126.9626666
종로구,종로안심02,37.57544716,126.9628191
종로구,종로안심02,37.57544716,126.9628191
종로구,종로안심02,37.57538769,126.9629342
종로구,종로안심02,37.57538769,126.9629342
종로구,종로안심02,37.57538769,126.9629342
종로구,종로안심02,37.57521837,126.9630205
종로구,종로안심02,37.57511535,126.9629084
종로구,종로안심02,37.57511535,126.9629084
종로구,종로안심02,37.57509934,126.9629429
종로구,종로안심02,37.57493685,126.9629171
종로구,종로안심02,37.57473773,126.9628799
종로구,종로안심02,37.5745821,126.9628426
종로구,종로안심02,37.5745821,126.9628426
종로구,종로안심02,37.57454318,126.9627966
종로구,종로안심02,37.57429372,126.9627507
종로구,종로안심02,37.5742548,126.9627018
종로구,종로안심02,37.5742548,126.9627018
종로구,종로안심02,37.57416333,126.9629204
종로구,종로안심02,37.57390478,126.9631189
종로구,종로안심02,37.57390478,126.9631189
종로구,종로안심02,37.57373317,126.9631909
종로구,종로안심02,37.5735707,126.9632513
종로구,종로안심02,37.57328467,126.9633521
종로구,종로안심02,37.57328467,126.9633521
종로구,종로안심02,37.57328467,126.9633521
종로구,종로안심02,37.57396189,126.9627652
종로구,종로안심02,37.57396417,126.9627393
종로구,종로안심03,37.57790279,126.9717312
종로구,종로안심03,37.57788216,126.9716219
종로구,종로안심03,37.57788216,126.9716219
종로구,종로안심03,37.57788216,126.9716219
종로구,종로안심03,37.57782038,126.9716478
종로구,종로안심03,37.57768072,126.9713862
종로구,종로안심03,37.57768072,126.9713862
종로구,종로안심03,37.5777447,126.9710124
종로구,종로안심03,37.57771027,126.9705667
종로구,종로안심03,37.57771027,126.9705667
종로구,종로안심03,37.57774231,126.9706041
종로구,종로안심03,37.57777657,126.9703136
종로구,종로안심03,37.57779251,126.9700203
종로구,종로안심03,37.57779251,126.9700203
종로구,종로안심03,37.57779251,126.9700203
종로구,종로안심03,37.57779251,126.9700203
종로구,종로안심03,37.57776733,126.9699628
종로구,종로안심03,37.5778221,126.9693647
종로구,종로안심04,37.57938267,126.9685906
종로구,종로안심04,37.57938267,126.9685906
종로구,종로안심04,37.57938267,126.9685906
종로구,종로안심04,37.57938267,126.9685906
종로구,종로안심04,37.579433,126.9685359
종로구,종로안심04,37.5794101,126.9684698
종로구,종로안심04,37.57943525,126.9683749
종로구,종로안심04,37.5793917,126.9681276
종로구,종로안심04,37.57940996,126.9679694
종로구,종로안심04,37.57949465,126.9679953
종로구,종로안심04,37.57949465,126.9679953
종로구,종로안심04,37.57969145,126.9679492
종로구,종로안심04,37.57969145,126.9679492
종로구,종로안심04,37.57969145,126.9679492
종로구,종로안심04,37.5797326,126.9677881
종로구,종로안심04,37.5799431,126.9676558
종로구,종로안심04,37.57997057,126.9676759
종로구,종로안심04,37.57997057,126.9676759
종로구,종로안심04,37.57995219,126.9673912
종로구,종로안심04,37.57998644,126.9671267
종로구,종로안심04,37.58006649,126.9669455
종로구,종로안심04,37.58006649,126.9669455
종로구,종로안심04,37.58006649,126.9669455
종로구,종로안심04,37.58009155,126.9665659
종로구,종로안심04,37.58012358,126.9665256
종로구,종로안심04,37.58012358,126.9665256
종로구,종로안심04,37.58017837,126.966054
종로구,종로안심04,37.58017837,126.966054
종로구,종로안심04,37.58021953,126.9659188
종로구,종로안심04,37.58035677,126.9656973
종로구,종로안심04,37.58035677,126.9656973
종로구,종로안심04,37.58035677,126.9656973
종로구,종로안심04,37.5794855,126.9680298
종로구,종로안심05,37.6045129,126.9590914
종로구,종로안심05,37.6045129,126.9590914
종로구,종로안심05,37.6045129,126.9590914
종로구,종로안심05,37.6045083,126.9591489
종로구,종로안심05,37.6044764,126.959356
종로구,종로안심05,37.6042836,126.9596091
종로구,종로안심05,37.6042613,126.9596208
종로구,종로안심05,37.6041989,126.9596667
종로구,종로안심05,37.6041463,126.9597365
종로구,종로안심05,37.6037671,126.9598627
종로구,종로안심05,37.6037213,126.9599317
종로구,종로안심05,37.6037213,126.9599317
종로구,종로안심05,37.6037213,126.9599317
종로구,종로안심05,37.6037076,126.959903
종로구,종로안심05,37.6035102,126.9600065
종로구,종로안심05,37.6033323,126.9600355
종로구,종로안심05,37.6030852,126.9601334
종로구,종로안심05,37.6030852,126.9601334
종로구,종로안심05,37.6030852,126.9601334
종로구,종로안심05,37.6029267,126.960188
종로구,종로안심05,37.6027786,126.9603982
종로구,종로안심05,37.6027872,126.9605016
종로구,종로안심05,37.6027786,126.9603982
종로구,종로안심05,37.6026994,126.9607585
종로구,종로안심05,37.6026994,126.9607585
종로구,종로안심05,37.6026994,126.9607585
종로구,종로안심05,37.6026506,126.9608182
종로구,종로안심05,37.6025866,126.9609851
종로구,종로안심05,37.6025683,126.9611577
종로구,종로안심05,37.6025729,126.9612152
종로구,종로안심06,37.6069117,126.9587905
종로구,종로안심06,37.6067931,126.9588357
종로구,종로안심06,37.6066431,126.9584906
종로구,종로안심06,37.6066431,126.9584906
종로구,종로안심06,37.6066431,126.9584906
종로구,종로안심06,37.6066431,126.9584906
종로구,종로안심06,37.6066026,126.9584788
종로구,종로안심06,37.6065026,126.9582788
종로구,종로안심06,37.6063059,126.9580161
종로구,종로안심06,37.606156,126.9577886
종로구,종로안심06,37.6060218,126.9576789
종로구,종로안심06,37.6060218,126.9576789
종로구,종로안심06,37.6060218,126.9576789
종로구,종로안심06,37.6060218,126.9576789
종로구,종로안심06,37.6059875,126.9576593
종로구,종로안심06,37.6056753,126.9576241
종로구,종로안심06,37.6055006,126.9576046
종로구,종로안심06,37.6053757,126.957487
종로구,종로안심06,37.6053757,126.957487
종로구,종로안심06,37.605332,126.9575223
종로구,종로안심06,37.6052821,126.9575577
종로구,종로안심06,37.6051011,126.9575735
종로구,종로안심06,37.6048638,126.9572519
종로구,종로안심06,37.604713,126.9571898
종로구,종로안심06,37.604613,126.9570563
종로구,종로안심06,37.6045888,126.9570563
종로구,종로안심06,37.6045888,126.9570563
종로구,혜화안심01,37.5874481,127.000734
종로구,혜화안심01,37.5872358,127.0000294
종로구,혜화안심01,37.5872358,127.0000294
종로구,혜화안심01,37.587229,127.0000466
종로구,혜화안심01,37.5873008,127.0002262
종로구,혜화안심01,37.5872758,127.0002497
종로구,혜화안심01,37.5873382,127.0004419
종로구,혜화안심01,37.5874481,127.000734
종로구,혜화안심01,37.5874481,127.000734
종로구,혜화안심01,37.5874192,127.0007737
종로구,혜화안심01,37.5874192,127.0007737
종로구,혜화안심01,37.5874632,127.0007883
종로구,혜화안심01,37.5877274,127.0011291
종로구,혜화안심01,37.5877205,127.0011349
종로구,혜화안심01,37.5877205,127.0011349
종로구,혜화안심01,37.5879685,127.001234
종로구,혜화안심01,37.5880636,127.0012573
종로구,혜화안심01,37.5880751,127.0012631
종로구,혜화안심01,37.5880751,127.0012631
종로구,혜화안심01,37.5880636,127.0012573
종로구,혜화안심01,37.5881377,127.0012631
종로구,혜화안심01,37.5883719,127.001333
종로구,혜화안심01,37.5885666,127.0013738
종로구,혜화안심01,37.5887636,127.0013884
종로구,혜화안심01,37.588847,127.0014262
종로구,혜화안심01,37.5888772,127.0014583
종로구,혜화안심01,37.5888772,127.0014583
종로구,혜화안심01,37.589109,127.0014728
종로구,혜화안심01,37.5891414,127.0014962
종로구,혜화안심01,37.5891414,127.0014962
종로구,혜화안심02,37.57676664,127.0153267
종로구,혜화안심02,37.57675285,127.0150372
종로구,혜화안심02,37.57675747,127.014959
종로구,혜화안심02,37.57670449,127.014791
종로구,혜화안심02,37.57675982,127.0146289
종로구,혜화안심02,37.57675982,127.0146289
종로구,혜화안심02,37.57675752,127.0145942
종로구,혜화안심02,37.57675752,127.0145942
종로구,혜화안심02,37.57677138,127.0142786
종로구,혜화안심02,37.57688433,127.0140035
종로구,혜화안심02,37.57690278,127.0138732
종로구,혜화안심02,37.57695118,127.0137922
종로구,혜화안심02,37.57695118,127.0137922
종로구,혜화안심02,37.57695118,127.0137922
종로구,혜화안심02,37.57696964,127.0136387
종로구,혜화안심02,37.57702496,127.0134708
종로구,혜화안심02,37.57677608,127.0135084
종로구,혜화안심02,37.57663321,127.0134794
종로구,혜화안심03,37.58431231,126.9970279
종로구,혜화안심03,37.58431231,126.9970279
종로구,혜화안심03,37.58435121,126.997002
종로구,혜화안심03,37.58438554,126.9969848
종로구,혜화안심03,37.58438554,126.9969848
종로구,혜화안심03,37.58450453,126.9964384
종로구,혜화안심03,37.58454344,126.9964527
종로구,혜화안심03,37.58463725,126.9959035
종로구,혜화안심03,37.58463725,126.9959035
종로구,혜화안심03,37.58468759,126.9957424
종로구,혜화안심03,37.58469216,126.9956274
종로구,혜화안심03,37.58469216,126.9956274
종로구,혜화안심03,37.58479515,126.995636
종로구,혜화안심03,37.58487981,126.9953341
종로구,혜화안심03,37.58496448,126.9952564
종로구,혜화안심03,37.58496448,126.9952909
종로구,혜화안심03,37.58496448,126.9952909
종로구,혜화안심03,37.58517044,126.9951529
종로구,혜화안심03,37.5854047,126.9950062
종로구,혜화안심03,37.585516,126.9950033
종로구,혜화안심03,37.585516,126.9950033
종로구,혜화안심03,37.58585469,126.9947358
종로구,혜화안심03,37.58595767,126.9946064
종로구,혜화안심03,37.5860515,126.9946007
종로구,혜화안심03,37.5860515,126.9946007
종로구,혜화안심03,37.58627119,126.9944224
종로구,혜화안심03,37.58658242,126.9941635
종로구,혜화안심03,37.58663963,126.9941635
종로구,혜화안심03,37.58663963,126.9941635
종로구,혜화안심03,37.58663963,126.9941635
종로구,혜화안심03,37.58663963,126.9941635
종로구,혜화안심03,37.58688678,126.9939996
종로구,혜화안심03,37.58697832,126.993873
종로구,혜화안심04,37.5831446,127.0049214
종로구,혜화안심04,37.583133,127.0049534
종로구,혜화안심04,37.583133,127.0049534
종로구,혜화안심04,37.5830125,127.0048719
종로구,혜화안심04,37.5830125,127.0048719
종로구,혜화안심04,37.5831122,127.0053583
종로구,혜화안심04,37.583133,127.005568
종로구,혜화안심04,37.583133,127.005568
종로구,혜화안심04,37.5831376,127.0056758
종로구,혜화안심04,37.5832489,127.0058884
종로구,혜화안심04,37.5832466,127.0058826
종로구,혜화안심04,37.5832466,127.0058826
종로구,혜화안심04,37.5832466,127.0058826
종로구,혜화안심04,37.5832443,127.0058418
종로구,혜화안심04,37.5831909,127.0061127
종로구,혜화안심04,37.5831886,127.0061535
종로구,혜화안심05,37.57424863,127.0187697
종로구,혜화안심05,37.57423949,127.0187237
종로구,혜화안심05,37.57438825,127.0186519
종로구,혜화안심05,37.57438825,127.0186519
종로구,혜화안심05,37.57446374,127.0188704
종로구,혜화안심05,37.57449805,127.0189682
종로구,혜화안심05,37.57449805,127.0189682
종로구,혜화안심05,37.57459188,127.0189654
종로구,혜화안심05,37.57459188,127.0189654
종로구,혜화안심05,37.57466053,127.0190401
종로구,혜화안심05,37.57473832,127.0191552
종로구,혜화안심05,37.57490767,127.0191667
종로구,혜화안심05,37.57490767,127.0191667
종로구,혜화안심05,37.57493513,127.019161
종로구,혜화안심05,37.57506787,127.0191236
종로구,혜화안심05,37.57506787,127.0191236
종로구,혜화안심05,37.57520976,127.0191035
종로구,혜화안심05,37.57520976,127.0191035
종로구,혜화안심05,37.57520976,127.0191035
종로구,혜화안심05,37.57527615,127.0189799
종로구,혜화안심05,37.57546839,127.0189282
종로구,혜화안심05,37.57568123,127.018911
종로구,혜화안심05,37.57573387,127.0188851
종로구,혜화안심05,37.57575447,127.0188765
종로구,혜화안심05,37.57575447,127.0188765
종로구,혜화안심05,37.57608173,127.0188852
종로구,혜화안심05,37.57608173,127.0188852
종로구,혜화안심05,37.57608173,127.0188852
종로구,혜화안심05,37.57611147,127.0189082
종로구,혜화안심06,37.57187865,127.0103065
종로구,혜화안심06,37.57187865,127.0103065
종로구,혜화안심06,37.57196103,127.0104302
종로구,혜화안심06,37.57202509,127.0105394
종로구,혜화안심06,37.57223791,127.0107235
종로구,혜화안심06,37.57231115,127.0106574
종로구,혜화안심06,37.57254686,127.0107983
종로구,혜화안심06,37.57281233,127.0107868
종로구,혜화안심06,37.57316934,127.0107322
종로구,혜화안심06,37.57338447,127.0106633
종로구,혜화안심06,37.57342108,127.0107035
종로구,혜화안심06,37.57343939,127.0107093
종로구,혜화안심06,37.57371402,127.0106547
종로구,혜화안심06,37.57371402,127.0106547
종로구,혜화안심06,37.57367055,127.0105052
종로구,혜화안심06,37.57367055,127.0105052
종로구,혜화안심06,37.57388108,127.010649
종로구,혜화안심06,37.57399551,127.0106662
종로구,혜화안심06,37.57426555,127.0107036
종로구,혜화안심06,37.57449897,127.0107439
종로구,혜화안심06,37.57492236,127.0106635
종로구,혜화안심06,37.57492236,127.0106635
종로구,혜화안심06,37.57504594,127.0106204
종로구,혜화안심06,37.57519469,127.0106549
종로구,혜화안심07,37.58782398,126.9966345
종로구,혜화안심07,37.58782398,126.9966345
종로구,혜화안심07,37.58772672,126.9967244
종로구,혜화안심07,37.58783256,126.9965338
종로구,혜화안심07,37.58794126,126.996257
종로구,혜화안심07,37.58811861,126.9958831
종로구,혜화안심07,37.58811861,126.9958831
종로구,혜화안심07,37.58832743,126.9957429
종로구,혜화안심07,37.58850192,126.9954446
종로구,혜화안심07,37.58860203,126.9952972
종로구,혜화안심07,37.58870216,126.9952792
종로구,혜화안심07,37.58882802,126.9951569
종로구,혜화안심07,37.58890525,126.9950419
종로구,혜화안심07,37.58890525,126.9950419
종로구,혜화안심07,37.58904255,126.9947112
종로구,혜화안심07,37.58923707,126.9946536
종로구,혜화안심07,37.58923707,126.9946536
종로구,혜화안심07,37.5893429,126.9942294
종로구,혜화안심07,37.5894516,126.9941791
종로구,혜화안심07,37.58943443,126.9941216
종로구,혜화안심07,37.58953169,126.9940389
종로구,혜화안심07,37.58979772,126.9937549
종로구,혜화안심07,37.58979772,126.9937549
종로구,혜화안심07,37.59004658,126.9934744
종로구,혜화안심07,37.59012453,126.9934522
종로구,혜화안심07,37.59016744,126.9934774
종로구,혜화안심07,37.590402,126.9933299
종로구,혜화안심07,37.590402,126.9933299
종로구,혜화안심07,37.590402,126.9933299
종로구,혜화안심07,37.590402,126.9933299
종로구,혜화안심07,37.59056792,126.9932041
종로구,혜화안심07,37.59052786,126.9930819
종로구,혜화안심07,37.59070522,126.9931106
종로구,혜화안심07,37.59097125,126.9928697
종로구,혜화안심07,37.59111428,126.9928302
종로구,혜화안심07,37.59111428,126.9928302
종로구,혜화안심07,37.59111428,126.9928302
종로구,혜화안심08,37.57494571,127.0147848
종로구,혜화안심08,37.57494571,127.0147848
종로구,혜화안심08,37.57499835,127.0147676
종로구,혜화안심08,37.57484275,127.0145317
종로구,혜화안심08,37.57484275,127.0145317
종로구,혜화안심08,37.57479243,127.0143218
종로구,혜화안심08,37.57471007,127.0141522
종로구,혜화안심08,37.57471007,127.0141522
종로구,혜화안심08,37.57466662,127.0138819
종로구,혜화안심08,37.57468265,127.0137956
종로구,혜화안심08,37.57468265,127.0137956
종로구,혜화안심08,37.57492067,127.0136519
종로구,혜화안심08,37.57495729,127.0135973
종로구,혜화안심08,37.57495729,127.0135973
종로구,혜화안심08,37.57508545,127.0135743
종로구,혜화안심08,37.57512666,127.0134765
종로구,혜화안심08,37.57509922,127.0132781
종로구,혜화안심08,37.57509922,127.0132781
종로구,혜화안심08,37.57492759,127.0131861
종로구,혜화안심08,37.57483606,127.0130567
종로구,혜화안심08,37.57482919,127.0131027
종로구,혜화안심08,37.57479716,127.0130653
종로구,혜화안심08,37.57480632,127.0129791
종로구,혜화안심08,37.5747308,127.0129934
종로구,혜화안심08,37.57467359,127.0129445
종로구,혜화안심08,37.57453171,127.0128352
종로구,혜화안심08,37.57446536,127.012726
종로구,혜화안심08,37.57441273,127.0126282
종로구,혜화안심08,37.57435552,127.0126081
종로구,혜화안심08,37.57435552,127.0126081
종로구,혜화안심08,37.57426629,127.0124211
종로구,혜화안심08,37.57426629,127.0124211
종로구,혜화안심08,37.57426629,127.0124211
종로구,혜화안심08,37.57415874,127.0122802
종로구,혜화안심08,37.57418163,127.0122687
종로구,혜화안심08,37.57418163,127.0122687
종로구,혜화안심09,37.5793039,127.0096423
종로구,혜화안심09,37.57932965,127.0095776
종로구,혜화안심09,37.57932965,127.0095776
종로구,혜화안심09,37.5792009,127.0097789
종로구,혜화안심09,37.57895773,127.009937
종로구,혜화안심09,37.5789234,127.0099226
종로구,혜화안심09,37.57890909,127.0100736
종로구,혜화안심09,37.57869739,127.0101814
종로구,혜화안심09,37.57857723,127.0102964
종로구,혜화안심09,37.57857723,127.0102964
종로구,혜화안심09,37.57857723,127.0102964
종로구,혜화안심09,37.57849283,127.0104527
종로구,혜화안심09,37.5782754,127.0106252
종로구,혜화안심09,37.57825251,127.0107007
종로구,혜화안심09,37.57825251,127.0107007
종로구,혜화안심09,37.57816669,127.0107834
종로구,혜화안심09,37.57807516,127.0106612
종로구,혜화안심09,37.57808658,127.010866
종로구,혜화안심09,37.57794354,127.0109343
종로구,혜화안심09,37.57770895,127.0111499
종로구,혜화안심09,37.57752871,127.0113081
종로구,혜화안심09,37.57753442,127.0113871
종로구,혜화안심09,37.57729698,127.0115165
종로구,혜화안심09,37.57726551,127.0115488
종로구,혜화안심09,37.57726551,127.0115488
종로구,혜화안심09,37.57713102,127.0118615
종로구,혜화안심09,37.57709383,127.0118975
종로구,혜화안심09,37.57709383,127.0118975
종로구,혜화안심09,37.57717105,127.012088
중구,남대문안심03,37.558651,126.983047
중구,남대문안심03,37.558628,126.983078
중구,남대문안심03,37.558628,126.983078
중구,남대문안심03,37.558571,126.983414
중구,남대문안심03,37.558571,126.983459
중구,남대문안심03,37.558571,126.983459
중구,남대문안심03,37.558533,126.983742
중구,남대문안심03,37.558567,126.983902
중구,남대문안심03,37.558544,126.984024
중구,남대문안심03,37.558563,126.984062
중구,남대문안심03,37.558563,126.984062
중구,남대문안심03,37.558567,126.984116
중구,남대문안심03,37.558552,126.984261
중구,남대문안심03,37.558548,126.984413
중구,남대문안심03,37.558548,126.984413
중구,남대문안심03,37.558548,126.984413
중구,남대문안심03,37.558487,126.984901
중구,남대문안심03,37.558506,126.984947
중구,남대문안심03,37.55851,126.984955
중구,남대문안심03,37.55851,126.985229
중구,남대문안심03,37.558487,126.985413
중구,남대문안심03,37.558533,126.985466
중구,남대문안심03,37.558533,126.985466
중구,남대문안심03,37.558533,126.985466
중구,남대문안심04,37.560612,126.98568
중구,남대문안심04,37.560577,126.985641
중구,남대문안심04,37.560375,126.985565
중구,남대문안심04,37.560375,126.985565
중구,남대문안심04,37.559967,126.98568
중구,남대문안심04,37.559803,126.985672
중구,남대문안심04,37.559803,126.985672
중구,남대문안심04,37.559551,126.985771
중구,남대문안심04,37.559551,126.985771
중구,남대문안심04,37.55941,126.985802
중구,남대문안심04,37.559185,126.985863
중구,남대문안심04,37.559185,126.985863
중구,남대문안심04,37.558929,126.986046
중구,남대문안심04,37.558929,126.986046
중구,남대문안심04,37.558914,126.986069
중구,남대문안심04,37.558739,126.986076
중구,남대문안심04,37.55867,126.986183
중구,남대문안심04,37.55867,126.986183
중구,남대문안심04,37.558487,126.986351
중구,남대문안심04,37.558273,126.986496
중구,남대문안심04,37.558273,126.986496
중구,남대문안심04,37.558094,126.986496
중구,남대문안심04,37.557892,126.986588
중구,남대문안심04,37.557735,126.986664
중구,남대문안심04,37.557735,126.986664
중구,남대문안심04,37.557735,126.986664
중구,남대문안심04,37.557636,126.986633
중구,남대문안심05,37.559199,126.963946
중구,남대문안심05,37.559199,126.963946
중구,남대문안심05,37.559047,126.96399
중구,남대문안심05,37.559047,126.96399
중구,남대문안심05,37.558784,126.96425
중구,남대문안심05,37.558784,126.96425
중구,남대문안심05,37.558784,126.96425
중구,남대문안심05,37.558724,126.964226
중구,남대문안심05,37.558724,126.964226
중구,남대문안심05,37.558471,126.964266
중구,남대문안심05,37.558471,126.964266
중구,남대문안심05,37.558497,126.964235
중구,남대문안심05,37.558202,126.96431
중구,남대문안심05,37.558202,126.96431
중구,남대문안심05,37.558202,126.96431
중구,남대문안심05,37.558144,126.96424
중구,남대문안심05,37.558144,126.96424
중구,남대문안심05,37.557946,126.964078
중구,남대문안심05,37.557852,126.964194
중구,남대문안심05,37.557711,126.964221
중구,남대문안심05,37.5577,126.964152
중구,남대문안심05,37.557658,126.964182
중구,남대문안심05,37.557611,126.964182
중구,남대문안심06,37.555767,126.967545
중구,남대문안심06,37.555798,126.967575
중구,남대문안심06,37.555828,126.96759
중구,남대문안심06,37.555828,126.96759
중구,남대문안심06,37.555851,126.967583
중구,남대문안심06,37.555878,126.967598
중구,남대문안심06,37.55608,126.967537
중구,남대문안심06,37.556309,126.967552
중구,남대문안심06,37.556595,126.967613
중구,남대문안심06,37.556614,126.967613
중구,남대문안심06,37.556629,126.967606
중구,남대문안심06,37.556648,126.967628
중구,남대문안심06,37.556656,126.967598
중구,남대문안심06,37.557079,126.967613
중구,남대문안심06,37.557228,126.967682
중구,남대문안심06,37.557224,126.967735
중구,남대문안심06,37.557278,126.967781
중구,남대문안심06,37.557602,126.968048
중구,남대문안심06,37.557606,126.968048
중구,남대문안심06,37.557713,126.968185
중구,남대문안심06,37.557789,126.968269
중구,남대문안심06,37.557796,126.968277
중구,남대문안심06,37.558128,126.968575
중구,남대문안심06,37.558132,126.968544
중구,남대문안심06,37.558132,126.968536
중구,남대문안심06,37.558128,126.968536
중구,남대문안심06,37.558525,126.968613
중구,남대문안심06,37.55854,126.968651
중구,남대문안심06,37.558537,126.968643
중구,남대문안심06,37.558537,126.968651
중구,남대문안심06,37.558559,126.968643
중구,남대문안심06,37.559013,126.968842
중구,남대문안심07,37.560325,126.96567
중구,남대문안심07,37.560231,126.96595
중구,남대문안심07,37.560232,126.96595
중구,남대문안심07,37.560231,126.96595
중구,남대문안심07,37.560231,126.96595
중구,남대문안심07,37.560133,126.966025
중구,남대문안심07,37.560133,126.966025
중구,남대문안심07,37.560133,126.966025
중구,남대문안심07,37.560133,126.966025
중구,남대문안심07,37.560012,126.96605
중구,남대문안심07,37.559725,126.966185
중구,남대문안심07,37.559731,126.966048
중구,남대문안심07,37.559731,126.966048
중구,남대문안심07,37.559582,126.965869
중구,남대문안심07,37.559587,126.965854
중구,남대문안심07,37.559608,126.965797
중구,남대문안심07,37.559343,126.965655
중구,남대문안심07,37.55937,126.965728
중구,남대문안심07,37.55937,126.965728
중구,남대문안심07,37.55937,126.965728
중구,남대문안심07,37.558913,126.965562
중구,남대문안심07,37.558913,126.965562
중구,중부안심01,37.560738,126.993927
중구,중부안심01,37.560738,126.993927
중구,중부안심01,37.560715,126.99408
중구,중부안심01,37.560703,126.994102
중구,중부안심01,37.56068,126.994255
중구,중부안심01,37.560658,126.994431
중구,중부안심01,37.560631,126.994621
중구,중부안심01,37.560589,126.99482
중구,중부안심01,37.560492,126.994929
중구,중부안심01,37.560492,126.994929
중구,중부안심01,37.560492,126.994929
중구,중부안심01,37.560364,126.995407
중구,중부안심01,37.560284,126.995453
중구,중부안심01,37.560295,126.995468
중구,중부안심01,37.560265,126.995544
중구,중부안심01,37.560219,126.995468
중구,중부안심01,37.56004,126.995453
중구,중부안심01,37.56004,126.995461
중구,중부안심01,37.56004,126.995461
중구,중부안심01,37.559662,126.995468
중구,중부안심01,37.559513,126.995499
중구,중부안심01,37.559513,126.995499
중구,중부안심01,37.559452,126.995529
중구,중부안심01,37.559299,126.995491
중구,중부안심01,37.558758,126.995468
중구,중부안심01,37.558731,126.995483
중구,중부안심01,37.558731,126.995483
중구,중부안심01,37.558693,126.995491
중구,중부안심01,37.55867,126.995499
중구,중부안심01,37.558361,126.995613
중구,중부안심01,37.558167,126.995667
중구,중부안심01,37.558167,126.995667
중구,중부안심01,37.558163,126.995674
중구,중부안심01,37.557858,126.995728
중구,중부안심01,37.557858,126.995728
중구,중부안심01,37.557858,126.995728
중구,중부안심01,37.557568,126.995697
중구,중부안심01,37.557568,126.995697
중구,중부안심01,37.557564,126.995697
중구,중부안심01,37.557411,126.995667
중구,중부안심01,37.557304,126.995621
중구,중부안심01,37.55703,126.995514
중구,중부안심01,37.55703,126.995514
중구,중부안심01,37.558681,126.995529
중구,중부안심02,37.5595876,127.0006132
중구,중부안심02,37.5590126,127.0027883
중구,중부안심02,37.5590227,127.0027538
중구,중부안심02,37.5590383,127.0026714
중구,중부안심02,37.5590165,127.0025813
중구,중부안심02,37.5589416,127.0023225
중구,중부안심02,37.5589104,127.0022637
중구,중부안심02,37.5588698,127.0021892
중구,중부안심02,37.5588074,127.002103
중구,중부안심02,37.5587574,127.0019971
중구,중부안심02,37.5587606,127.0018286
중구,중부안심02,37.5588136,127.0017619
중구,중부안심02,37.5589603,127.0015384
중구,중부안심02,37.5589884,127.0015149
중구,중부안심02,37.5590102,127.0014522
중구,중부안심02,37.5590945,127.0014836
중구,중부안심02,37.5592069,127.0014679
중구,중부안심02,37.5592818,127.0014836
중구,중부안심02,37.5591788,127.0003976
중구,중부안심02,37.5596001,127.0006838
중구,중부안심02,37.5595751,127.0006681
중구,중부안심02,37.5595627,127.0004799
중구,중부안심02,37.5595002,127.0004329
중구,중부안심02,37.5594378,127.0004094
중구,중부안심02,37.5594004,127.0004015
중구,중부안심02,37.5592131,127.0003858
중구,중부안심02,37.5590571,127.0004172
중구,중부안심02,37.5589946,127.0004486
중구,중부안심02,37.5589197,127.0004721
중구,중부안심02,37.5588573,127.0005035
중구,중부안심02,37.5588043,127.0006015
중구,중부안심02,37.5587574,127.0010092
중구,중부안심02,37.5587075,127.0011542
중구,중부안심02,37.558642,127.0012366
중구,중부안심02,37.5586388,127.0012954
중구,중부안심02,37.5586139,127.0013581
중구,중부안심02,37.558617,127.0013895
중구,중부안심02,37.5586045,127.0014443
중구,중부안심03,37.563608,127.017912
중구,중부안심03,37.564126,127.016172
중구,중부안심03,37.564126,127.016172
중구,중부안심03,37.564017,127.016568
중구,중부안심03,37.564017,127.016568
중구,중부안심03,37.563986,127.016544
중구,중부안심03,37.563826,127.01705
중구,중부안심03,37.563789,127.017632
중구,중부안심03,37.563895,127.017163
중구,중부안심03,37.563895,127.017163
중구,중부안심03,37.563776,127.017469
중구,중부안심03,37.563733,127.017783
중구,중부안심03,37.563608,127.017912
중구,중부안심03,37.563608,127.017912
중구,중부안심03,37.563561,127.018328
중구,중부안심03,37.563561,127.018328
중구,중부안심03,37.563458,127.018614
중구,중부안심03,37.563452,127.018732
중구,중부안심03,37.563452,127.018732
중구,중부안심03,37.563452,127.018732
중구,중부안심03,37.563314,127.019179
중구,중부안심04,37.565565,127.019732
중구,중부안심04,37.565565,127.019642
중구,중부안심04,37.565381,127.019672
중구,중부안심04,37.565364,127.019749
중구,중부안심04,37.565269,127.01968
중구,중부안심04,37.56519,127.019642
중구,중부안심04,37.565185,127.019761
중구,중부안심04,37.56509,127.019633
중구,중부안심04,37.56509,127.019633
중구,중부안심04,37.5651,127.019761
중구,중부안심04,37.5651,127.019761
중구,중부안심04,37.5651,127.019761
중구,중부안심04,37.564923,127.019744
중구,중부안심04,37.56479,127.01968
중구,중부안심04,37.56479,127.01968
중구,중부안심04,37.56479,127.01968
중구,중부안심04,37.56479,127.01968
중구,중부안심04,37.564586,127.019706
중구,중부안심04,37.56447,127.019697
중구,중부안심04,37.564269,127.019693
중구,중부안심04,37.56413,127.019735
중구,중부안심04,37.56413,127.019735
중구,중부안심04,37.563919,127.01965
중구,중부안심04,37.563823,127.019581
중구,중부안심04,37.565235,127.019727
중구,중부안심04,37.56329,127.019356
중구,중부안심04,37.564042,127.019794
중구,중부안심04,37.56451,127.01973
중구,중부안심04,37.562904,127.019073
중구,중부안심04,37.561848,127.018434
중구,중부안심04,37.565111,127.019742
중구,중부안심04,37.565111,127.019742
중구,중부안심04,37.564036,127.019779
중구,중부안심04,37.564036,127.019771
중구,중부안심04,37.563328,127.019409
중구,중부안심04,37.56329,127.019356
중구,중부안심04,37.56324,127.019249
중구,중부안심04,37.563221,127.019325
중구,중부안심04,37.562954,127.019127
중구,중부안심04,37.562904,127.019073
중구,중부안심04,37.562759,127.018966
중구,중부안심04,37.562759,127.018966
중구,중부안심04,37.562309,127.018715
중구,중부안심04,37.562122,127.018608
중구,중부안심04,37.561219,127.018143
중구,중부안심04,37.56182,127.018395
중구,중부안심04,37.562268,127.018711
중구,중부안심04,37.561597,127.018268
중구,중부안심04,37.561597,127.018268
중구,중부안심04,37.561449,127.018167
중구,중부안심04,37.561493,127.018257
중구,중부안심04,37.561399,127.018233
중구,중부안심04,37.563218,127.019296
중구,중부안심04,37.564039,127.019775
중구,중부안심04,37.562759,127.018966
중구,중부안심04,37.562759,127.018966
중구,중부안심04,37.56329,127.019356
중구,중부안심04,37.56329,127.019356
중구,중부안심05,37.558075,127.012701
중구,중부안심05,37.557991,127.012932
중구,중부안심05,37.557929,127.013096
중구,중부안심05,37.557929,127.013096
중구,중부안심05,37.557929,127.013096
중구,중부안심05,37.557839,127.013383
중구,중부안심05,37.557839,127.013383
중구,중부안심05,37.557734,127.013651
중구,중부안심05,37.557734,127.013651
중구,중부안심05,37.557734,127.013651
중구,중부안심05,37.557663,127.014023
중구,중부안심05,37.557579,127.014149
중구,중부안심05,37.557374,127.014412
중구,중부안심05,37.557484,127.014398
중구,중부안심05,37.557465,127.014469
중구,중부안심05,37.557465,127.014469
중구,중부안심05,37.557465,127.014469
중구,중부안심05,37.557307,127.01485
중구,중부안심05,37.557175,127.015105
중구,중부안심05,37.557175,127.015105
중구,중부안심05,37.55712,127.015257
중구,중부안심05,37.55712,127.015257
중구,중부안심05,37.55706,127.015539
중구,중부안심05,37.557104,127.015532
중구,중부안심05,37.557079,127.015586
중구,중부안심05,37.557079,127.015586
중구,중부안심06,37.556147,127.011652
중구,중부안심06,37.556083,127.011799
중구,중부안심06,37.556166,127.011563
중구,중부안심06,37.556122,127.011742
중구,중부안심06,37.556054,127.011907
중구,중부안심06,37.555995,127.012153
중구,중부안심06,37.555956,127.012227
중구,중부안심06,37.555856,127.01253
중구,중부안심06,37.555878,127.012558
중구,중부안심06,37.555916,127.012338
중구,중부안심06,37.555752,127.012718
중구,중부안심06,37.55568,127.012913
중구,중부안심06,37.55563,127.013066
중구,중부안심06,37.555587,127.013177
중구,중부안심06,37.555604,127.01362
중구,중부안심06,37.555496,127.013575
중구,중부안심06,37.555658,127.013659
중구,중부안심06,37.555785,127.013728
중구,중부안심06,37.555727,127.013698
중구,중부안심06,37.555935,127.013826
중구,중부안심06,37.55588,127.013793
중구,중부안심06,37.555975,127.013862
중구,중부안심06,37.556049,127.013898
중구,중부안심06,37.556009,127.013847
중구,중부안심06,37.556245,127.014006
중구,중부안심06,37.556316,127.014048
중구,중부안심06,37.556369,127.014096
중구,중부안심06,37.556512,127.014171
중구,중부안심06,37.556667,127.014252
중구,중부안심06,37.556571,127.014204
중구,중부안심06,37.556624,127.014225
중구,중부안심07,37.56234,127.01437
중구,중부안심07,37.56234,127.01435
중구,중부안심07,37.56233,127.01438
중구,중부안심07,37.56229,127.01435
중구,중부안심07,37.56238,127.01428
중구,중부안심07,37.56237,127.01422
중구,중부안심07,37.56244,127.01392
중구,중부안심07,37.56253,127.01377
중구,중부안심07,37.56256,127.0137
중구,중부안심07,37.56256,127.01368
중구,중부안심07,37.5628,127.01325
중구,중부안심07,37.56282,127.01322
중구,중부안심07,37.56282,127.01323
중구,중부안심07,37.5629,127.01308
중구,중부안심07,37.56297,127.01301
중구,중부안심07,37.56297,127.01296
중구,중부안심07,37.56297,127.01296
중구,중부안심07,37.56311,127.01265
중구,중부안심07,37.5634,127.01217
중구,중부안심07,37.56341,127.01217
중구,중부안심07,37.56341,127.01217
중구,중부안심07,37.56342,127.01216
중구,중부안심07,37.5635,127.01196
중구,중부안심07,37.56352,127.01196
중구,중부안심07,37.56352,127.01194
중구,중부안심07,37.56362,127.01177
중구,중부안심07,37.56362,127.01177
중구,중부안심07,37.56376,127.01154
중구,중부안심07,37.5638,127.01134
중구,중부안심07,37.5638,127.01133
중구,중부안심07,37.56404,127.01092
중구,중부안심07,37.56407,127.0109
중구,중부안심07,37.56425,127.01052
중구,중부안심07,37.56427,127.01051
중구,중부안심07,37.5644,127.01031
중구,중부안심07,37.5644,127.01031
중구,중부안심07,37.56445,127.01034
중구,중부안심07,37.56443,127.01032
중구,중부안심08,37.56598,127.02285
중구,중부안심08,37.56626,127.02306
중구,중부안심08,37.56646,127.0231
중구,중부안심08,37.56646,127.0231
중구,중부안심08,37.566623,127.023111
중구,중부안심08,37.566912,127.023133
중구,중부안심08,37.56742,127.02316
중구,중부안심08,37.56765,127.02312
중랑구,중랑안심01,37.59669274,127.0973234
중랑구,중랑안심01,37.59568768,127.0999032
중랑구,중랑안심01,37.59583,127.09956
중랑구,중랑안심01,37.59581285,127.099574
중랑구,중랑안심01,37.59595987,127.0993201
중랑구,중랑안심01,37.59604658,127.09915
중랑구,중랑안심01,37.59612558,127.098921
중랑구,중랑안심01,37.59622901,127.0986386
중랑구,중랑안심01,37.596171,127.0985539
중랑구,중랑안심01,37.59631012,127.0984164
중랑구,중랑안심01,37.59631412,127.0984154
중랑구,중랑안심01,37.59631412,127.0984154
중랑구,중랑안심01,37.5964003,127.0981255
중랑구,중랑안심01,37.59637484,127.0980307
중랑구,중랑안심01,37.59639643,127.0980404
중랑구,중랑안심01,37.59648503,127.0979174
중랑구,중랑안심01,37.59648503,127.0979174
중랑구,중랑안심01,37.59650303,127.0978674
중랑구,중랑안심01,37.59647215,127.097739
중랑구,중랑안심01,37.59652628,127.0976177
중랑구,중랑안심01,37.59658845,127.0976152
중랑구,중랑안심01,37.59665914,127.0974203
중랑구,중랑안심01,37.59667714,127.0974063
중랑구,중랑안심01,37.59667059,127.0972657
중랑구,중랑안심01,37.596849,127.0968268
중랑구,중랑안심01,37.59682416,127.0967061
중랑구,중랑안심01,37.59688699,127.0965215
중랑구,중랑안심01,37.59694573,127.0964468
중랑구,중랑안심01,37.59700972,127.0963426
중랑구,중랑안심01,37.59700972,127.0963426
중랑구,중랑안심01,37.59696671,127.0962807
중랑구,중랑안심01,37.59696671,127.0962807
중랑구,중랑안심01,37.59709242,127.096118
중랑구,중랑안심01,37.59715142,127.095965
중랑구,중랑안심01,37.59723901,127.0956976
중랑구,중랑안심01,37.59719385,127.0956424
중랑구,중랑안심01,37.59729086,127.0955359
중랑구,중랑안심01,37.59729486,127.0955199
중랑구,중랑안심01,37.59728843,127.0955354
중랑구,중랑안심01,37.59739759,127.0952294
중랑구,중랑안심01,37.59735786,127.0951688
중랑구,중랑안심01,37.59750344,127.094978
중랑구,중랑안심01,37.59758988,127.0947869
중랑구,중랑안심01,37.59754106,127.0947452
중랑구,중랑안심02,37.59997598,127.1024529
중랑구,중랑안심02,37.59983098,127.1024459
중랑구,중랑안심02,37.59983098,127.1024459
중랑구,중랑안심02,37.59956833,127.1024592
중랑구,중랑안심02,37.59957833,127.1024702
중랑구,중랑안심02,37.59957833,127.1024702
중랑구,중랑안심02,37.59943356,127.1025481
중랑구,중랑안심02,37.59937427,127.1025311
중랑구,중랑안심02,37.59937427,127.1025311
중랑구,중랑안심02,37.59916198,127.1026311
중랑구,중랑안심02,37.59914172,127.1026576
중랑구,중랑안심02,37.59914172,127.1026576
중랑구,중랑안심02,37.59893454,127.1026193
중랑구,중랑안심02,37.59883799,127.1026654
중랑구,중랑안심02,37.59862744,127.102753
중랑구,중랑안심02,37.59865073,127.102784
중랑구,중랑안심02,37.59865073,127.102784
중랑구,중랑안심02,37.59865073,127.102779
중랑구,중랑안심02,37.59856609,127.1027719
중랑구,중랑안심02,37.59856109,127.1027599
중랑구,중랑안심02,37.59846199,127.1027455
중랑구,중랑안심02,37.59830099,127.1028034
중랑구,중랑안심02,37.598096,127.1028429
중랑구,중랑안심02,37.59794899,127.1028668
중랑구,중랑안심02,37.59781627,127.1028681
중랑구,중랑안심03,37.58951844,127.0857319
중랑구,중랑안심03,37.58812992,127.0861119
중랑구,중랑안심03,37.58830699,127.0860706
중랑구,중랑안심03,37.58830699,127.0860706
중랑구,중랑안심03,37.58835898,127.086079
중랑구,중랑안심03,37.58849557,127.0860046
중랑구,중랑안심03,37.58856757,127.0859776
중랑구,중랑안심03,37.58865456,127.085997
중랑구,중랑안심03,37.58865456,127.085997
중랑구,중랑안심03,37.58865456,127.085997
중랑구,중랑안심03,37.58877701,127.0859286
중랑구,중랑안심03,37.58881827,127.0859601
중랑구,중랑안심03,37.58881827,127.0859601
중랑구,중랑안심03,37.58913798,127.0858549
중랑구,중랑안심03,37.58912699,127.0858771
중랑구,중랑안심03,37.58912699,127.0858771
중랑구,중랑안심03,37.58927301,127.0858006
중랑구,중랑안심03,37.58927301,127.0858006
중랑구,중랑안심03,37.58939999,127.0858101
중랑구,중랑안심03,37.589445,127.08592
중랑구,중랑안심03,37.589445,127.08592
중랑구,중랑안심03,37.58951844,127.0857319
중랑구,중랑안심03,37.58975972,127.0856705
중랑구,중랑안심03,37.59008799,127.0855806
중랑구,중랑안심03,37.59008799,127.0855806
중랑구,중랑안심03,37.59015804,127.0855888
중랑구,중랑안심03,37.590075,127.0854242
중랑구,중랑안심03,37.590075,127.0854242
중랑구,중랑안심04,37.58839135,127.0879858
중랑구,중랑안심04,37.58840112,127.0879647
중랑구,중랑안심04,37.58840112,127.0879647
중랑구,중랑안심04,37.58835073,127.0881073
중랑구,중랑안심04,37.58831741,127.0881125
중랑구,중랑안심04,37.58832574,127.0882835
중랑구,중랑안심04,37.58830774,127.0884795
중랑구,중랑안심04,37.58830774,127.0884795
중랑구,중랑안심04,37.58827555,127.0887762
중랑구,중랑안심04,37.58829504,127.0891001
중랑구,중랑안심04,37.58826604,127.089174
중랑구,중랑안심04,37.58828316,127.089364
중랑구,중랑안심04,37.588266,127.0894738
중랑구,중랑안심04,37.588266,127.0894738
중랑구,중랑안심04,37.588266,127.0894738
중랑구,중랑안심04,37.58831966,127.0894941
중랑구,중랑안심04,37.588465,127.08976
중랑구,중랑안심04,37.588465,127.08976
중랑구,중랑안심04,37.58848958,127.0899009
중랑구,중랑안심04,37.58839803,127.0900957
중랑구,중랑안심04,37.58839803,127.0900957
중랑구,중랑안심04,37.58839803,127.0900957
중랑구,중랑안심04,37.58839803,127.0900957
중랑구,중랑안심04,37.58843245,127.0901719
중랑구,중랑안심04,37.58848146,127.0903853
중랑구,중랑안심04,37.58843516,127.090634
중랑구,중랑안심04,37.58843516,127.090634
중랑구,중랑안심04,37.588477,127.09069
중랑구,중랑안심04,37.58847787,127.0906281
중랑구,중랑안심05,37.58892159,127.0773198
중랑구,중랑안심05,37.5892227,127.0798521
중랑구,중랑안심05,37.5892287,127.0798481
중랑구,중랑안심05,37.58912056,127.079628
중랑구,중랑안심05,37.58915346,127.0794139
중랑구,중랑안심05,37.58904599,127.0791536
중랑구,중랑안심05,37.58912016,127.0790784
중랑구,중랑안심05,37.58907758,127.0790019
중랑구,중랑안심05,37.5890813,127.0787243
중랑구,중랑안심05,37.58899843,127.0782975
중랑구,중랑안심05,37.589004,127.0786248
중랑구,중랑안심05,37.58906117,127.0783095
중랑구,중랑안심05,37.58894356,127.078201
중랑구,중랑안심05,37.58894856,127.078198
중랑구,중랑안심05,37.588808,127.078205
중랑구,중랑안심05,37.58900717,127.078004
중랑구,중랑안심05,37.58890513,127.0778189
중랑구,중랑안심05,37.58897947,127.0777516
중랑구,중랑안심05,37.58887813,127.0775969
중랑구,중랑안심05,37.58885055,127.0774075
중랑구,중랑안심05,37.58885455,127.0774035
중랑구,중랑안심05,37.58884855,127.0774015
중랑구,중랑안심05,37.58882,127.077001
중랑구,중랑안심05,37.58840984,127.0765665
중랑구,중랑안심05,37.58886123,127.0764973
중랑구,중랑안심05,37.58881863,127.0764753
중랑구,중랑안심05,37.58885423,127.0765023
중랑구,중랑안심05,37.5887347,127.0765467
중랑구,중랑안심05,37.58840984,127.0765665
중랑구,중랑안심05,37.58841184,127.0765575
중랑구,중랑안심06,37.59521527,127.082809
중랑구,중랑안심06,37.59501446,127.082878
중랑구,중랑안심06,37.59501446,127.082878
중랑구,중랑안심06,37.59501446,127.082878
중랑구,중랑안심06,37.59488728,127.0829394
중랑구,중랑안심06,37.59442899,127.0831348
중랑구,중랑안심06,37.59432214,127.0831853
중랑구,중랑안심06,37.59402899,127.0833044
중랑구,중랑안심06,37.59397444,127.0833418
중랑구,중랑안심06,37.59399252,127.08337
중랑구,중랑안심06,37.59399252,127.08337
중랑구,중랑안심06,37.59399252,127.08337
중랑구,중랑안심06,37.59358673,127.083453
중랑구,중랑안심06,37.59334433,127.0835225
중랑구,중랑안심06,37.5931053,127.0836315
중랑구,중랑안심06,37.59280219,127.0837051
중랑구,중랑안심06,37.59280219,127.0837051
중랑구,중랑안심06,37.59274086,127.0837206
중랑구,중랑안심06,37.59283451,127.0837933
중랑구,중랑안심06,37.59275441,127.0838189
중랑구,중랑안심06,37.59226848,127.0839438
중랑구,중랑안심06,37.59225627,127.0839174
중랑구,중랑안심06,37.59280219,127.0837051
중랑구,중랑안심06,37.59280219,127.0837051
중랑구,중랑안심06,37.59225627,127.0839174
중랑구,중랑안심07,37.58169219,127.0885459
중랑구,중랑안심07,37.58169219,127.0885459
중랑구,중랑안심07,37.58169219,127.0885459
중랑구,중랑안심07,37.58175089,127.088323
중랑구,중랑안심07,37.58170944,127.0882501
중랑구,중랑안심07,37.58172244,127.0881201
중랑구,중랑안심07,37.58179434,127.0879409
중랑구,중랑안심07,37.58179434,127.0879409
중랑구,중랑안심07,37.581722,127.087956
중랑구,중랑안심07,37.58179015,127.087276
중랑구,중랑안심07,37.58182744,127.086877
중랑구,중랑안심07,37.58182787,127.0867241
중랑구,중랑안심07,37.58187159,127.0867157
중랑구,중랑안심07,37.581825,127.086676
중랑구,중랑안심07,37.581825,127.086676
중랑구,중랑안심07,37.581825,127.086676
중랑구,중랑안심07,37.581825,127.086676
중랑구,중랑안심07,37.58184573,127.0866119
중랑구,중랑안심08,37.58315089,127.0934566
중랑구,중랑안심08,37.58315089,127.0934566
중랑구,중랑안심08,37.58315089,127.0934566
중랑구,중랑안심08,37.58315089,127.0934566
중랑구,중랑안심08,37.58317388,127.0934168
중랑구,중랑안심08,37.58320244,127.093245
중랑구,중랑안심08,37.58316772,127.0931286
중랑구,중랑안심08,37.58322002,127.092906
중랑구,중랑안심08,37.58322031,127.0924989
중랑구,중랑안심08,37.58329809,127.0923006
중랑구,중랑안심08,37.58329809,127.0923006
중랑구,중랑안심08,37.58329809,127.0923006
중랑구,중랑안심08,37.58327977,127.092278
중랑구,중랑안심08,37.58326717,127.092003
중랑구,중랑안심08,37.58331102,127.09176
중랑구,중랑안심08,37.58331102,127.09176
중랑구,중랑안심08,37.58330975,127.091517
중랑구,중랑안심08,37.58337616,127.0912084
중랑구,중랑안심08,37.58337616,127.0912084
중랑구,중랑안심08,37.58337616,127.0912084
중랑구,중랑안심08,37.58334215,127.0911157
중랑구,중랑안심08,37.58337729,127.0908181
중랑구,중랑안심08,37.58335699,127.0906335
중랑구,중랑안심08,37.58335699,127.0906335
중랑구,중랑안심08,37.58335699,127.0906335
중랑구,중랑안심08,37.583404,127.0905921
중랑구,중랑안심08,37.58340476,127.0903463
중랑구,중랑안심08,37.5834097,127.0900564
중랑구,중랑안심08,37.5834097,127.0900564
중랑구,중랑안심08,37.5834097,127.0900564
중랑구,중랑안심08,37.58348089,127.0899805
중랑구,중랑안심08,37.58347402,127.089429
중랑구,중랑안심08,37.58350959,127.0890439
중랑구,중랑안심08,37.58356802,127.088847
중랑구,중랑안심08,37.58356802,127.088847
중랑구,중랑안심08,37.58356802,127.088847
중랑구,중랑안심08,37.58356802,127.088847
중랑구,중랑안심08,37.58357318,127.088549
중랑구,중랑안심08,37.58359547,127.088523
중랑구,중랑안심08,37.58355318,127.088524
중랑구,중랑안심09,37.58910058,127.0974568
중랑구,중랑안심09,37.58907736,127.0975117
중랑구,중랑안심09,37.58907736,127.0975117
중랑구,중랑안심09,37.58907736,127.0975117
중랑구,중랑안심09,37.58905854,127.0974811
중랑구,중랑안심09,37.58887158,127.0972884
중랑구,중랑안심09,37.58846259,127.0970705
중랑구,중랑안심09,37.58846259,127.0970705
중랑구,중랑안심09,37.58846259,127.0970705
중랑구,중랑안심09,37.58831145,127.0969874
중랑구,중랑안심09,37.58831145,127.0969874
중랑구,중랑안심09,37.58796288,127.0967956
중랑구,중랑안심09,37.58771844,127.0966669
중랑구,중랑안심09,37.58771844,127.0966669
중랑구,중랑안심09,37.58771844,127.0966669
중랑구,중랑안심09,37.58771844,127.0966669
중랑구,중랑안심09,37.58758411,127.0967035
중랑구,중랑안심09,37.58745425,127.0966217
중랑구,중랑안심09,37.587265,127.096424
중랑구,중랑안심09,37.587265,127.096424
중랑구,중랑안심09,37.587022,127.096292
중랑구,중랑안심09,37.58697498,127.0963121
중랑구,중랑안심09,37.586805,127.096181
중랑구,중랑안심09,37.586628,127.096084
중랑구,중랑안심09,37.5863832,127.0959266
중랑구,중랑안심09,37.5863832,127.0959266
중랑구,중랑안심09,37.585925,127.095709
중랑구,중랑안심09,37.585824,127.095656
중랑구,중랑안심09,37.585824,127.095656
중랑구,중랑안심09,37.58543398,127.095487
중랑구,중랑안심09,37.58537986,127.0954486
중랑구,중랑안심09,37.58537986,127.0954486
중랑구,중랑안심09,37.58537986,127.0954486
중랑구,중랑안심09,37.58537986,127.0954486
중랑구,중랑안심10,37.61006786,127.0962469
중랑구,중랑안심10,37.609943,127.096393
중랑구,중랑안심10,37.60980072,127.0964673
중랑구,중랑안심10,37.60980072,127.0964673
중랑구,중랑안심10,37.60980356,127.0965033
중랑구,중랑안심10,37.60963027,127.0966381
중랑구,중랑안심10,37.60947457,127.0967704
중랑구,중랑안심10,37.609303,127.097043
중랑구,중랑안심10,37.60914057,127.0972165
중랑구,중랑안심10,37.60914057,127.0972165
중랑구,중랑안심10,37.60888884,127.0971939
중랑구,중랑안심10,37.6088677,127.0972023
중랑구,중랑안심10,37.6087417,127.0971894
중랑구,중랑안심10,37.60865499,127.0971846
중랑구,중랑안심10,37.60851514,127.0971875
중랑구,중랑안심10,37.6085139,127.0971326
중랑구,중랑안심10,37.60849099,127.0971924
중랑구,중랑안심10,37.6084937,127.0971584
중랑구,중랑안심10,37.60836899,127.0972647
중랑구,중랑안심10,37.60824858,127.0975172
중랑구,중랑안심10,37.608126,127.09776
중랑구,중랑안심10,37.60811084,127.0977655
중랑구,중랑안심10,37.60799528,127.0978156
중랑구,중랑안심10,37.60797161,127.0979629
중랑구,중랑안심10,37.60797161,127.0979629
중랑구,중랑안심12,37.58576785,127.0765423
중랑구,중랑안심12,37.58554416,127.0766734
중랑구,중랑안심12,37.585391,127.076544
중랑구,중랑안심12,37.585385,127.076597
중랑구,중랑안심12,37.58530928,127.0766738
중랑구,중랑안심12,37.58530928,127.0766738
중랑구,중랑안심12,37.58530928,127.0766738
중랑구,중랑안심12,37.58520917,127.0766399
중랑구,중랑안심12,37.58511055,127.0767861
중랑구,중랑안심12,37.584907,127.076739
중랑구,중랑안심12,37.584858,127.076793
중랑구,중랑안심12,37.58492289,127.077104
중랑구,중랑안심12,37.584843,127.077323
중랑구,중랑안심12,37.58491175,127.0773463
중랑구,중랑안심12,37.58490647,127.0774986
중랑구,중랑안심12,37.58483641,127.0775844
중랑구,중랑안심12,37.58490117,127.0778435
중랑구,중랑안심12,37.584826,127.077915
중랑구,중랑안심12,37.58490033,127.077914
중랑구,중랑안심12,37.584782,127.078236
중랑구,중랑안심12,37.584782,127.078236
중랑구,중랑안심12,37.584803,127.07824
중랑구,중랑안심12,37.58478579,127.0783387
중랑구,중랑안심12,37.58480079,127.0783486
중랑구,중랑안심12,37.58490556,127.0783399
중랑구,중랑안심12,37.58481593,127.0783529
중랑구,중랑안심12,37.58485674,127.0784335
중랑구,중랑안심12,37.58481368,127.0785822
중랑구,중랑안심12,37.58488546,127.0788899
중랑구,중랑안심12,37.58479757,127.0788995
중랑구,중랑안심12,37.58479757,127.0788995
중랑구,중랑안심12,37.58479757,127.0788995
중랑구,중랑안심12,37.58479619,127.0790127
중랑구,중랑안심12,37.58487528,127.0789873
중랑구,중랑안심12,37.58486575,127.0793619
중랑구,중랑안심12,37.584791,127.079458
중랑구,중랑안심12,37.58484991,127.0796766
중랑구,중랑안심12,37.58481607,127.079633
중랑구,중랑안심13,37.57475399,127.0814555
중랑구,중랑안심13,37.57508209,127.0815045
중랑구,중랑안심13,37.57508209,127.0815045
중랑구,중랑안심13,37.57522503,127.0813917
중랑구,중랑안심13,37.5755141,127.0814567
중랑구,중랑안심13,37.5755141,127.0814567
중랑구,중랑안심13,37.5755141,127.0814567
중랑구,중랑안심13,37.57575156,127.081407
중랑구,중랑안심13,37.57604055,127.0813785
중랑구,중랑안심13,37.57604055,127.0813785
중랑구,중랑안심13,37.576365,127.081251
중랑구,중랑안심13,37.57636656,127.0813396
중랑구,중랑안심13,37.57638968,127.0813661
중랑구,중랑안심13,37.576567,127.081232
중랑구,중랑안심13,37.57662655,127.0813151
중랑구,중랑안심13,37.57681513,127.0812905
중랑구,중랑안심13,37.57681513,127.0812905
중랑구,중랑안심13,37.57681513,127.0812905
중랑구,중랑안심13,37.57705456,127.0812531
중랑구,중랑안심13,37.57732798,127.0812178
중랑구,중랑안심14,37.57918335,127.0829559
중랑구,중랑안심14,37.57901121,127.0827763
중랑구,중랑안심14,37.57871934,127.0824669
중랑구,중랑안심14,37.57863621,127.0825774
중랑구,중랑안심14,37.5784939,127.0824425
중랑구,중랑안심14,37.57850305,127.0822338
중랑구,중랑안심14,37.57825335,127.0821578
중랑구,중랑안심14,37.57835925,127.0820231
중랑구,중랑안심14,37.57819194,127.0818265
중랑구,중랑안심14,37.57799233,127.0818417
중랑구,중랑안심14,37.5779331,127.0815104
중랑구,중랑안심14,37.57784567,127.0813922
중랑구,중랑안심14,37.57770837,127.0811884
중랑구,중랑안심14,37.5775205,127.081188
중랑구,중랑안심14,37.57819194,127.0818265
중랑구,중랑안심14,37.5775205,127.081188
중랑구,중랑안심14,37.57819194,127.0818265
중랑구,중랑안심14,37.5775205,127.081188
중랑구,중랑안심14,37.57913055,127.0830285
중랑구,중랑안심14,37.5784939,127.0824425
중랑구,중랑안심14,37.57835925,127.0820231
중랑구,중랑안심14,37.57819194,127.0818265
중랑구,중랑안심14,37.57799233,127.0818417
중랑구,중랑안심14,37.57770837,127.0811884
중랑구,중랑안심14,37.5775205,127.081188
중랑구,중랑안심16,37.60139356,127.0760889
중랑구,중랑안심16,37.601328,127.076057
중랑구,중랑안심16,37.601189,127.076086
중랑구,중랑안심16,37.60104127,127.0761865
중랑구,중랑안심16,37.600974,127.07612
중랑구,중랑안심16,37.60086356,127.0761781
중랑구,중랑안심16,37.60079344,127.076149
중랑구,중랑안심16,37.600751,127.07615
중랑구,중랑안심16,37.600579,127.076181
중랑구,중랑안심16,37.60021987,127.0763018
중랑구,중랑안심16,37.60013321,127.0763177
중랑구,중랑안심16,37.60012524,127.0762954
중랑구,중랑안심16,37.600173,127.076255
중랑구,중랑안심16,37.600173,127.076255
중랑구,중랑안심16,37.599982,127.076659
중랑구,중랑안심16,37.59993814,127.0768324
중랑구,중랑안심16,37.599782,127.077082
중랑구,중랑안심16,37.599634,127.077373
중랑구,중랑안심16,37.59951588,127.0777524
중랑구,중랑안심16,37.59932909,127.0780592
중랑구,중랑안심16,37.60134055,127.0761254
중랑구,중랑안심16,37.60119573,127.0760728
중랑구,중랑안심16,37.60037328,127.0762906
중랑구,중랑안심16,37.59967285,127.0773263
중랑구,중랑안심19,37.60958256,127.0782062
중랑구,중랑안심19,37.60966387,127.078298
중랑구,중랑안심19,37.60966387,127.078298
중랑구,중랑안심19,37.60980058,127.0785803
중랑구,중랑안심19,37.60980058,127.0785803
중랑구,중랑안심19,37.60980058,127.0785803
중랑구,중랑안심19,37.60996143,127.0790075
중랑구,중랑안심19,37.610156,127.07928
중랑구,중랑안심19,37.61023302,127.0793385
중랑구,중랑안심19,37.61023302,127.0793385
중랑구,중랑안심19,37.61023302,127.0793385
중랑구,중랑안심19,37.61023302,127.0793385
중랑구,중랑안심19,37.61029089,127.0795551
중랑구,중랑안심19,37.61026201,127.0797812
중랑구,중랑안심19,37.610323,127.080187
중랑구,중랑안심19,37.610309,127.080219
중랑구,중랑안심19,37.610309,127.080219
중랑구,중랑안심21,37.603021,127.085833
중랑구,중랑안심21,37.603371,127.085794
중랑구,중랑안심21,37.60347899,127.0857646
중랑구,중랑안심21,37.603527,127.085777
중랑구,중랑안심21,37.60355154,127.0857841
중랑구,중랑안심21,37.60355154,127.0857841
중랑구,중랑안심21,37.60363013,127.0857056
중랑구,중랑안심21,37.60363013,127.0857056
중랑구,중랑안심21,37.60363013,127.0857056
중랑구,중랑안심21,37.60368274,127.0856906
중랑구,중랑안심21,37.603588,127.085502
중랑구,중랑안심21,37.603588,127.085502
중랑구,중랑안심21,37.60343694,127.085318
중랑구,중랑안심21,37.60343694,127.085318
중랑구,중랑안심21,37.60350674,127.0852344
중랑구,중랑안심21,37.60343694,127.085318
중랑구,중랑안심21,37.602902,127.086133
중랑구,중랑안심21,37.60317,127.08614
중랑구,중랑안심21,37.60317,127.08614
중랑구,중랑안심21,37.60323557,127.0861175
중랑구,중랑안심21,37.603553,127.086082
중랑구,중랑안심21,37.603592,127.085977
중랑구,중랑안심21,37.602823,127.085858
중랑구,중랑안심21,37.602808,127.085859
중랑구,중랑안심21,37.60360247,127.0848146
중랑구,중랑안심21,37.603368,127.086118
중랑구,중랑안심21,37.60300799,127.0857995
중랑구,중랑안심21,37.60331,127.085753
중랑구,중랑안심21,37.60352,127.085776
중랑구,중랑안심21,37.60354454,127.0857941
중랑구,중랑안심21,37.60363113,127.0857116
중랑구,중랑안심21,37.6035989,127.0855096
중랑구,중랑안심21,37.60352061,127.0853409
중랑구,중랑안심21,37.60343694,127.085318
중랑구,중랑안심21,37.603476,127.086097
중랑구,중랑안심21,37.603174,127.086099
중랑구,중랑안심21,37.602906,127.086128
